[
  {
    "name": "dev-devops-platform-0",
    "commits": 32,
    "issues_active": 5,
    "response_speed": 71
  },
  {
    "name": "dev-devops-platform-1",
    "commits": 25,
    "issues_active": 19,
    "response_speed": 71
  },
  {
    "name": "dev-devops-platform-2",
    "commits": 46,
    "issues_active": 2,
    "response_speed": 20
  },
  {
    "name": "dev-devops-platform-3",
    "commits": 37,
    "issues_active": 13,
    "response_speed": 9
  },
  {
    "name": "dev-devops-platform-4",
    "commits": 24,
    "issues_active": 16,
    "response_speed": 39
  },
  {
    "name": "dev-devops-platform-5",
    "commits": 29,
    "issues_active": 3,
    "response_speed": 64
  },
  {
    "name": "dev-devops-platform-6",
    "commits": 24,
    "issues_active": 19,
    "response_speed": 46
  },
  {
    "name": "dev-devops-platform-7",
    "commits": 23,
    "issues_active": 19,
    "response_speed": 11
  },
  {
    "name": "dev-devops-platform-8",
    "commits": 29,
    "issues_active": 12,
    "response_speed": 23
  },
  {
    "name": "dev-devops-platform-9",
    "commits": 4,
    "issues_active": 19,
    "response_speed": 56
  },
  {
    "name": "dev-devops-platform-10",
    "commits": 35,
    "issues_active": 19,
    "response_speed": 44
  },
  {
    "name": "dev-devops-platform-11",
    "commits": 15,
    "issues_active": 11,
    "response_speed": 39
  }
]