[
  {
    "name": "dev-blockchain-core-0",
    "commits": 49,
    "issues_active": 15,
    "response_speed": 15
  },
  {
    "name": "dev-blockchain-core-1",
    "commits": 27,
    "issues_active": 8,
    "response_speed": 13
  },
  {
    "name": "dev-blockchain-core-2",
    "commits": 17,
    "issues_active": 7,
    "response_speed": 59
  },
  {
    "name": "dev-blockchain-core-3",
    "commits": 28,
    "issues_active": 20,
    "response_speed": 47
  },
  {
    "name": "dev-blockchain-core-4",
    "commits": 10,
    "issues_active": 12,
    "response_speed": 38
  },
  {
    "name": "dev-blockchain-core-5",
    "commits": 15,
    "issues_active": 4,
    "response_speed": 68
  },
  {
    "name": "dev-blockchain-core-6",
    "commits": 7,
    "issues_active": 9,
    "response_speed": 38
  },
  {
    "name": "dev-blockchain-core-7",
    "commits": 4,
    "issues_active": 15,
    "response_speed": 8
  },
  {
    "name": "dev-blockchain-core-8",
    "commits": 31,
    "issues_active": 11,
    "response_speed": 13
  },
  {
    "name": "dev-blockchain-core-9",
    "commits": 4,
    "issues_active": 12,
    "response_speed": 28
  },
  {
    "name": "dev-blockchain-core-10",
    "commits": 18,
    "issues_active": 3,
    "response_speed": 9
  },
  {
    "name": "dev-blockchain-core-11",
    "commits": 24,
    "issues_active": 8,
    "response_speed": 32
  },
  {
    "name": "dev-blockchain-core-12",
    "commits": 5,
    "issues_active": 17,
    "response_speed": 39
  },
  {
    "name": "dev-blockchain-core-13",
    "commits": 45,
    "issues_active": 15,
    "response_speed": 39
  },
  {
    "name": "dev-blockchain-core-14",
    "commits": 5,
    "issues_active": 15,
    "response_speed": 33
  },
  {
    "name": "dev-blockchain-core-15",
    "commits": 8,
    "issues_active": 18,
    "response_speed": 54
  },
  {
    "name": "dev-blockchain-core-16",
    "commits": 43,
    "issues_active": 18,
    "response_speed": 41
  },
  {
    "name": "dev-blockchain-core-17",
    "commits": 28,
    "issues_active": 19,
    "response_speed": 12
  },
  {
    "name": "dev-blockchain-core-18",
    "commits": 34,
    "issues_active": 0,
    "response_speed": 54
  },
  {
    "name": "dev-blockchain-core-19",
    "commits": 38,
    "issues_active": 7,
    "response_speed": 11
  },
  {
    "name": "dev-blockchain-core-20",
    "commits": 47,
    "issues_active": 4,
    "response_speed": 54
  },
  {
    "name": "dev-blockchain-core-21",
    "commits": 44,
    "issues_active": 11,
    "response_speed": 61
  },
  {
    "name": "dev-blockchain-core-22",
    "commits": 23,
    "issues_active": 12,
    "response_speed": 12
  },
  {
    "name": "dev-blockchain-core-23",
    "commits": 50,
    "issues_active": 10,
    "response_speed": 67
  },
  {
    "name": "dev-blockchain-core-24",
    "commits": 17,
    "issues_active": 8,
    "response_speed": 31
  },
  {
    "name": "dev-blockchain-core-25",
    "commits": 13,
    "issues_active": 1,
    "response_speed": 1
  },
  {
    "name": "dev-blockchain-core-26",
    "commits": 14,
    "issues_active": 16,
    "response_speed": 51
  },
  {
    "name": "dev-blockchain-core-27",
    "commits": 22,
    "issues_active": 16,
    "response_speed": 36
  },
  {
    "name": "dev-blockchain-core-28",
    "commits": 13,
    "issues_active": 3,
    "response_speed": 34
  },
  {
    "name": "dev-blockchain-core-29",
    "commits": 44,
    "issues_active": 10,
    "response_speed": 18
  },
  {
    "name": "dev-blockchain-core-30",
    "commits": 42,
    "issues_active": 18,
    "response_speed": 56
  },
  {
    "name": "dev-blockchain-core-31",
    "commits": 32,
    "issues_active": 6,
    "response_speed": 56
  },
  {
    "name": "dev-blockchain-core-32",
    "commits": 48,
    "issues_active": 2,
    "response_speed": 27
  },
  {
    "name": "dev-blockchain-core-33",
    "commits": 2,
    "issues_active": 10,
    "response_speed": 49
  },
  {
    "name": "dev-blockchain-core-34",
    "commits": 20,
    "issues_active": 19,
    "response_speed": 28
  },
  {
    "name": "dev-blockchain-core-35",
    "commits": 24,
    "issues_active": 16,
    "response_speed": 16
  },
  {
    "name": "dev-blockchain-core-36",
    "commits": 47,
    "issues_active": 6,
    "response_speed": 71
  },
  {
    "name": "dev-blockchain-core-37",
    "commits": 18,
    "issues_active": 15,
    "response_speed": 57
  },
  {
    "name": "dev-blockchain-core-38",
    "commits": 29,
    "issues_active": 5,
    "response_speed": 31
  }
]