[
  {
    "name": "dev-iot-edge-0",
    "commits": 21,
    "issues_active": 3,
    "response_speed": 38
  },
  {
    "name": "dev-iot-edge-1",
    "commits": 26,
    "issues_active": 11,
    "response_speed": 6
  },
  {
    "name": "dev-iot-edge-2",
    "commits": 13,
    "issues_active": 20,
    "response_speed": 58
  },
  {
    "name": "dev-iot-edge-3",
    "commits": 23,
    "issues_active": 0,
    "response_speed": 52
  },
  {
    "name": "dev-iot-edge-4",
    "commits": 23,
    "issues_active": 10,
    "response_speed": 70
  },
  {
    "name": "dev-iot-edge-5",
    "commits": 46,
    "issues_active": 12,
    "response_speed": 17
  },
  {
    "name": "dev-iot-edge-6",
    "commits": 28,
    "issues_active": 9,
    "response_speed": 10
  },
  {
    "name": "dev-iot-edge-7",
    "commits": 50,
    "issues_active": 16,
    "response_speed": 55
  },
  {
    "name": "dev-iot-edge-8",
    "commits": 5,
    "issues_active": 12,
    "response_speed": 30
  },
  {
    "name": "dev-iot-edge-9",
    "commits": 9,
    "issues_active": 12,
    "response_speed": 15
  },
  {
    "name": "dev-iot-edge-10",
    "commits": 26,
    "issues_active": 13,
    "response_speed": 6
  },
  {
    "name": "dev-iot-edge-11",
    "commits": 1,
    "issues_active": 3,
    "response_speed": 23
  },
  {
    "name": "dev-iot-edge-12",
    "commits": 28,
    "issues_active": 16,
    "response_speed": 29
  },
  {
    "name": "dev-iot-edge-13",
    "commits": 1,
    "issues_active": 10,
    "response_speed": 53
  }
]