[
  {
    "name": "dev-iot-edge-0",
    "commits": 744,
    "issues_active": 2,
    "response_speed": 29
  },
  {
    "name": "dev-iot-edge-1",
    "commits": 702,
    "issues_active": 9,
    "response_speed": 37
  },
  {
    "name": "dev-iot-edge-2",
    "commits": 14,
    "issues_active": 1,
    "response_speed": 69
  },
  {
    "name": "dev-iot-edge-3",
    "commits": 45,
    "issues_active": 0,
    "response_speed": 66
  },
  {
    "name": "dev-iot-edge-4",
    "commits": 15,
    "issues_active": 5,
    "response_speed": 23
  },
  {
    "name": "dev-iot-edge-5",
    "commits": 4,
    "issues_active": 3,
    "response_speed": 1
  },
  {
    "name": "dev-iot-edge-6",
    "commits": 2,
    "issues_active": 1,
    "response_speed": 50
  },
  {
    "name": "dev-iot-edge-7",
    "commits": 24,
    "issues_active": 4,
    "response_speed": 41
  },
  {
    "name": "dev-iot-edge-8",
    "commits": 17,
    "issues_active": 1,
    "response_speed": 55
  },
  {
    "name": "dev-iot-edge-9",
    "commits": 2,
    "issues_active": 19,
    "response_speed": 23
  },
  {
    "name": "dev-iot-edge-10",
    "commits": 48,
    "issues_active": 14,
    "response_speed": 58
  },
  {
    "name": "dev-iot-edge-11",
    "commits": 35,
    "issues_active": 6,
    "response_speed": 65
  },
  {
    "name": "dev-iot-edge-12",
    "commits": 47,
    "issues_active": 20,
    "response_speed": 31
  },
  {
    "name": "dev-iot-edge-13",
    "commits": 39,
    "issues_active": 0,
    "response_speed": 53
  },
  {
    "name": "dev-iot-edge-14",
    "commits": 27,
    "issues_active": 12,
    "response_speed": 43
  },
  {
    "name": "dev-iot-edge-15",
    "commits": 39,
    "issues_active": 18,
    "response_speed": 55
  },
  {
    "name": "dev-iot-edge-16",
    "commits": 10,
    "issues_active": 15,
    "response_speed": 48
  },
  {
    "name": "dev-iot-edge-17",
    "commits": 48,
    "issues_active": 20,
    "response_speed": 7
  },
  {
    "name": "dev-iot-edge-18",
    "commits": 6,
    "issues_active": 15,
    "response_speed": 55
  },
  {
    "name": "dev-iot-edge-19",
    "commits": 49,
    "issues_active": 19,
    "response_speed": 25
  },
  {
    "name": "dev-iot-edge-20",
    "commits": 24,
    "issues_active": 1,
    "response_speed": 60
  },
  {
    "name": "dev-iot-edge-21",
    "commits": 2,
    "issues_active": 9,
    "response_speed": 46
  },
  {
    "name": "dev-iot-edge-22",
    "commits": 40,
    "issues_active": 1,
    "response_speed": 2
  },
  {
    "name": "dev-iot-edge-23",
    "commits": 3,
    "issues_active": 14,
    "response_speed": 16
  },
  {
    "name": "dev-iot-edge-24",
    "commits": 22,
    "issues_active": 13,
    "response_speed": 69
  },
  {
    "name": "dev-iot-edge-25",
    "commits": 12,
    "issues_active": 3,
    "response_speed": 38
  },
  {
    "name": "dev-iot-edge-26",
    "commits": 11,
    "issues_active": 19,
    "response_speed": 62
  },
  {
    "name": "dev-iot-edge-27",
    "commits": 1,
    "issues_active": 7,
    "response_speed": 15
  },
  {
    "name": "dev-iot-edge-28",
    "commits": 41,
    "issues_active": 0,
    "response_speed": 60
  },
  {
    "name": "dev-iot-edge-29",
    "commits": 26,
    "issues_active": 20,
    "response_speed": 56
  },
  {
    "name": "dev-iot-edge-30",
    "commits": 48,
    "issues_active": 15,
    "response_speed": 54
  },
  {
    "name": "dev-iot-edge-31",
    "commits": 38,
    "issues_active": 6,
    "response_speed": 65
  },
  {
    "name": "dev-iot-edge-32",
    "commits": 32,
    "issues_active": 13,
    "response_speed": 16
  },
  {
    "name": "dev-iot-edge-33",
    "commits": 4,
    "issues_active": 8,
    "response_speed": 9
  },
  {
    "name": "dev-iot-edge-34",
    "commits": 9,
    "issues_active": 16,
    "response_speed": 64
  },
  {
    "name": "dev-iot-edge-35",
    "commits": 32,
    "issues_active": 2,
    "response_speed": 72
  },
  {
    "name": "dev-iot-edge-36",
    "commits": 23,
    "issues_active": 6,
    "response_speed": 36
  },
  {
    "name": "dev-iot-edge-37",
    "commits": 15,
    "issues_active": 2,
    "response_speed": 28
  },
  {
    "name": "dev-iot-edge-38",
    "commits": 12,
    "issues_active": 13,
    "response_speed": 39
  },
  {
    "name": "dev-iot-edge-39",
    "commits": 36,
    "issues_active": 12,
    "response_speed": 24
  },
  {
    "name": "dev-iot-edge-40",
    "commits": 9,
    "issues_active": 20,
    "response_speed": 70
  },
  {
    "name": "dev-iot-edge-41",
    "commits": 19,
    "issues_active": 15,
    "response_speed": 11
  },
  {
    "name": "dev-iot-edge-42",
    "commits": 8,
    "issues_active": 15,
    "response_speed": 66
  },
  {
    "name": "dev-iot-edge-43",
    "commits": 8,
    "issues_active": 20,
    "response_speed": 21
  },
  {
    "name": "dev-iot-edge-44",
    "commits": 39,
    "issues_active": 3,
    "response_speed": 46
  },
  {
    "name": "dev-iot-edge-45",
    "commits": 49,
    "issues_active": 13,
    "response_speed": 47
  },
  {
    "name": "dev-iot-edge-46",
    "commits": 43,
    "issues_active": 10,
    "response_speed": 10
  }
]