[
  {
    "name": "dev-ai-labs-0",
    "commits": 10,
    "issues_active": 17,
    "response_speed": 28
  },
  {
    "name": "dev-ai-labs-1",
    "commits": 31,
    "issues_active": 13,
    "response_speed": 26
  },
  {
    "name": "dev-ai-labs-2",
    "commits": 20,
    "issues_active": 11,
    "response_speed": 53
  },
  {
    "name": "dev-ai-labs-3",
    "commits": 27,
    "issues_active": 4,
    "response_speed": 58
  },
  {
    "name": "dev-ai-labs-4",
    "commits": 38,
    "issues_active": 16,
    "response_speed": 35
  },
  {
    "name": "dev-ai-labs-5",
    "commits": 1,
    "issues_active": 16,
    "response_speed": 33
  },
  {
    "name": "dev-ai-labs-6",
    "commits": 40,
    "issues_active": 12,
    "response_speed": 6
  },
  {
    "name": "dev-ai-labs-7",
    "commits": 38,
    "issues_active": 10,
    "response_speed": 65
  },
  {
    "name": "dev-ai-labs-8",
    "commits": 30,
    "issues_active": 20,
    "response_speed": 23
  },
  {
    "name": "dev-ai-labs-9",
    "commits": 2,
    "issues_active": 5,
    "response_speed": 58
  },
  {
    "name": "dev-ai-labs-10",
    "commits": 6,
    "issues_active": 20,
    "response_speed": 16
  },
  {
    "name": "dev-ai-labs-11",
    "commits": 18,
    "issues_active": 19,
    "response_speed": 48
  },
  {
    "name": "dev-ai-labs-12",
    "commits": 45,
    "issues_active": 17,
    "response_speed": 58
  },
  {
    "name": "dev-ai-labs-13",
    "commits": 2,
    "issues_active": 12,
    "response_speed": 68
  },
  {
    "name": "dev-ai-labs-14",
    "commits": 41,
    "issues_active": 7,
    "response_speed": 41
  },
  {
    "name": "dev-ai-labs-15",
    "commits": 44,
    "issues_active": 20,
    "response_speed": 10
  },
  {
    "name": "dev-ai-labs-16",
    "commits": 19,
    "issues_active": 4,
    "response_speed": 5
  },
  {
    "name": "dev-ai-labs-17",
    "commits": 25,
    "issues_active": 1,
    "response_speed": 35
  },
  {
    "name": "dev-ai-labs-18",
    "commits": 50,
    "issues_active": 18,
    "response_speed": 2
  },
  {
    "name": "dev-ai-labs-19",
    "commits": 18,
    "issues_active": 9,
    "response_speed": 65
  },
  {
    "name": "dev-ai-labs-20",
    "commits": 44,
    "issues_active": 14,
    "response_speed": 71
  },
  {
    "name": "dev-ai-labs-21",
    "commits": 44,
    "issues_active": 11,
    "response_speed": 36
  },
  {
    "name": "dev-ai-labs-22",
    "commits": 32,
    "issues_active": 4,
    "response_speed": 36
  },
  {
    "name": "dev-ai-labs-23",
    "commits": 46,
    "issues_active": 13,
    "response_speed": 68
  },
  {
    "name": "dev-ai-labs-24",
    "commits": 9,
    "issues_active": 3,
    "response_speed": 20
  },
  {
    "name": "dev-ai-labs-25",
    "commits": 50,
    "issues_active": 7,
    "response_speed": 60
  },
  {
    "name": "dev-ai-labs-26",
    "commits": 2,
    "issues_active": 16,
    "response_speed": 31
  },
  {
    "name": "dev-ai-labs-27",
    "commits": 47,
    "issues_active": 6,
    "response_speed": 53
  },
  {
    "name": "dev-ai-labs-28",
    "commits": 2,
    "issues_active": 0,
    "response_speed": 13
  },
  {
    "name": "dev-ai-labs-29",
    "commits": 33,
    "issues_active": 18,
    "response_speed": 63
  },
  {
    "name": "dev-ai-labs-30",
    "commits": 42,
    "issues_active": 1,
    "response_speed": 60
  },
  {
    "name": "dev-ai-labs-31",
    "commits": 14,
    "issues_active": 10,
    "response_speed": 34
  },
  {
    "name": "dev-ai-labs-32",
    "commits": 23,
    "issues_active": 3,
    "response_speed": 36
  },
  {
    "name": "dev-ai-labs-33",
    "commits": 12,
    "issues_active": 14,
    "response_speed": 54
  },
  {
    "name": "dev-ai-labs-34",
    "commits": 47,
    "issues_active": 16,
    "response_speed": 20
  },
  {
    "name": "dev-ai-labs-35",
    "commits": 6,
    "issues_active": 13,
    "response_speed": 27
  },
  {
    "name": "dev-ai-labs-36",
    "commits": 45,
    "issues_active": 12,
    "response_speed": 41
  },
  {
    "name": "dev-ai-labs-37",
    "commits": 50,
    "issues_active": 9,
    "response_speed": 56
  },
  {
    "name": "dev-ai-labs-38",
    "commits": 12,
    "issues_active": 7,
    "response_speed": 46
  },
  {
    "name": "dev-ai-labs-39",
    "commits": 16,
    "issues_active": 20,
    "response_speed": 48
  },
  {
    "name": "dev-ai-labs-40",
    "commits": 21,
    "issues_active": 13,
    "response_speed": 16
  },
  {
    "name": "dev-ai-labs-41",
    "commits": 50,
    "issues_active": 2,
    "response_speed": 43
  },
  {
    "name": "dev-ai-labs-42",
    "commits": 45,
    "issues_active": 20,
    "response_speed": 18
  },
  {
    "name": "dev-ai-labs-43",
    "commits": 20,
    "issues_active": 2,
    "response_speed": 54
  },
  {
    "name": "dev-ai-labs-44",
    "commits": 26,
    "issues_active": 4,
    "response_speed": 9
  },
  {
    "name": "dev-ai-labs-45",
    "commits": 1,
    "issues_active": 13,
    "response_speed": 36
  },
  {
    "name": "dev-ai-labs-46",
    "commits": 24,
    "issues_active": 8,
    "response_speed": 50
  },
  {
    "name": "dev-ai-labs-47",
    "commits": 41,
    "issues_active": 13,
    "response_speed": 20
  },
  {
    "name": "dev-ai-labs-48",
    "commits": 43,
    "issues_active": 17,
    "response_speed": 5
  },
  {
    "name": "dev-ai-labs-49",
    "commits": 27,
    "issues_active": 11,
    "response_speed": 16
  }
]