[
  {
    "name": "dev-ai-labs-0",
    "commits": 868,
    "issues_active": 15,
    "response_speed": 68
  },
  {
    "name": "dev-ai-labs-1",
    "commits": 566,
    "issues_active": 4,
    "response_speed": 21
  },
  {
    "name": "dev-ai-labs-2",
    "commits": 31,
    "issues_active": 13,
    "response_speed": 12
  },
  {
    "name": "dev-ai-labs-3",
    "commits": 24,
    "issues_active": 7,
    "response_speed": 30
  },
  {
    "name": "dev-ai-labs-4",
    "commits": 50,
    "issues_active": 19,
    "response_speed": 60
  },
  {
    "name": "dev-ai-labs-5",
    "commits": 13,
    "issues_active": 15,
    "response_speed": 69
  },
  {
    "name": "dev-ai-labs-6",
    "commits": 24,
    "issues_active": 6,
    "response_speed": 57
  },
  {
    "name": "dev-ai-labs-7",
    "commits": 4,
    "issues_active": 2,
    "response_speed": 25
  },
  {
    "name": "dev-ai-labs-8",
    "commits": 27,
    "issues_active": 0,
    "response_speed": 9
  },
  {
    "name": "dev-ai-labs-9",
    "commits": 39,
    "issues_active": 9,
    "response_speed": 46
  },
  {
    "name": "dev-ai-labs-10",
    "commits": 45,
    "issues_active": 7,
    "response_speed": 72
  },
  {
    "name": "dev-ai-labs-11",
    "commits": 25,
    "issues_active": 6,
    "response_speed": 67
  },
  {
    "name": "dev-ai-labs-12",
    "commits": 5,
    "issues_active": 19,
    "response_speed": 50
  },
  {
    "name": "dev-ai-labs-13",
    "commits": 50,
    "issues_active": 10,
    "response_speed": 72
  },
  {
    "name": "dev-ai-labs-14",
    "commits": 7,
    "issues_active": 2,
    "response_speed": 16
  },
  {
    "name": "dev-ai-labs-15",
    "commits": 45,
    "issues_active": 10,
    "response_speed": 29
  },
  {
    "name": "dev-ai-labs-16",
    "commits": 17,
    "issues_active": 11,
    "response_speed": 38
  },
  {
    "name": "dev-ai-labs-17",
    "commits": 49,
    "issues_active": 1,
    "response_speed": 4
  },
  {
    "name": "dev-ai-labs-18",
    "commits": 35,
    "issues_active": 5,
    "response_speed": 63
  },
  {
    "name": "dev-ai-labs-19",
    "commits": 35,
    "issues_active": 4,
    "response_speed": 27
  },
  {
    "name": "dev-ai-labs-20",
    "commits": 3,
    "issues_active": 15,
    "response_speed": 69
  },
  {
    "name": "dev-ai-labs-21",
    "commits": 28,
    "issues_active": 11,
    "response_speed": 45
  },
  {
    "name": "dev-ai-labs-22",
    "commits": 22,
    "issues_active": 13,
    "response_speed": 68
  },
  {
    "name": "dev-ai-labs-23",
    "commits": 5,
    "issues_active": 5,
    "response_speed": 59
  },
  {
    "name": "dev-ai-labs-24",
    "commits": 20,
    "issues_active": 1,
    "response_speed": 56
  },
  {
    "name": "dev-ai-labs-25",
    "commits": 31,
    "issues_active": 9,
    "response_speed": 46
  },
  {
    "name": "dev-ai-labs-26",
    "commits": 10,
    "issues_active": 10,
    "response_speed": 65
  },
  {
    "name": "dev-ai-labs-27",
    "commits": 6,
    "issues_active": 1,
    "response_speed": 9
  },
  {
    "name": "dev-ai-labs-28",
    "commits": 23,
    "issues_active": 3,
    "response_speed": 66
  },
  {
    "name": "dev-ai-labs-29",
    "commits": 28,
    "issues_active": 2,
    "response_speed": 72
  }
]