[
  {
    "name": "dev-mobile-tooling-0",
    "commits": 849,
    "issues_active": 12,
    "response_speed": 62
  },
  {
    "name": "dev-mobile-tooling-1",
    "commits": 774,
    "issues_active": 18,
    "response_speed": 46
  },
  {
    "name": "dev-mobile-tooling-2",
    "commits": 41,
    "issues_active": 7,
    "response_speed": 26
  },
  {
    "name": "dev-mobile-tooling-3",
    "commits": 23,
    "issues_active": 3,
    "response_speed": 40
  },
  {
    "name": "dev-mobile-tooling-4",
    "commits": 29,
    "issues_active": 1,
    "response_speed": 72
  },
  {
    "name": "dev-mobile-tooling-5",
    "commits": 47,
    "issues_active": 4,
    "response_speed": 12
  },
  {
    "name": "dev-mobile-tooling-6",
    "commits": 41,
    "issues_active": 2,
    "response_speed": 38
  },
  {
    "name": "dev-mobile-tooling-7",
    "commits": 13,
    "issues_active": 20,
    "response_speed": 11
  },
  {
    "name": "dev-mobile-tooling-8",
    "commits": 23,
    "issues_active": 16,
    "response_speed": 58
  },
  {
    "name": "dev-mobile-tooling-9",
    "commits": 32,
    "issues_active": 6,
    "response_speed": 47
  },
  {
    "name": "dev-mobile-tooling-10",
    "commits": 31,
    "issues_active": 17,
    "response_speed": 48
  },
  {
    "name": "dev-mobile-tooling-11",
    "commits": 19,
    "issues_active": 2,
    "response_speed": 54
  },
  {
    "name": "dev-mobile-tooling-12",
    "commits": 49,
    "issues_active": 1,
    "response_speed": 62
  },
  {
    "name": "dev-mobile-tooling-13",
    "commits": 35,
    "issues_active": 4,
    "response_speed": 1
  },
  {
    "name": "dev-mobile-tooling-14",
    "commits": 21,
    "issues_active": 12,
    "response_speed": 19
  },
  {
    "name": "dev-mobile-tooling-15",
    "commits": 18,
    "issues_active": 6,
    "response_speed": 23
  },
  {
    "name": "dev-mobile-tooling-16",
    "commits": 37,
    "issues_active": 1,
    "response_speed": 5
  },
  {
    "name": "dev-mobile-tooling-17",
    "commits": 22,
    "issues_active": 12,
    "response_speed": 15
  },
  {
    "name": "dev-mobile-tooling-18",
    "commits": 39,
    "issues_active": 6,
    "response_speed": 44
  },
  {
    "name": "dev-mobile-tooling-19",
    "commits": 22,
    "issues_active": 0,
    "response_speed": 44
  },
  {
    "name": "dev-mobile-tooling-20",
    "commits": 42,
    "issues_active": 5,
    "response_speed": 23
  },
  {
    "name": "dev-mobile-tooling-21",
    "commits": 33,
    "issues_active": 13,
    "response_speed": 44
  },
  {
    "name": "dev-mobile-tooling-22",
    "commits": 38,
    "issues_active": 9,
    "response_speed": 69
  },
  {
    "name": "dev-mobile-tooling-23",
    "commits": 15,
    "issues_active": 14,
    "response_speed": 38
  },
  {
    "name": "dev-mobile-tooling-24",
    "commits": 7,
    "issues_active": 2,
    "response_speed": 21
  },
  {
    "name": "dev-mobile-tooling-25",
    "commits": 3,
    "issues_active": 17,
    "response_speed": 26
  },
  {
    "name": "dev-mobile-tooling-26",
    "commits": 17,
    "issues_active": 9,
    "response_speed": 63
  },
  {
    "name": "dev-mobile-tooling-27",
    "commits": 24,
    "issues_active": 19,
    "response_speed": 44
  },
  {
    "name": "dev-mobile-tooling-28",
    "commits": 8,
    "issues_active": 13,
    "response_speed": 61
  },
  {
    "name": "dev-mobile-tooling-29",
    "commits": 1,
    "issues_active": 4,
    "response_speed": 5
  },
  {
    "name": "dev-mobile-tooling-30",
    "commits": 38,
    "issues_active": 19,
    "response_speed": 5
  },
  {
    "name": "dev-mobile-tooling-31",
    "commits": 36,
    "issues_active": 3,
    "response_speed": 55
  },
  {
    "name": "dev-mobile-tooling-32",
    "commits": 32,
    "issues_active": 7,
    "response_speed": 12
  },
  {
    "name": "dev-mobile-tooling-33",
    "commits": 30,
    "issues_active": 5,
    "response_speed": 6
  },
  {
    "name": "dev-mobile-tooling-34",
    "commits": 42,
    "issues_active": 17,
    "response_speed": 13
  },
  {
    "name": "dev-mobile-tooling-35",
    "commits": 47,
    "issues_active": 4,
    "response_speed": 57
  },
  {
    "name": "dev-mobile-tooling-36",
    "commits": 25,
    "issues_active": 13,
    "response_speed": 67
  },
  {
    "name": "dev-mobile-tooling-37",
    "commits": 1,
    "issues_active": 15,
    "response_speed": 37
  },
  {
    "name": "dev-mobile-tooling-38",
    "commits": 36,
    "issues_active": 8,
    "response_speed": 11
  },
  {
    "name": "dev-mobile-tooling-39",
    "commits": 16,
    "issues_active": 13,
    "response_speed": 12
  }
]