[
  {
    "name": "dev-devops-platform-0",
    "commits": 3,
    "issues_active": 3,
    "response_speed": 68
  },
  {
    "name": "dev-devops-platform-1",
    "commits": 28,
    "issues_active": 19,
    "response_speed": 27
  },
  {
    "name": "dev-devops-platform-2",
    "commits": 2,
    "issues_active": 15,
    "response_speed": 71
  },
  {
    "name": "dev-devops-platform-3",
    "commits": 20,
    "issues_active": 0,
    "response_speed": 68
  },
  {
    "name": "dev-devops-platform-4",
    "commits": 4,
    "issues_active": 10,
    "response_speed": 63
  },
  {
    "name": "dev-devops-platform-5",
    "commits": 1,
    "issues_active": 20,
    "response_speed": 52
  },
  {
    "name": "dev-devops-platform-6",
    "commits": 15,
    "issues_active": 13,
    "response_speed": 62
  },
  {
    "name": "dev-devops-platform-7",
    "commits": 26,
    "issues_active": 10,
    "response_speed": 1
  },
  {
    "name": "dev-devops-platform-8",
    "commits": 42,
    "issues_active": 10,
    "response_speed": 3
  },
  {
    "name": "dev-devops-platform-9",
    "commits": 31,
    "issues_active": 18,
    "response_speed": 67
  },
  {
    "name": "dev-devops-platform-10",
    "commits": 50,
    "issues_active": 8,
    "response_speed": 1
  },
  {
    "name": "dev-devops-platform-11",
    "commits": 5,
    "issues_active": 13,
    "response_speed": 48
  }
]