[
  {
    "name": "dev-mobile-tooling-0",
    "commits": 5,
    "issues_active": 16,
    "response_speed": 54
  },
  {
    "name": "dev-mobile-tooling-1",
    "commits": 50,
    "issues_active": 17,
    "response_speed": 56
  },
  {
    "name": "dev-mobile-tooling-2",
    "commits": 39,
    "issues_active": 20,
    "response_speed": 30
  },
  {
    "name": "dev-mobile-tooling-3",
    "commits": 47,
    "issues_active": 12,
    "response_speed": 16
  },
  {
    "name": "dev-mobile-tooling-4",
    "commits": 50,
    "issues_active": 8,
    "response_speed": 7
  },
  {
    "name": "dev-mobile-tooling-5",
    "commits": 22,
    "issues_active": 4,
    "response_speed": 5
  },
  {
    "name": "dev-mobile-tooling-6",
    "commits": 15,
    "issues_active": 16,
    "response_speed": 63
  },
  {
    "name": "dev-mobile-tooling-7",
    "commits": 27,
    "issues_active": 1,
    "response_speed": 18
  },
  {
    "name": "dev-mobile-tooling-8",
    "commits": 26,
    "issues_active": 11,
    "response_speed": 29
  },
  {
    "name": "dev-mobile-tooling-9",
    "commits": 31,
    "issues_active": 13,
    "response_speed": 28
  },
  {
    "name": "dev-mobile-tooling-10",
    "commits": 25,
    "issues_active": 0,
    "response_speed": 48
  },
  {
    "name": "dev-mobile-tooling-11",
    "commits": 40,
    "issues_active": 18,
    "response_speed": 10
  },
  {
    "name": "dev-mobile-tooling-12",
    "commits": 34,
    "issues_active": 15,
    "response_speed": 13
  },
  {
    "name": "dev-mobile-tooling-13",
    "commits": 5,
    "issues_active": 4,
    "response_speed": 31
  },
  {
    "name": "dev-mobile-tooling-14",
    "commits": 8,
    "issues_active": 8,
    "response_speed": 56
  },
  {
    "name": "dev-mobile-tooling-15",
    "commits": 16,
    "issues_active": 10,
    "response_speed": 40
  },
  {
    "name": "dev-mobile-tooling-16",
    "commits": 17,
    "issues_active": 14,
    "response_speed": 61
  },
  {
    "name": "dev-mobile-tooling-17",
    "commits": 19,
    "issues_active": 19,
    "response_speed": 1
  },
  {
    "name": "dev-mobile-tooling-18",
    "commits": 30,
    "issues_active": 3,
    "response_speed": 26
  },
  {
    "name": "dev-mobile-tooling-19",
    "commits": 11,
    "issues_active": 10,
    "response_speed": 38
  },
  {
    "name": "dev-mobile-tooling-20",
    "commits": 35,
    "issues_active": 11,
    "response_speed": 19
  },
  {
    "name": "dev-mobile-tooling-21",
    "commits": 5,
    "issues_active": 4,
    "response_speed": 48
  },
  {
    "name": "dev-mobile-tooling-22",
    "commits": 45,
    "issues_active": 13,
    "response_speed": 23
  },
  {
    "name": "dev-mobile-tooling-23",
    "commits": 49,
    "issues_active": 15,
    "response_speed": 13
  },
  {
    "name": "dev-mobile-tooling-24",
    "commits": 37,
    "issues_active": 5,
    "response_speed": 28
  },
  {
    "name": "dev-mobile-tooling-25",
    "commits": 3,
    "issues_active": 5,
    "response_speed": 20
  },
  {
    "name": "dev-mobile-tooling-26",
    "commits": 25,
    "issues_active": 3,
    "response_speed": 5
  },
  {
    "name": "dev-mobile-tooling-27",
    "commits": 12,
    "issues_active": 4,
    "response_speed": 62
  },
  {
    "name": "dev-mobile-tooling-28",
    "commits": 25,
    "issues_active": 11,
    "response_speed": 4
  },
  {
    "name": "dev-mobile-tooling-29",
    "commits": 21,
    "issues_active": 16,
    "response_speed": 34
  },
  {
    "name": "dev-mobile-tooling-30",
    "commits": 6,
    "issues_active": 18,
    "response_speed": 2
  },
  {
    "name": "dev-mobile-tooling-31",
    "commits": 1,
    "issues_active": 12,
    "response_speed": 10
  },
  {
    "name": "dev-mobile-tooling-32",
    "commits": 39,
    "issues_active": 19,
    "response_speed": 67
  },
  {
    "name": "dev-mobile-tooling-33",
    "commits": 32,
    "issues_active": 4,
    "response_speed": 50
  },
  {
    "name": "dev-mobile-tooling-34",
    "commits": 47,
    "issues_active": 16,
    "response_speed": 54
  },
  {
    "name": "dev-mobile-tooling-35",
    "commits": 39,
    "issues_active": 1,
    "response_speed": 4
  },
  {
    "name": "dev-mobile-tooling-36",
    "commits": 16,
    "issues_active": 10,
    "response_speed": 1
  },
  {
    "name": "dev-mobile-tooling-37",
    "commits": 2,
    "issues_active": 1,
    "response_speed": 10
  },
  {
    "name": "dev-mobile-tooling-38",
    "commits": 19,
    "issues_active": 9,
    "response_speed": 23
  },
  {
    "name": "dev-mobile-tooling-39",
    "commits": 42,
    "issues_active": 0,
    "response_speed": 33
  },
  {
    "name": "dev-mobile-tooling-40",
    "commits": 12,
    "issues_active": 7,
    "response_speed": 36
  },
  {
    "name": "dev-mobile-tooling-41",
    "commits": 47,
    "issues_active": 16,
    "response_speed": 67
  },
  {
    "name": "dev-mobile-tooling-42",
    "commits": 18,
    "issues_active": 5,
    "response_speed": 6
  }
]