[
  {
    "name": "dev-ai-labs-0",
    "commits": 33,
    "issues_active": 11,
    "response_speed": 5
  },
  {
    "name": "dev-ai-labs-1",
    "commits": 22,
    "issues_active": 8,
    "response_speed": 2
  },
  {
    "name": "dev-ai-labs-2",
    "commits": 7,
    "issues_active": 8,
    "response_speed": 59
  },
  {
    "name": "dev-ai-labs-3",
    "commits": 21,
    "issues_active": 1,
    "response_speed": 57
  },
  {
    "name": "dev-ai-labs-4",
    "commits": 40,
    "issues_active": 0,
    "response_speed": 29
  },
  {
    "name": "dev-ai-labs-5",
    "commits": 28,
    "issues_active": 8,
    "response_speed": 36
  },
  {
    "name": "dev-ai-labs-6",
    "commits": 18,
    "issues_active": 9,
    "response_speed": 30
  },
  {
    "name": "dev-ai-labs-7",
    "commits": 7,
    "issues_active": 15,
    "response_speed": 10
  },
  {
    "name": "dev-ai-labs-8",
    "commits": 11,
    "issues_active": 0,
    "response_speed": 68
  },
  {
    "name": "dev-ai-labs-9",
    "commits": 30,
    "issues_active": 10,
    "response_speed": 62
  },
  {
    "name": "dev-ai-labs-10",
    "commits": 21,
    "issues_active": 16,
    "response_speed": 24
  },
  {
    "name": "dev-ai-labs-11",
    "commits": 19,
    "issues_active": 12,
    "response_speed": 20
  },
  {
    "name": "dev-ai-labs-12",
    "commits": 16,
    "issues_active": 5,
    "response_speed": 27
  },
  {
    "name": "dev-ai-labs-13",
    "commits": 13,
    "issues_active": 2,
    "response_speed": 39
  },
  {
    "name": "dev-ai-labs-14",
    "commits": 24,
    "issues_active": 4,
    "response_speed": 4
  },
  {
    "name": "dev-ai-labs-15",
    "commits": 27,
    "issues_active": 19,
    "response_speed": 62
  },
  {
    "name": "dev-ai-labs-16",
    "commits": 35,
    "issues_active": 20,
    "response_speed": 61
  },
  {
    "name": "dev-ai-labs-17",
    "commits": 47,
    "issues_active": 13,
    "response_speed": 25
  },
  {
    "name": "dev-ai-labs-18",
    "commits": 30,
    "issues_active": 11,
    "response_speed": 26
  },
  {
    "name": "dev-ai-labs-19",
    "commits": 20,
    "issues_active": 1,
    "response_speed": 39
  },
  {
    "name": "dev-ai-labs-20",
    "commits": 32,
    "issues_active": 9,
    "response_speed": 69
  },
  {
    "name": "dev-ai-labs-21",
    "commits": 4,
    "issues_active": 16,
    "response_speed": 67
  },
  {
    "name": "dev-ai-labs-22",
    "commits": 20,
    "issues_active": 11,
    "response_speed": 1
  },
  {
    "name": "dev-ai-labs-23",
    "commits": 44,
    "issues_active": 8,
    "response_speed": 4
  },
  {
    "name": "dev-ai-labs-24",
    "commits": 37,
    "issues_active": 7,
    "response_speed": 65
  },
  {
    "name": "dev-ai-labs-25",
    "commits": 11,
    "issues_active": 9,
    "response_speed": 17
  },
  {
    "name": "dev-ai-labs-26",
    "commits": 14,
    "issues_active": 8,
    "response_speed": 18
  },
  {
    "name": "dev-ai-labs-27",
    "commits": 2,
    "issues_active": 14,
    "response_speed": 48
  },
  {
    "name": "dev-ai-labs-28",
    "commits": 24,
    "issues_active": 14,
    "response_speed": 15
  },
  {
    "name": "dev-ai-labs-29",
    "commits": 28,
    "issues_active": 17,
    "response_speed": 55
  },
  {
    "name": "dev-ai-labs-30",
    "commits": 42,
    "issues_active": 3,
    "response_speed": 52
  },
  {
    "name": "dev-ai-labs-31",
    "commits": 44,
    "issues_active": 3,
    "response_speed": 29
  },
  {
    "name": "dev-ai-labs-32",
    "commits": 47,
    "issues_active": 10,
    "response_speed": 47
  },
  {
    "name": "dev-ai-labs-33",
    "commits": 8,
    "issues_active": 20,
    "response_speed": 2
  },
  {
    "name": "dev-ai-labs-34",
    "commits": 31,
    "issues_active": 11,
    "response_speed": 64
  },
  {
    "name": "dev-ai-labs-35",
    "commits": 18,
    "issues_active": 4,
    "response_speed": 15
  },
  {
    "name": "dev-ai-labs-36",
    "commits": 5,
    "issues_active": 20,
    "response_speed": 22
  },
  {
    "name": "dev-ai-labs-37",
    "commits": 2,
    "issues_active": 6,
    "response_speed": 51
  },
  {
    "name": "dev-ai-labs-38",
    "commits": 39,
    "issues_active": 19,
    "response_speed": 27
  },
  {
    "name": "dev-ai-labs-39",
    "commits": 34,
    "issues_active": 6,
    "response_speed": 51
  },
  {
    "name": "dev-ai-labs-40",
    "commits": 49,
    "issues_active": 0,
    "response_speed": 69
  }
]