[
  {
    "name": "dev-ai-labs-0",
    "commits": 36,
    "issues_active": 3,
    "response_speed": 20
  },
  {
    "name": "dev-ai-labs-1",
    "commits": 40,
    "issues_active": 2,
    "response_speed": 46
  },
  {
    "name": "dev-ai-labs-2",
    "commits": 26,
    "issues_active": 15,
    "response_speed": 38
  },
  {
    "name": "dev-ai-labs-3",
    "commits": 1,
    "issues_active": 11,
    "response_speed": 18
  },
  {
    "name": "dev-ai-labs-4",
    "commits": 37,
    "issues_active": 1,
    "response_speed": 24
  },
  {
    "name": "dev-ai-labs-5",
    "commits": 23,
    "issues_active": 5,
    "response_speed": 26
  },
  {
    "name": "dev-ai-labs-6",
    "commits": 15,
    "issues_active": 18,
    "response_speed": 9
  },
  {
    "name": "dev-ai-labs-7",
    "commits": 5,
    "issues_active": 1,
    "response_speed": 30
  },
  {
    "name": "dev-ai-labs-8",
    "commits": 50,
    "issues_active": 13,
    "response_speed": 19
  },
  {
    "name": "dev-ai-labs-9",
    "commits": 21,
    "issues_active": 4,
    "response_speed": 43
  },
  {
    "name": "dev-ai-labs-10",
    "commits": 25,
    "issues_active": 11,
    "response_speed": 20
  },
  {
    "name": "dev-ai-labs-11",
    "commits": 44,
    "issues_active": 8,
    "response_speed": 63
  },
  {
    "name": "dev-ai-labs-12",
    "commits": 19,
    "issues_active": 9,
    "response_speed": 58
  },
  {
    "name": "dev-ai-labs-13",
    "commits": 22,
    "issues_active": 11,
    "response_speed": 27
  },
  {
    "name": "dev-ai-labs-14",
    "commits": 20,
    "issues_active": 11,
    "response_speed": 58
  },
  {
    "name": "dev-ai-labs-15",
    "commits": 11,
    "issues_active": 5,
    "response_speed": 49
  },
  {
    "name": "dev-ai-labs-16",
    "commits": 47,
    "issues_active": 12,
    "response_speed": 69
  },
  {
    "name": "dev-ai-labs-17",
    "commits": 43,
    "issues_active": 8,
    "response_speed": 47
  },
  {
    "name": "dev-ai-labs-18",
    "commits": 7,
    "issues_active": 1,
    "response_speed": 38
  },
  {
    "name": "dev-ai-labs-19",
    "commits": 43,
    "issues_active": 5,
    "response_speed": 71
  },
  {
    "name": "dev-ai-labs-20",
    "commits": 17,
    "issues_active": 0,
    "response_speed": 64
  },
  {
    "name": "dev-ai-labs-21",
    "commits": 36,
    "issues_active": 15,
    "response_speed": 50
  },
  {
    "name": "dev-ai-labs-22",
    "commits": 45,
    "issues_active": 0,
    "response_speed": 4
  },
  {
    "name": "dev-ai-labs-23",
    "commits": 46,
    "issues_active": 5,
    "response_speed": 38
  },
  {
    "name": "dev-ai-labs-24",
    "commits": 26,
    "issues_active": 17,
    "response_speed": 4
  }
]