{
  "avg": {
    "2015": 21.58,
    "2016": 44.08,
    "2017": 12.89,
    "2018": 4.87,
    "2019": 3.91,
    "2020": 2.72,
    "2021": 0.42,
    "2022": 0.56,
    "2023": 1.18,
    "2024": 1.23,
    "2025": 1.82,
    "2015-01": 6.32,
    "2015-02": 6.32,
    "2015-03": 5.12,
    "2015-04": 4.5,
    "2015-05": 4.67,
    "2015-06": 4.38,
    "2015-07": 3.61,
    "2015-08": 24.73,
    "2015-09": 44.52,
    "2015-10": 49.46,
    "2015-11": 43.11,
    "2015-12": 44.36,
    "2016-01": 41.24,
    "2016-02": 62.6,
    "2016-03": 49.48,
    "2016-04": 48.58,
    "2016-05": 35.25,
    "2016-06": 37.89,
    "2016-07": 50.02,
    "2016-08": 46.14,
    "2016-09": 45.38,
    "2016-10": 40.87,
    "2016-11": 34.71,
    "2016-12": 36.66,
    "2017-01": 28.14,
    "2017-02": 22.91,
    "2017-03": 20.98,
    "2017-04": 21.54,
    "2017-05": 10.93,
    "2017-06": 6.89,
    "2017-07": 7.72,
    "2017-08": 8.48,
    "2017-09": 6.05,
    "2017-10": 4.76,
    "2017-11": 9.3,
    "2017-12": 9.19,
    "2018-01": 1.92,
    "2018-02": 2.57,
    "2018-03": 4.48,
    "2018-04": 5.44,
    "2018-05": 7.26,
    "2018-06": 2.72,
    "2018-07": 4.84,
    "2018-08": 5.11,
    "2018-09": 4.93,
    "2018-10": 5.05,
    "2018-11": 6.34,
    "2018-12": 11.56,
    "2019-01": 3.61,
    "2019-02": 2.75,
    "2019-03": 3.47,
    "2019-04": 3.29,
    "2019-05": 3.85,
    "2019-06": 7.29,
    "2019-07": 4.82,
    "2019-08": 3.98,
    "2019-09": 4.24,
    "2019-10": 2.24,
    "2019-11": 4.13,
    "2019-12": 3.49,
    "2020-01": 1.8,
    "2020-02": 2.48,
    "2020-03": 3.74,
    "2020-04": 1.46,
    "2020-05": 1.86,
    "2020-06": 10.29,
    "2020-07": 4.55,
    "2020-08": 1.75,
    "2020-09": 1.95,
    "2020-10": 0,
    "2020-11": 0.11,
    "2020-12": 0,
    "2021-01": 0.33,
    "2021-02": 0,
    "2021-03": 0.67,
    "2021-04": 0,
    "2021-05": 0.76,
    "2021-06": 0.32,
    "2021-07": 0.9,
    "2021-08": 0.04,
    "2021-09": 0.44,
    "2021-10": 3.93,
    "2021-11": 0.06,
    "2021-12": 0.01,
    "2022-01": 0.01,
    "2022-02": 0.45,
    "2022-03": 0.7,
    "2022-04": 0.07,
    "2022-05": 0.09,
    "2022-06": 0.05,
    "2022-07": 0.18,
    "2022-08": 0.63,
    "2022-09": 0,
    "2022-10": 1.99,
    "2022-11": 0.04,
    "2022-12": 2.93,
    "2023-01": 1.38,
    "2023-02": 0,
    "2023-03": 0.37,
    "2023-04": 0.09,
    "2023-05": 0.08,
    "2023-06": 0.15,
    "2023-07": 2.31,
    "2023-08": 1.43,
    "2023-09": 0,
    "2023-10": 6.36,
    "2023-11": 0.47,
    "2023-12": 1.43,
    "2024-01": 1.12,
    "2024-02": 0.12,
    "2024-03": 3.35,
    "2024-04": 2.66,
    "2024-05": 0.17,
    "2024-06": 0.04,
    "2024-07": 0.02,
    "2024-08": 1.16,
    "2024-09": 0.08,
    "2024-10": 3.05,
    "2024-11": 1.72,
    "2024-12": 0.75,
    "2025-01": 0.03,
    "2025-02": 0.06,
    "2025-03": 0.89,
    "2025-04": 0.51,
    "2025-05": 0.85,
    "2025-06": 2.51,
    "2025-07": 5.74,
    "2025-08": 4.22,
    "2025-09": 4.31,
    "2025-10": 2.6,
    "2025-11": 15,
    "2025-12": 15,
    "2015Q1": 5.82,
    "2015Q2": 4.51,
    "2015Q3": 24.67,
    "2015Q4": 45.87,
    "2016Q1": 53.05,
    "2016Q2": 39.99,
    "2016Q3": 46.96,
    "2016Q4": 37.67,
    "2017Q1": 23.76,
    "2017Q2": 12.49,
    "2017Q3": 7.48,
    "2017Q4": 7.71,
    "2018Q1": 3.01,
    "2018Q2": 5.09,
    "2018Q3": 4.96,
    "2018Q4": 7.25,
    "2019Q1": 3.29,
    "2019Q2": 4.69,
    "2019Q3": 4.36,
    "2019Q4": 3.26,
    "2020Q1": 2.71,
    "2020Q2": 4.78,
    "2020Q3": 2.83,
    "2020Q4": 0.04,
    "2021Q1": 0.34,
    "2021Q2": 0.34,
    "2021Q3": 0.47,
    "2021Q4": 0.63,
    "2022Q1": 0.39,
    "2022Q2": 0.07,
    "2022Q3": 0.29,
    "2022Q4": 1.45,
    "2023Q1": 0.52,
    "2023Q2": 0.11,
    "2023Q3": 1.28,
    "2023Q4": 3.08,
    "2024Q1": 1.72,
    "2024Q2": 0.87,
    "2024Q3": 0.37,
    "2024Q4": 2.05,
    "2025Q1": 0.36,
    "2025Q2": 1.19,
    "2025Q3": 4.85,
    "2025Q4": 5.46
  },
  "levels": {
    "2015": [
      4421,
      350,
      597,
      627
    ],
    "2016": [
      5604,
      678,
      574,
      2230
    ],
    "2017": [
      5465,
      274,
      202,
      928
    ],
    "2018": [
      4372,
      83,
      76,
      252
    ],
    "2019": [
      4209,
      74,
      69,
      214
    ],
    "2020": [
      3694,
      49,
      38,
      113
    ],
    "2021": [
      2657,
      4,
      5,
      14
    ],
    "2022": [
      2011,
      10,
      2,
      11
    ],
    "2023": [
      2064,
      7,
      4,
      17
    ],
    "2024": [
      1917,
      5,
      13,
      18
    ],
    "2025": [
      1021,
      21,
      39,
      21
    ],
    "2015-01": [
      249,
      16,
      26,
      34
    ],
    "2015-02": [
      265,
      11,
      30,
      24
    ],
    "2015-03": [
      359,
      32,
      46,
      28
    ],
    "2015-04": [
      365,
      21,
      48,
      26
    ],
    "2015-05": [
      417,
      22,
      83,
      31
    ],
    "2015-06": [
      449,
      31,
      103,
      34
    ],
    "2015-07": [
      398,
      32,
      89,
      14
    ],
    "2015-08": [
      349,
      28,
      55,
      45
    ],
    "2015-09": [
      433,
      31,
      20,
      80
    ],
    "2015-10": [
      446,
      50,
      32,
      100
    ],
    "2015-11": [
      372,
      35,
      29,
      109
    ],
    "2015-12": [
      319,
      41,
      36,
      102
    ],
    "2016-01": [
      317,
      23,
      32,
      76
    ],
    "2016-02": [
      553,
      52,
      44,
      168
    ],
    "2016-03": [
      511,
      35,
      16,
      143
    ],
    "2016-04": [
      393,
      44,
      31,
      134
    ],
    "2016-05": [
      523,
      62,
      43,
      108
    ],
    "2016-06": [
      556,
      52,
      33,
      162
    ],
    "2016-07": [
      347,
      60,
      45,
      244
    ],
    "2016-08": [
      521,
      56,
      86,
      221
    ],
    "2016-09": [
      524,
      73,
      55,
      241
    ],
    "2016-10": [
      535,
      91,
      59,
      286
    ],
    "2016-11": [
      440,
      62,
      91,
      202
    ],
    "2016-12": [
      384,
      68,
      39,
      245
    ],
    "2017-01": [
      351,
      35,
      26,
      147
    ],
    "2017-02": [
      292,
      35,
      23,
      106
    ],
    "2017-03": [
      519,
      47,
      28,
      151
    ],
    "2017-04": [
      328,
      24,
      24,
      109
    ],
    "2017-05": [
      375,
      30,
      30,
      63
    ],
    "2017-06": [
      572,
      21,
      8,
      45
    ],
    "2017-07": [
      528,
      20,
      14,
      45
    ],
    "2017-08": [
      583,
      9,
      11,
      72
    ],
    "2017-09": [
      504,
      15,
      11,
      47
    ],
    "2017-10": [
      497,
      17,
      7,
      37
    ],
    "2017-11": [
      540,
      14,
      13,
      67
    ],
    "2017-12": [
      376,
      7,
      7,
      39
    ],
    "2018-01": [
      498,
      2,
      2,
      12
    ],
    "2018-02": [
      415,
      2,
      1,
      15
    ],
    "2018-03": [
      481,
      6,
      3,
      24
    ],
    "2018-04": [
      359,
      12,
      17,
      26
    ],
    "2018-05": [
      303,
      3,
      9,
      29
    ],
    "2018-06": [
      347,
      12,
      6,
      11
    ],
    "2018-07": [
      385,
      7,
      8,
      24
    ],
    "2018-08": [
      353,
      7,
      6,
      24
    ],
    "2018-09": [
      340,
      13,
      9,
      25
    ],
    "2018-10": [
      349,
      7,
      12,
      23
    ],
    "2018-11": [
      291,
      8,
      1,
      27
    ],
    "2018-12": [
      251,
      4,
      2,
      12
    ],
    "2019-01": [
      303,
      6,
      9,
      18
    ],
    "2019-02": [
      318,
      7,
      2,
      11
    ],
    "2019-03": [
      382,
      9,
      4,
      21
    ],
    "2019-04": [
      373,
      6,
      4,
      18
    ],
    "2019-05": [
      350,
      6,
      2,
      18
    ],
    "2019-06": [
      312,
      2,
      6,
      16
    ],
    "2019-07": [
      397,
      7,
      9,
      22
    ],
    "2019-08": [
      369,
      4,
      8,
      20
    ],
    "2019-09": [
      367,
      5,
      4,
      18
    ],
    "2019-10": [
      366,
      5,
      6,
      15
    ],
    "2019-11": [
      336,
      6,
      5,
      18
    ],
    "2019-12": [
      336,
      11,
      10,
      19
    ],
    "2020-01": [
      325,
      5,
      2,
      8
    ],
    "2020-02": [
      285,
      9,
      9,
      12
    ],
    "2020-03": [
      341,
      8,
      3,
      18
    ],
    "2020-04": [
      321,
      4,
      3,
      5
    ],
    "2020-05": [
      316,
      2,
      7,
      8
    ],
    "2020-06": [
      339,
      4,
      8,
      26
    ],
    "2020-07": [
      327,
      6,
      3,
      19
    ],
    "2020-08": [
      283,
      5,
      0,
      7
    ],
    "2020-09": [
      317,
      6,
      3,
      9
    ],
    "2020-10": [
      308,
      0,
      0,
      0
    ],
    "2020-11": [
      305,
      0,
      0,
      1
    ],
    "2020-12": [
      227,
      0,
      0,
      0
    ],
    "2021-01": [
      275,
      0,
      0,
      1
    ],
    "2021-02": [
      264,
      0,
      0,
      0
    ],
    "2021-03": [
      287,
      0,
      1,
      2
    ],
    "2021-04": [
      252,
      0,
      0,
      0
    ],
    "2021-05": [
      215,
      3,
      2,
      3
    ],
    "2021-06": [
      281,
      0,
      0,
      1
    ],
    "2021-07": [
      197,
      0,
      0,
      2
    ],
    "2021-08": [
      184,
      1,
      0,
      0
    ],
    "2021-09": [
      208,
      0,
      0,
      1
    ],
    "2021-10": [
      71,
      0,
      1,
      4
    ],
    "2021-11": [
      244,
      0,
      1,
      0
    ],
    "2021-12": [
      179,
      0,
      0,
      0
    ],
    "2022-01": [
      190,
      0,
      0,
      0
    ],
    "2022-02": [
      142,
      2,
      1,
      1
    ],
    "2022-03": [
      207,
      1,
      0,
      2
    ],
    "2022-04": [
      175,
      2,
      0,
      0
    ],
    "2022-05": [
      158,
      0,
      1,
      0
    ],
    "2022-06": [
      134,
      0,
      0,
      0
    ],
    "2022-07": [
      158,
      1,
      0,
      1
    ],
    "2022-08": [
      187,
      2,
      0,
      2
    ],
    "2022-09": [
      160,
      0,
      0,
      0
    ],
    "2022-10": [
      163,
      1,
      0,
      1
    ],
    "2022-11": [
      205,
      1,
      0,
      0
    ],
    "2022-12": [
      132,
      0,
      0,
      4
    ],
    "2023-01": [
      167,
      0,
      0,
      1
    ],
    "2023-02": [
      204,
      0,
      0,
      0
    ],
    "2023-03": [
      238,
      0,
      0,
      2
    ],
    "2023-04": [
      137,
      0,
      1,
      0
    ],
    "2023-05": [
      156,
      2,
      0,
      0
    ],
    "2023-06": [
      171,
      3,
      1,
      0
    ],
    "2023-07": [
      196,
      0,
      0,
      6
    ],
    "2023-08": [
      168,
      1,
      2,
      3
    ],
    "2023-09": [
      183,
      0,
      0,
      0
    ],
    "2023-10": [
      176,
      0,
      0,
      3
    ],
    "2023-11": [
      145,
      0,
      0,
      1
    ],
    "2023-12": [
      123,
      1,
      0,
      1
    ],
    "2024-01": [
      125,
      1,
      0,
      1
    ],
    "2024-02": [
      126,
      0,
      1,
      0
    ],
    "2024-03": [
      165,
      0,
      2,
      5
    ],
    "2024-04": [
      143,
      0,
      1,
      1
    ],
    "2024-05": [
      183,
      1,
      2,
      0
    ],
    "2024-06": [
      152,
      1,
      0,
      0
    ],
    "2024-07": [
      194,
      0,
      0,
      0
    ],
    "2024-08": [
      147,
      0,
      3,
      2
    ],
    "2024-09": [
      186,
      0,
      1,
      0
    ],
    "2024-10": [
      201,
      2,
      2,
      4
    ],
    "2024-11": [
      183,
      0,
      0,
      4
    ],
    "2024-12": [
      112,
      0,
      1,
      1
    ],
    "2025-01": [
      149,
      0,
      0,
      0
    ],
    "2025-02": [
      142,
      1,
      0,
      0
    ],
    "2025-03": [
      171,
      2,
      3,
      1
    ],
    "2025-04": [
      122,
      0,
      1,
      1
    ],
    "2025-05": [
      119,
      1,
      2,
      1
    ],
    "2025-06": [
      84,
      7,
      1,
      3
    ],
    "2025-07": [
      89,
      1,
      7,
      8
    ],
    "2025-08": [
      76,
      6,
      10,
      4
    ],
    "2025-09": [
      53,
      2,
      6,
      3
    ],
    "2025-10": [
      16,
      1,
      3,
      0
    ],
    "2025-11": [
      0,
      0,
      4,
      0
    ],
    "2025-12": [
      0,
      0,
      2,
      0
    ],
    "2015Q1": [
      873,
      59,
      102,
      86
    ],
    "2015Q2": [
      1231,
      74,
      234,
      91
    ],
    "2015Q3": [
      1180,
      91,
      164,
      139
    ],
    "2015Q4": [
      1137,
      126,
      97,
      311
    ],
    "2016Q1": [
      1381,
      110,
      92,
      387
    ],
    "2016Q2": [
      1472,
      158,
      107,
      404
    ],
    "2016Q3": [
      1392,
      189,
      186,
      706
    ],
    "2016Q4": [
      1359,
      221,
      189,
      733
    ],
    "2017Q1": [
      1162,
      117,
      77,
      404
    ],
    "2017Q2": [
      1275,
      75,
      62,
      217
    ],
    "2017Q3": [
      1615,
      44,
      36,
      164
    ],
    "2017Q4": [
      1413,
      38,
      27,
      143
    ],
    "2018Q1": [
      1394,
      10,
      6,
      51
    ],
    "2018Q2": [
      1009,
      27,
      32,
      66
    ],
    "2018Q3": [
      1078,
      27,
      23,
      73
    ],
    "2018Q4": [
      891,
      19,
      15,
      62
    ],
    "2019Q1": [
      1003,
      22,
      15,
      50
    ],
    "2019Q2": [
      1035,
      14,
      12,
      52
    ],
    "2019Q3": [
      1133,
      16,
      21,
      60
    ],
    "2019Q4": [
      1038,
      22,
      21,
      52
    ],
    "2020Q1": [
      951,
      22,
      14,
      38
    ],
    "2020Q2": [
      976,
      10,
      18,
      39
    ],
    "2020Q3": [
      927,
      17,
      6,
      35
    ],
    "2020Q4": [
      840,
      0,
      0,
      1
    ],
    "2021Q1": [
      826,
      0,
      1,
      3
    ],
    "2021Q2": [
      748,
      3,
      2,
      4
    ],
    "2021Q3": [
      589,
      1,
      0,
      3
    ],
    "2021Q4": [
      494,
      0,
      2,
      4
    ],
    "2022Q1": [
      539,
      3,
      1,
      3
    ],
    "2022Q2": [
      467,
      2,
      1,
      0
    ],
    "2022Q3": [
      505,
      3,
      0,
      3
    ],
    "2022Q4": [
      500,
      2,
      0,
      5
    ],
    "2023Q1": [
      609,
      0,
      0,
      3
    ],
    "2023Q2": [
      464,
      5,
      2,
      0
    ],
    "2023Q3": [
      547,
      1,
      2,
      9
    ],
    "2023Q4": [
      444,
      1,
      0,
      5
    ],
    "2024Q1": [
      416,
      1,
      3,
      6
    ],
    "2024Q2": [
      478,
      2,
      3,
      1
    ],
    "2024Q3": [
      527,
      0,
      4,
      2
    ],
    "2024Q4": [
      496,
      2,
      3,
      9
    ],
    "2025Q1": [
      462,
      3,
      3,
      1
    ],
    "2025Q2": [
      325,
      8,
      4,
      5
    ],
    "2025Q3": [
      218,
      9,
      23,
      15
    ],
    "2025Q4": [
      16,
      1,
      9,
      0
    ]
  },
  "quantile_0": {
    "2015": 0,
    "2016": 0,
    "2017": 0,
    "2018": 0,
    "2019": 0,
    "2020": 0,
    "2021": 0,
    "2022": 0,
    "2023": 0,
    "2024": 0,
    "2025": 0,
    "2015-01": 0,
    "2015-02": 0,
    "2015-03": 0,
    "2015-04": 0,
    "2015-05": 0,
    "2015-06": 0,
    "2015-07": 0,
    "2015-08": 0,
    "2015-09": 0,
    "2015-10": 0,
    "2015-11": 0,
    "2015-12": 0,
    "2016-01": 0,
    "2016-02": 0,
    "2016-03": 0,
    "2016-04": 0,
    "2016-05": 0,
    "2016-06": 0,
    "2016-07": 0,
    "2016-08": 0,
    "2016-09": 0,
    "2016-10": 0,
    "2016-11": 0,
    "2016-12": 0,
    "2017-01": 0,
    "2017-02": 0,
    "2017-03": 0,
    "2017-04": 0,
    "2017-05": 0,
    "2017-06": 0,
    "2017-07": 0,
    "2017-08": 0,
    "2017-09": 0,
    "2017-10": 0,
    "2017-11": 0,
    "2017-12": 0,
    "2018-01": 0,
    "2018-02": 0,
    "2018-03": 0,
    "2018-04": 0,
    "2018-05": 0,
    "2018-06": 0,
    "2018-07": 0,
    "2018-08": 0,
    "2018-09": 0,
    "2018-10": 0,
    "2018-11": 0,
    "2018-12": 0,
    "2019-01": 0,
    "2019-02": 0,
    "2019-03": 0,
    "2019-04": 0,
    "2019-05": 0,
    "2019-06": 0,
    "2019-07": 0,
    "2019-08": 0,
    "2019-09": 0,
    "2019-10": 0,
    "2019-11": 0,
    "2019-12": 0,
    "2020-01": 0,
    "2020-02": 0,
    "2020-03": 0,
    "2020-04": 0,
    "2020-05": 0,
    "2020-06": 0,
    "2020-07": 0,
    "2020-08": 0,
    "2020-09": 0,
    "2020-10": 0,
    "2020-11": 0,
    "2020-12": 0,
    "2021-01": 0,
    "2021-02": 0,
    "2021-03": 0,
    "2021-04": 0,
    "2021-05": 0,
    "2021-06": 0,
    "2021-07": 0,
    "2021-08": 0,
    "2021-09": 0,
    "2021-10": 0,
    "2021-11": 0,
    "2021-12": 0,
    "2022-01": 0,
    "2022-02": 0,
    "2022-03": 0,
    "2022-04": 0,
    "2022-05": 0,
    "2022-06": 0,
    "2022-07": 0,
    "2022-08": 0,
    "2022-09": 0,
    "2022-10": 0,
    "2022-11": 0,
    "2022-12": 0,
    "2023-01": 0,
    "2023-02": 0,
    "2023-03": 0,
    "2023-04": 0,
    "2023-05": 0,
    "2023-06": 0,
    "2023-07": 0,
    "2023-08": 0,
    "2023-09": 0,
    "2023-10": 0,
    "2023-11": 0,
    "2023-12": 0,
    "2024-01": 0,
    "2024-02": 0,
    "2024-03": 0,
    "2024-04": 0,
    "2024-05": 0,
    "2024-06": 0,
    "2024-07": 0,
    "2024-08": 0,
    "2024-09": 0,
    "2024-10": 0,
    "2024-11": 0,
    "2024-12": 0,
    "2025-01": 0,
    "2025-02": 0,
    "2025-03": 0,
    "2025-04": 0,
    "2025-05": 0,
    "2025-06": 0,
    "2025-07": 0,
    "2025-08": 0,
    "2025-09": 0,
    "2025-10": 0,
    "2025-11": 15,
    "2025-12": 15,
    "2015Q1": 0,
    "2015Q2": 0,
    "2015Q3": 0,
    "2015Q4": 0,
    "2016Q1": 0,
    "2016Q2": 0,
    "2016Q3": 0,
    "2016Q4": 0,
    "2017Q1": 0,
    "2017Q2": 0,
    "2017Q3": 0,
    "2017Q4": 0,
    "2018Q1": 0,
    "2018Q2": 0,
    "2018Q3": 0,
    "2018Q4": 0,
    "2019Q1": 0,
    "2019Q2": 0,
    "2019Q3": 0,
    "2019Q4": 0,
    "2020Q1": 0,
    "2020Q2": 0,
    "2020Q3": 0,
    "2020Q4": 0,
    "2021Q1": 0,
    "2021Q2": 0,
    "2021Q3": 0,
    "2021Q4": 0,
    "2022Q1": 0,
    "2022Q2": 0,
    "2022Q3": 0,
    "2022Q4": 0,
    "2023Q1": 0,
    "2023Q2": 0,
    "2023Q3": 0,
    "2023Q4": 0,
    "2024Q1": 0,
    "2024Q2": 0,
    "2024Q3": 0,
    "2024Q4": 0,
    "2025Q1": 0,
    "2025Q2": 0,
    "2025Q3": 0,
    "2025Q4": 0
  },
  "quantile_1": {
    "2015": 0,
    "2016": 0,
    "2017": 0,
    "2018": 0,
    "2019": 0,
    "2020": 0,
    "2021": 0,
    "2022": 0,
    "2023": 0,
    "2024": 0,
    "2025": 0,
    "2015-01": 0,
    "2015-02": 0,
    "2015-03": 0,
    "2015-04": 0,
    "2015-05": 0,
    "2015-06": 0,
    "2015-07": 0,
    "2015-08": 0,
    "2015-09": 0,
    "2015-10": 0,
    "2015-11": 0,
    "2015-12": 0,
    "2016-01": 0,
    "2016-02": 0,
    "2016-03": 0,
    "2016-04": 0,
    "2016-05": 0,
    "2016-06": 0,
    "2016-07": 0,
    "2016-08": 0,
    "2016-09": 0,
    "2016-10": 0,
    "2016-11": 0,
    "2016-12": 0,
    "2017-01": 0,
    "2017-02": 0,
    "2017-03": 0,
    "2017-04": 0,
    "2017-05": 0,
    "2017-06": 0,
    "2017-07": 0,
    "2017-08": 0,
    "2017-09": 0,
    "2017-10": 0,
    "2017-11": 0,
    "2017-12": 0,
    "2018-01": 0,
    "2018-02": 0,
    "2018-03": 0,
    "2018-04": 0,
    "2018-05": 0,
    "2018-06": 0,
    "2018-07": 0,
    "2018-08": 0,
    "2018-09": 0,
    "2018-10": 0,
    "2018-11": 0,
    "2018-12": 0,
    "2019-01": 0,
    "2019-02": 0,
    "2019-03": 0,
    "2019-04": 0,
    "2019-05": 0,
    "2019-06": 0,
    "2019-07": 0,
    "2019-08": 0,
    "2019-09": 0,
    "2019-10": 0,
    "2019-11": 0,
    "2019-12": 0,
    "2020-01": 0,
    "2020-02": 0,
    "2020-03": 0,
    "2020-04": 0,
    "2020-05": 0,
    "2020-06": 0,
    "2020-07": 0,
    "2020-08": 0,
    "2020-09": 0,
    "2020-10": 0,
    "2020-11": 0,
    "2020-12": 0,
    "2021-01": 0,
    "2021-02": 0,
    "2021-03": 0,
    "2021-04": 0,
    "2021-05": 0,
    "2021-06": 0,
    "2021-07": 0,
    "2021-08": 0,
    "2021-09": 0,
    "2021-10": 0,
    "2021-11": 0,
    "2021-12": 0,
    "2022-01": 0,
    "2022-02": 0,
    "2022-03": 0,
    "2022-04": 0,
    "2022-05": 0,
    "2022-06": 0,
    "2022-07": 0,
    "2022-08": 0,
    "2022-09": 0,
    "2022-10": 0,
    "2022-11": 0,
    "2022-12": 0,
    "2023-01": 0,
    "2023-02": 0,
    "2023-03": 0,
    "2023-04": 0,
    "2023-05": 0,
    "2023-06": 0,
    "2023-07": 0,
    "2023-08": 0,
    "2023-09": 0,
    "2023-10": 0,
    "2023-11": 0,
    "2023-12": 0,
    "2024-01": 0,
    "2024-02": 0,
    "2024-03": 0,
    "2024-04": 0,
    "2024-05": 0,
    "2024-06": 0,
    "2024-07": 0,
    "2024-08": 0,
    "2024-09": 0,
    "2024-10": 0,
    "2024-11": 0,
    "2024-12": 0,
    "2025-01": 0,
    "2025-02": 0,
    "2025-03": 0,
    "2025-04": 0,
    "2025-05": 0,
    "2025-06": 0,
    "2025-07": 0,
    "2025-08": 0,
    "2025-09": 0,
    "2025-10": 0,
    "2025-11": 15,
    "2025-12": 15,
    "2015Q1": 0,
    "2015Q2": 0,
    "2015Q3": 0,
    "2015Q4": 0,
    "2016Q1": 0,
    "2016Q2": 0,
    "2016Q3": 0,
    "2016Q4": 0,
    "2017Q1": 0,
    "2017Q2": 0,
    "2017Q3": 0,
    "2017Q4": 0,
    "2018Q1": 0,
    "2018Q2": 0,
    "2018Q3": 0,
    "2018Q4": 0,
    "2019Q1": 0,
    "2019Q2": 0,
    "2019Q3": 0,
    "2019Q4": 0,
    "2020Q1": 0,
    "2020Q2": 0,
    "2020Q3": 0,
    "2020Q4": 0,
    "2021Q1": 0,
    "2021Q2": 0,
    "2021Q3": 0,
    "2021Q4": 0,
    "2022Q1": 0,
    "2022Q2": 0,
    "2022Q3": 0,
    "2022Q4": 0,
    "2023Q1": 0,
    "2023Q2": 0,
    "2023Q3": 0,
    "2023Q4": 0,
    "2024Q1": 0,
    "2024Q2": 0,
    "2024Q3": 0,
    "2024Q4": 0,
    "2025Q1": 0,
    "2025Q2": 0,
    "2025Q3": 0,
    "2025Q4": 0
  },
  "quantile_2": {
    "2015": 0,
    "2016": 1,
    "2017": 0,
    "2018": 0,
    "2019": 0,
    "2020": 0,
    "2021": 0,
    "2022": 0,
    "2023": 0,
    "2024": 0,
    "2025": 0,
    "2015-01": 0,
    "2015-02": 0,
    "2015-03": 0,
    "2015-04": 0,
    "2015-05": 0,
    "2015-06": 0,
    "2015-07": 0,
    "2015-08": 0,
    "2015-09": 0,
    "2015-10": 1,
    "2015-11": 1,
    "2015-12": 1,
    "2016-01": 1,
    "2016-02": 1,
    "2016-03": 1,
    "2016-04": 1,
    "2016-05": 1,
    "2016-06": 1,
    "2016-07": 4,
    "2016-08": 1,
    "2016-09": 2,
    "2016-10": 2,
    "2016-11": 2,
    "2016-12": 3,
    "2017-01": 1,
    "2017-02": 1,
    "2017-03": 1,
    "2017-04": 1,
    "2017-05": 1,
    "2017-06": 0,
    "2017-07": 0,
    "2017-08": 0,
    "2017-09": 0,
    "2017-10": 0,
    "2017-11": 0,
    "2017-12": 0,
    "2018-01": 0,
    "2018-02": 0,
    "2018-03": 0,
    "2018-04": 0,
    "2018-05": 0,
    "2018-06": 0,
    "2018-07": 0,
    "2018-08": 0,
    "2018-09": 0,
    "2018-10": 0,
    "2018-11": 0,
    "2018-12": 0,
    "2019-01": 0,
    "2019-02": 0,
    "2019-03": 0,
    "2019-04": 0,
    "2019-05": 0,
    "2019-06": 0,
    "2019-07": 0,
    "2019-08": 0,
    "2019-09": 0,
    "2019-10": 0,
    "2019-11": 0,
    "2019-12": 0,
    "2020-01": 0,
    "2020-02": 0,
    "2020-03": 0,
    "2020-04": 0,
    "2020-05": 0,
    "2020-06": 0,
    "2020-07": 0,
    "2020-08": 0,
    "2020-09": 0,
    "2020-10": 0,
    "2020-11": 0,
    "2020-12": 0,
    "2021-01": 0,
    "2021-02": 0,
    "2021-03": 0,
    "2021-04": 0,
    "2021-05": 0,
    "2021-06": 0,
    "2021-07": 0,
    "2021-08": 0,
    "2021-09": 0,
    "2021-10": 0,
    "2021-11": 0,
    "2021-12": 0,
    "2022-01": 0,
    "2022-02": 0,
    "2022-03": 0,
    "2022-04": 0,
    "2022-05": 0,
    "2022-06": 0,
    "2022-07": 0,
    "2022-08": 0,
    "2022-09": 0,
    "2022-10": 0,
    "2022-11": 0,
    "2022-12": 0,
    "2023-01": 0,
    "2023-02": 0,
    "2023-03": 0,
    "2023-04": 0,
    "2023-05": 0,
    "2023-06": 0,
    "2023-07": 0,
    "2023-08": 0,
    "2023-09": 0,
    "2023-10": 0,
    "2023-11": 0,
    "2023-12": 0,
    "2024-01": 0,
    "2024-02": 0,
    "2024-03": 0,
    "2024-04": 0,
    "2024-05": 0,
    "2024-06": 0,
    "2024-07": 0,
    "2024-08": 0,
    "2024-09": 0,
    "2024-10": 0,
    "2024-11": 0,
    "2024-12": 0,
    "2025-01": 0,
    "2025-02": 0,
    "2025-03": 0,
    "2025-04": 0,
    "2025-05": 0,
    "2025-06": 0,
    "2025-07": 0,
    "2025-08": 0,
    "2025-09": 0,
    "2025-10": 0,
    "2025-11": 15,
    "2025-12": 15,
    "2015Q1": 0,
    "2015Q2": 0,
    "2015Q3": 0,
    "2015Q4": 1,
    "2016Q1": 1,
    "2016Q2": 1,
    "2016Q3": 2,
    "2016Q4": 2,
    "2017Q1": 1,
    "2017Q2": 0,
    "2017Q3": 0,
    "2017Q4": 0,
    "2018Q1": 0,
    "2018Q2": 0,
    "2018Q3": 0,
    "2018Q4": 0,
    "2019Q1": 0,
    "2019Q2": 0,
    "2019Q3": 0,
    "2019Q4": 0,
    "2020Q1": 0,
    "2020Q2": 0,
    "2020Q3": 0,
    "2020Q4": 0,
    "2021Q1": 0,
    "2021Q2": 0,
    "2021Q3": 0,
    "2021Q4": 0,
    "2022Q1": 0,
    "2022Q2": 0,
    "2022Q3": 0,
    "2022Q4": 0,
    "2023Q1": 0,
    "2023Q2": 0,
    "2023Q3": 0,
    "2023Q4": 0,
    "2024Q1": 0,
    "2024Q2": 0,
    "2024Q3": 0,
    "2024Q4": 0,
    "2025Q1": 0,
    "2025Q2": 0,
    "2025Q3": 0,
    "2025Q4": 0.5
  },
  "quantile_3": {
    "2015": 4,
    "2016": 14,
    "2017": 2,
    "2018": 0,
    "2019": 0,
    "2020": 0,
    "2021": 0,
    "2022": 0,
    "2023": 0,
    "2024": 0,
    "2025": 0,
    "2015-01": 3,
    "2015-02": 1,
    "2015-03": 2,
    "2015-04": 1.25,
    "2015-05": 3,
    "2015-06": 5,
    "2015-07": 4,
    "2015-08": 4,
    "2015-09": 3,
    "2015-10": 5.25,
    "2015-11": 8,
    "2015-12": 10,
    "2016-01": 6.25,
    "2016-02": 9,
    "2016-03": 5,
    "2016-04": 10,
    "2016-05": 4,
    "2016-06": 7,
    "2016-07": 38.25,
    "2016-08": 15.25,
    "2016-09": 22,
    "2016-10": 23.5,
    "2016-11": 16,
    "2016-12": 58.25,
    "2017-01": 21,
    "2017-02": 12.25,
    "2017-03": 7,
    "2017-04": 11,
    "2017-05": 3,
    "2017-06": 0,
    "2017-07": 0,
    "2017-08": 1,
    "2017-09": 0,
    "2017-10": 0,
    "2017-11": 0,
    "2017-12": 0,
    "2018-01": 0,
    "2018-02": 0,
    "2018-03": 0,
    "2018-04": 0,
    "2018-05": 0,
    "2018-06": 0,
    "2018-07": 0,
    "2018-08": 0,
    "2018-09": 0,
    "2018-10": 0,
    "2018-11": 0,
    "2018-12": 0,
    "2019-01": 0,
    "2019-02": 0,
    "2019-03": 0,
    "2019-04": 0,
    "2019-05": 0,
    "2019-06": 0,
    "2019-07": 0,
    "2019-08": 0,
    "2019-09": 0,
    "2019-10": 0,
    "2019-11": 0,
    "2019-12": 0,
    "2020-01": 0,
    "2020-02": 0,
    "2020-03": 0,
    "2020-04": 0,
    "2020-05": 0,
    "2020-06": 0,
    "2020-07": 0,
    "2020-08": 0,
    "2020-09": 0,
    "2020-10": 0,
    "2020-11": 0,
    "2020-12": 0,
    "2021-01": 0,
    "2021-02": 0,
    "2021-03": 0,
    "2021-04": 0,
    "2021-05": 0,
    "2021-06": 0,
    "2021-07": 0,
    "2021-08": 0,
    "2021-09": 0,
    "2021-10": 0,
    "2021-11": 0,
    "2021-12": 0,
    "2022-01": 0,
    "2022-02": 0,
    "2022-03": 0,
    "2022-04": 0,
    "2022-05": 0,
    "2022-06": 0,
    "2022-07": 0,
    "2022-08": 0,
    "2022-09": 0,
    "2022-10": 0,
    "2022-11": 0,
    "2022-12": 0,
    "2023-01": 0,
    "2023-02": 0,
    "2023-03": 0,
    "2023-04": 0,
    "2023-05": 0,
    "2023-06": 0,
    "2023-07": 0,
    "2023-08": 0,
    "2023-09": 0,
    "2023-10": 0,
    "2023-11": 0,
    "2023-12": 0,
    "2024-01": 0,
    "2024-02": 0,
    "2024-03": 0,
    "2024-04": 0,
    "2024-05": 0,
    "2024-06": 0,
    "2024-07": 0,
    "2024-08": 0,
    "2024-09": 0,
    "2024-10": 0,
    "2024-11": 0,
    "2024-12": 0,
    "2025-01": 0,
    "2025-02": 0,
    "2025-03": 0,
    "2025-04": 0,
    "2025-05": 0,
    "2025-06": 0,
    "2025-07": 0,
    "2025-08": 0.25,
    "2025-09": 0,
    "2025-10": 1,
    "2025-11": 15,
    "2025-12": 15,
    "2015Q1": 2,
    "2015Q2": 3,
    "2015Q3": 3.75,
    "2015Q4": 7,
    "2016Q1": 7,
    "2016Q2": 7,
    "2016Q3": 23,
    "2016Q4": 28,
    "2017Q1": 11,
    "2017Q2": 2,
    "2017Q3": 0,
    "2017Q4": 0,
    "2018Q1": 0,
    "2018Q2": 0,
    "2018Q3": 0,
    "2018Q4": 0,
    "2019Q1": 0,
    "2019Q2": 0,
    "2019Q3": 0,
    "2019Q4": 0,
    "2020Q1": 0,
    "2020Q2": 0,
    "2020Q3": 0,
    "2020Q4": 0,
    "2021Q1": 0,
    "2021Q2": 0,
    "2021Q3": 0,
    "2021Q4": 0,
    "2022Q1": 0,
    "2022Q2": 0,
    "2022Q3": 0,
    "2022Q4": 0,
    "2023Q1": 0,
    "2023Q2": 0,
    "2023Q3": 0,
    "2023Q4": 0,
    "2024Q1": 0,
    "2024Q2": 0,
    "2024Q3": 0,
    "2024Q4": 0,
    "2025Q1": 0,
    "2025Q2": 0,
    "2025Q3": 0,
    "2025Q4": 15
  },
  "quantile_4": {
    "2015": 846,
    "2016": 708,
    "2017": 2938,
    "2018": 2469,
    "2019": 1354,
    "2020": 1916,
    "2021": 120,
    "2022": 322,
    "2023": 645,
    "2024": 371,
    "2025": 126,
    "2015-01": 144,
    "2015-02": 175,
    "2015-03": 125,
    "2015-04": 107,
    "2015-05": 90,
    "2015-06": 71,
    "2015-07": 36,
    "2015-08": 846,
    "2015-09": 840,
    "2015-10": 804,
    "2015-11": 668,
    "2015-12": 746,
    "2016-01": 708,
    "2016-02": 691,
    "2016-03": 662,
    "2016-04": 623,
    "2016-05": 600,
    "2016-06": 562,
    "2016-07": 538,
    "2016-08": 528,
    "2016-09": 467,
    "2016-10": 442,
    "2016-11": 419,
    "2016-12": 375,
    "2017-01": 346,
    "2017-02": 317,
    "2017-03": 370,
    "2017-04": 2938,
    "2017-05": 228,
    "2017-06": 264,
    "2017-07": 187,
    "2017-08": 154,
    "2017-09": 132,
    "2017-10": 96,
    "2017-11": 187,
    "2017-12": 1289,
    "2018-01": 150,
    "2018-02": 90,
    "2018-03": 181,
    "2018-04": 166,
    "2018-05": 188,
    "2018-06": 170,
    "2018-07": 251,
    "2018-08": 127,
    "2018-09": 121,
    "2018-10": 123,
    "2018-11": 110,
    "2018-12": 2469,
    "2019-01": 100,
    "2019-02": 90,
    "2019-03": 179,
    "2019-04": 224,
    "2019-05": 180,
    "2019-06": 1354,
    "2019-07": 151,
    "2019-08": 94,
    "2019-09": 170,
    "2019-10": 90,
    "2019-11": 140,
    "2019-12": 94,
    "2020-01": 96,
    "2020-02": 90,
    "2020-03": 129,
    "2020-04": 91,
    "2020-05": 90,
    "2020-06": 1916,
    "2020-07": 337,
    "2020-08": 96,
    "2020-09": 90,
    "2020-10": 0,
    "2020-11": 33,
    "2020-12": 0,
    "2021-01": 90,
    "2021-02": 0,
    "2021-03": 90,
    "2021-04": 0,
    "2021-05": 90,
    "2021-06": 90,
    "2021-07": 90,
    "2021-08": 4,
    "2021-09": 90,
    "2021-10": 120,
    "2021-11": 9,
    "2021-12": 1,
    "2022-01": 2,
    "2022-02": 38,
    "2022-03": 90,
    "2022-04": 6,
    "2022-05": 9,
    "2022-06": 3,
    "2022-07": 20,
    "2022-08": 76,
    "2022-09": 0,
    "2022-10": 322,
    "2022-11": 6,
    "2022-12": 183,
    "2023-01": 230,
    "2023-02": 0,
    "2023-03": 71,
    "2023-04": 10,
    "2023-05": 7,
    "2023-06": 15,
    "2023-07": 242,
    "2023-08": 120,
    "2023-09": 0,
    "2023-10": 645,
    "2023-11": 67,
    "2023-12": 173,
    "2024-01": 133,
    "2024-02": 15,
    "2024-03": 309,
    "2024-04": 365,
    "2024-05": 12,
    "2024-06": 6,
    "2024-07": 3,
    "2024-08": 103,
    "2024-09": 13,
    "2024-10": 371,
    "2024-11": 112,
    "2024-12": 70,
    "2025-01": 3,
    "2025-02": 7,
    "2025-03": 100,
    "2025-04": 44,
    "2025-05": 70,
    "2025-06": 90,
    "2025-07": 126,
    "2025-08": 90,
    "2025-09": 97,
    "2025-10": 15,
    "2025-11": 15,
    "2025-12": 15,
    "2015Q1": 175,
    "2015Q2": 107,
    "2015Q3": 846,
    "2015Q4": 804,
    "2016Q1": 708,
    "2016Q2": 623,
    "2016Q3": 538,
    "2016Q4": 442,
    "2017Q1": 370,
    "2017Q2": 2938,
    "2017Q3": 187,
    "2017Q4": 1289,
    "2018Q1": 181,
    "2018Q2": 188,
    "2018Q3": 251,
    "2018Q4": 2469,
    "2019Q1": 179,
    "2019Q2": 1354,
    "2019Q3": 170,
    "2019Q4": 140,
    "2020Q1": 129,
    "2020Q2": 1916,
    "2020Q3": 337,
    "2020Q4": 33,
    "2021Q1": 90,
    "2021Q2": 90,
    "2021Q3": 90,
    "2021Q4": 120,
    "2022Q1": 90,
    "2022Q2": 9,
    "2022Q3": 76,
    "2022Q4": 322,
    "2023Q1": 230,
    "2023Q2": 15,
    "2023Q3": 242,
    "2023Q4": 645,
    "2024Q1": 309,
    "2024Q2": 365,
    "2024Q3": 103,
    "2024Q4": 371,
    "2025Q1": 100,
    "2025Q2": 90,
    "2025Q3": 126,
    "2025Q4": 15
  }
}