[
  {
    "name": "dev-blockchain-core-0",
    "commits": 855,
    "issues_active": 5,
    "response_speed": 11
  },
  {
    "name": "dev-blockchain-core-1",
    "commits": 836,
    "issues_active": 5,
    "response_speed": 56
  },
  {
    "name": "dev-blockchain-core-2",
    "commits": 49,
    "issues_active": 19,
    "response_speed": 63
  },
  {
    "name": "dev-blockchain-core-3",
    "commits": 43,
    "issues_active": 0,
    "response_speed": 71
  },
  {
    "name": "dev-blockchain-core-4",
    "commits": 50,
    "issues_active": 8,
    "response_speed": 39
  },
  {
    "name": "dev-blockchain-core-5",
    "commits": 44,
    "issues_active": 8,
    "response_speed": 59
  },
  {
    "name": "dev-blockchain-core-6",
    "commits": 17,
    "issues_active": 4,
    "response_speed": 65
  },
  {
    "name": "dev-blockchain-core-7",
    "commits": 40,
    "issues_active": 8,
    "response_speed": 21
  },
  {
    "name": "dev-blockchain-core-8",
    "commits": 44,
    "issues_active": 2,
    "response_speed": 66
  },
  {
    "name": "dev-blockchain-core-9",
    "commits": 3,
    "issues_active": 4,
    "response_speed": 4
  },
  {
    "name": "dev-blockchain-core-10",
    "commits": 3,
    "issues_active": 10,
    "response_speed": 66
  },
  {
    "name": "dev-blockchain-core-11",
    "commits": 3,
    "issues_active": 14,
    "response_speed": 32
  },
  {
    "name": "dev-blockchain-core-12",
    "commits": 1,
    "issues_active": 8,
    "response_speed": 3
  },
  {
    "name": "dev-blockchain-core-13",
    "commits": 35,
    "issues_active": 9,
    "response_speed": 66
  },
  {
    "name": "dev-blockchain-core-14",
    "commits": 24,
    "issues_active": 9,
    "response_speed": 6
  },
  {
    "name": "dev-blockchain-core-15",
    "commits": 9,
    "issues_active": 1,
    "response_speed": 6
  },
  {
    "name": "dev-blockchain-core-16",
    "commits": 29,
    "issues_active": 6,
    "response_speed": 36
  },
  {
    "name": "dev-blockchain-core-17",
    "commits": 14,
    "issues_active": 8,
    "response_speed": 35
  },
  {
    "name": "dev-blockchain-core-18",
    "commits": 9,
    "issues_active": 15,
    "response_speed": 70
  },
  {
    "name": "dev-blockchain-core-19",
    "commits": 22,
    "issues_active": 16,
    "response_speed": 28
  }
]