[
  {
    "name": "dev-cloud-native-0",
    "commits": 19,
    "issues_active": 20,
    "response_speed": 53
  },
  {
    "name": "dev-cloud-native-1",
    "commits": 37,
    "issues_active": 6,
    "response_speed": 16
  },
  {
    "name": "dev-cloud-native-2",
    "commits": 5,
    "issues_active": 15,
    "response_speed": 31
  },
  {
    "name": "dev-cloud-native-3",
    "commits": 22,
    "issues_active": 6,
    "response_speed": 15
  },
  {
    "name": "dev-cloud-native-4",
    "commits": 16,
    "issues_active": 15,
    "response_speed": 13
  },
  {
    "name": "dev-cloud-native-5",
    "commits": 38,
    "issues_active": 7,
    "response_speed": 49
  },
  {
    "name": "dev-cloud-native-6",
    "commits": 49,
    "issues_active": 16,
    "response_speed": 29
  },
  {
    "name": "dev-cloud-native-7",
    "commits": 32,
    "issues_active": 14,
    "response_speed": 47
  },
  {
    "name": "dev-cloud-native-8",
    "commits": 12,
    "issues_active": 3,
    "response_speed": 31
  },
  {
    "name": "dev-cloud-native-9",
    "commits": 35,
    "issues_active": 18,
    "response_speed": 32
  },
  {
    "name": "dev-cloud-native-10",
    "commits": 15,
    "issues_active": 11,
    "response_speed": 9
  },
  {
    "name": "dev-cloud-native-11",
    "commits": 1,
    "issues_active": 16,
    "response_speed": 35
  },
  {
    "name": "dev-cloud-native-12",
    "commits": 47,
    "issues_active": 4,
    "response_speed": 62
  },
  {
    "name": "dev-cloud-native-13",
    "commits": 21,
    "issues_active": 2,
    "response_speed": 58
  },
  {
    "name": "dev-cloud-native-14",
    "commits": 46,
    "issues_active": 8,
    "response_speed": 37
  },
  {
    "name": "dev-cloud-native-15",
    "commits": 27,
    "issues_active": 5,
    "response_speed": 65
  },
  {
    "name": "dev-cloud-native-16",
    "commits": 2,
    "issues_active": 5,
    "response_speed": 1
  },
  {
    "name": "dev-cloud-native-17",
    "commits": 16,
    "issues_active": 5,
    "response_speed": 30
  },
  {
    "name": "dev-cloud-native-18",
    "commits": 1,
    "issues_active": 13,
    "response_speed": 31
  },
  {
    "name": "dev-cloud-native-19",
    "commits": 42,
    "issues_active": 11,
    "response_speed": 72
  },
  {
    "name": "dev-cloud-native-20",
    "commits": 42,
    "issues_active": 17,
    "response_speed": 52
  },
  {
    "name": "dev-cloud-native-21",
    "commits": 23,
    "issues_active": 2,
    "response_speed": 44
  },
  {
    "name": "dev-cloud-native-22",
    "commits": 16,
    "issues_active": 15,
    "response_speed": 46
  }
]