[
  {
    "name": "dev-blockchain-core-0",
    "commits": 1,
    "issues_active": 7,
    "response_speed": 1
  },
  {
    "name": "dev-blockchain-core-1",
    "commits": 14,
    "issues_active": 7,
    "response_speed": 2
  },
  {
    "name": "dev-blockchain-core-2",
    "commits": 13,
    "issues_active": 9,
    "response_speed": 71
  },
  {
    "name": "dev-blockchain-core-3",
    "commits": 3,
    "issues_active": 18,
    "response_speed": 9
  },
  {
    "name": "dev-blockchain-core-4",
    "commits": 46,
    "issues_active": 10,
    "response_speed": 38
  },
  {
    "name": "dev-blockchain-core-5",
    "commits": 41,
    "issues_active": 2,
    "response_speed": 28
  },
  {
    "name": "dev-blockchain-core-6",
    "commits": 28,
    "issues_active": 17,
    "response_speed": 4
  },
  {
    "name": "dev-blockchain-core-7",
    "commits": 44,
    "issues_active": 1,
    "response_speed": 9
  },
  {
    "name": "dev-blockchain-core-8",
    "commits": 40,
    "issues_active": 1,
    "response_speed": 13
  },
  {
    "name": "dev-blockchain-core-9",
    "commits": 40,
    "issues_active": 18,
    "response_speed": 7
  },
  {
    "name": "dev-blockchain-core-10",
    "commits": 26,
    "issues_active": 4,
    "response_speed": 40
  },
  {
    "name": "dev-blockchain-core-11",
    "commits": 35,
    "issues_active": 16,
    "response_speed": 57
  },
  {
    "name": "dev-blockchain-core-12",
    "commits": 24,
    "issues_active": 13,
    "response_speed": 12
  },
  {
    "name": "dev-blockchain-core-13",
    "commits": 25,
    "issues_active": 7,
    "response_speed": 8
  },
  {
    "name": "dev-blockchain-core-14",
    "commits": 49,
    "issues_active": 12,
    "response_speed": 38
  },
  {
    "name": "dev-blockchain-core-15",
    "commits": 26,
    "issues_active": 5,
    "response_speed": 65
  },
  {
    "name": "dev-blockchain-core-16",
    "commits": 31,
    "issues_active": 3,
    "response_speed": 17
  },
  {
    "name": "dev-blockchain-core-17",
    "commits": 19,
    "issues_active": 12,
    "response_speed": 52
  },
  {
    "name": "dev-blockchain-core-18",
    "commits": 43,
    "issues_active": 1,
    "response_speed": 53
  },
  {
    "name": "dev-blockchain-core-19",
    "commits": 46,
    "issues_active": 2,
    "response_speed": 46
  },
  {
    "name": "dev-blockchain-core-20",
    "commits": 18,
    "issues_active": 0,
    "response_speed": 47
  },
  {
    "name": "dev-blockchain-core-21",
    "commits": 27,
    "issues_active": 3,
    "response_speed": 36
  },
  {
    "name": "dev-blockchain-core-22",
    "commits": 12,
    "issues_active": 18,
    "response_speed": 17
  },
  {
    "name": "dev-blockchain-core-23",
    "commits": 35,
    "issues_active": 0,
    "response_speed": 61
  },
  {
    "name": "dev-blockchain-core-24",
    "commits": 1,
    "issues_active": 19,
    "response_speed": 26
  },
  {
    "name": "dev-blockchain-core-25",
    "commits": 49,
    "issues_active": 13,
    "response_speed": 72
  },
  {
    "name": "dev-blockchain-core-26",
    "commits": 36,
    "issues_active": 11,
    "response_speed": 61
  },
  {
    "name": "dev-blockchain-core-27",
    "commits": 13,
    "issues_active": 15,
    "response_speed": 12
  },
  {
    "name": "dev-blockchain-core-28",
    "commits": 40,
    "issues_active": 17,
    "response_speed": 25
  },
  {
    "name": "dev-blockchain-core-29",
    "commits": 46,
    "issues_active": 11,
    "response_speed": 16
  },
  {
    "name": "dev-blockchain-core-30",
    "commits": 23,
    "issues_active": 4,
    "response_speed": 51
  },
  {
    "name": "dev-blockchain-core-31",
    "commits": 32,
    "issues_active": 17,
    "response_speed": 23
  },
  {
    "name": "dev-blockchain-core-32",
    "commits": 13,
    "issues_active": 1,
    "response_speed": 5
  },
  {
    "name": "dev-blockchain-core-33",
    "commits": 15,
    "issues_active": 8,
    "response_speed": 7
  },
  {
    "name": "dev-blockchain-core-34",
    "commits": 48,
    "issues_active": 16,
    "response_speed": 9
  },
  {
    "name": "dev-blockchain-core-35",
    "commits": 7,
    "issues_active": 13,
    "response_speed": 68
  },
  {
    "name": "dev-blockchain-core-36",
    "commits": 41,
    "issues_active": 0,
    "response_speed": 43
  },
  {
    "name": "dev-blockchain-core-37",
    "commits": 47,
    "issues_active": 13,
    "response_speed": 53
  }
]