[
  {
    "name": "dev-ai-labs-0",
    "commits": 39,
    "issues_active": 9,
    "response_speed": 39
  },
  {
    "name": "dev-ai-labs-1",
    "commits": 19,
    "issues_active": 3,
    "response_speed": 71
  },
  {
    "name": "dev-ai-labs-2",
    "commits": 12,
    "issues_active": 20,
    "response_speed": 1
  },
  {
    "name": "dev-ai-labs-3",
    "commits": 27,
    "issues_active": 0,
    "response_speed": 17
  },
  {
    "name": "dev-ai-labs-4",
    "commits": 48,
    "issues_active": 16,
    "response_speed": 40
  },
  {
    "name": "dev-ai-labs-5",
    "commits": 41,
    "issues_active": 16,
    "response_speed": 11
  },
  {
    "name": "dev-ai-labs-6",
    "commits": 34,
    "issues_active": 18,
    "response_speed": 44
  },
  {
    "name": "dev-ai-labs-7",
    "commits": 34,
    "issues_active": 2,
    "response_speed": 10
  },
  {
    "name": "dev-ai-labs-8",
    "commits": 9,
    "issues_active": 1,
    "response_speed": 46
  },
  {
    "name": "dev-ai-labs-9",
    "commits": 14,
    "issues_active": 19,
    "response_speed": 67
  },
  {
    "name": "dev-ai-labs-10",
    "commits": 11,
    "issues_active": 12,
    "response_speed": 41
  },
  {
    "name": "dev-ai-labs-11",
    "commits": 42,
    "issues_active": 4,
    "response_speed": 42
  },
  {
    "name": "dev-ai-labs-12",
    "commits": 29,
    "issues_active": 11,
    "response_speed": 18
  },
  {
    "name": "dev-ai-labs-13",
    "commits": 29,
    "issues_active": 10,
    "response_speed": 47
  },
  {
    "name": "dev-ai-labs-14",
    "commits": 1,
    "issues_active": 3,
    "response_speed": 23
  },
  {
    "name": "dev-ai-labs-15",
    "commits": 6,
    "issues_active": 17,
    "response_speed": 1
  },
  {
    "name": "dev-ai-labs-16",
    "commits": 20,
    "issues_active": 6,
    "response_speed": 19
  },
  {
    "name": "dev-ai-labs-17",
    "commits": 49,
    "issues_active": 3,
    "response_speed": 51
  },
  {
    "name": "dev-ai-labs-18",
    "commits": 27,
    "issues_active": 6,
    "response_speed": 57
  },
  {
    "name": "dev-ai-labs-19",
    "commits": 46,
    "issues_active": 4,
    "response_speed": 53
  },
  {
    "name": "dev-ai-labs-20",
    "commits": 34,
    "issues_active": 10,
    "response_speed": 59
  },
  {
    "name": "dev-ai-labs-21",
    "commits": 42,
    "issues_active": 13,
    "response_speed": 37
  },
  {
    "name": "dev-ai-labs-22",
    "commits": 25,
    "issues_active": 7,
    "response_speed": 42
  },
  {
    "name": "dev-ai-labs-23",
    "commits": 46,
    "issues_active": 11,
    "response_speed": 66
  },
  {
    "name": "dev-ai-labs-24",
    "commits": 38,
    "issues_active": 5,
    "response_speed": 22
  },
  {
    "name": "dev-ai-labs-25",
    "commits": 11,
    "issues_active": 0,
    "response_speed": 41
  }
]