[
  {
    "name": "dev-database-systems-0",
    "commits": 35,
    "issues_active": 19,
    "response_speed": 47
  },
  {
    "name": "dev-database-systems-1",
    "commits": 22,
    "issues_active": 13,
    "response_speed": 46
  },
  {
    "name": "dev-database-systems-2",
    "commits": 10,
    "issues_active": 16,
    "response_speed": 35
  },
  {
    "name": "dev-database-systems-3",
    "commits": 17,
    "issues_active": 8,
    "response_speed": 43
  },
  {
    "name": "dev-database-systems-4",
    "commits": 22,
    "issues_active": 13,
    "response_speed": 48
  },
  {
    "name": "dev-database-systems-5",
    "commits": 39,
    "issues_active": 15,
    "response_speed": 28
  },
  {
    "name": "dev-database-systems-6",
    "commits": 29,
    "issues_active": 6,
    "response_speed": 52
  },
  {
    "name": "dev-database-systems-7",
    "commits": 38,
    "issues_active": 1,
    "response_speed": 17
  },
  {
    "name": "dev-database-systems-8",
    "commits": 9,
    "issues_active": 7,
    "response_speed": 31
  },
  {
    "name": "dev-database-systems-9",
    "commits": 6,
    "issues_active": 17,
    "response_speed": 23
  },
  {
    "name": "dev-database-systems-10",
    "commits": 31,
    "issues_active": 0,
    "response_speed": 61
  },
  {
    "name": "dev-database-systems-11",
    "commits": 15,
    "issues_active": 20,
    "response_speed": 51
  },
  {
    "name": "dev-database-systems-12",
    "commits": 17,
    "issues_active": 17,
    "response_speed": 34
  },
  {
    "name": "dev-database-systems-13",
    "commits": 41,
    "issues_active": 15,
    "response_speed": 63
  },
  {
    "name": "dev-database-systems-14",
    "commits": 38,
    "issues_active": 18,
    "response_speed": 65
  },
  {
    "name": "dev-database-systems-15",
    "commits": 17,
    "issues_active": 0,
    "response_speed": 30
  },
  {
    "name": "dev-database-systems-16",
    "commits": 43,
    "issues_active": 10,
    "response_speed": 37
  },
  {
    "name": "dev-database-systems-17",
    "commits": 18,
    "issues_active": 2,
    "response_speed": 61
  },
  {
    "name": "dev-database-systems-18",
    "commits": 19,
    "issues_active": 13,
    "response_speed": 14
  },
  {
    "name": "dev-database-systems-19",
    "commits": 47,
    "issues_active": 15,
    "response_speed": 38
  },
  {
    "name": "dev-database-systems-20",
    "commits": 30,
    "issues_active": 15,
    "response_speed": 4
  },
  {
    "name": "dev-database-systems-21",
    "commits": 37,
    "issues_active": 0,
    "response_speed": 11
  },
  {
    "name": "dev-database-systems-22",
    "commits": 38,
    "issues_active": 20,
    "response_speed": 1
  },
  {
    "name": "dev-database-systems-23",
    "commits": 15,
    "issues_active": 10,
    "response_speed": 11
  },
  {
    "name": "dev-database-systems-24",
    "commits": 27,
    "issues_active": 19,
    "response_speed": 31
  },
  {
    "name": "dev-database-systems-25",
    "commits": 4,
    "issues_active": 8,
    "response_speed": 17
  },
  {
    "name": "dev-database-systems-26",
    "commits": 48,
    "issues_active": 5,
    "response_speed": 26
  },
  {
    "name": "dev-database-systems-27",
    "commits": 44,
    "issues_active": 12,
    "response_speed": 17
  },
  {
    "name": "dev-database-systems-28",
    "commits": 34,
    "issues_active": 4,
    "response_speed": 29
  },
  {
    "name": "dev-database-systems-29",
    "commits": 1,
    "issues_active": 17,
    "response_speed": 25
  },
  {
    "name": "dev-database-systems-30",
    "commits": 34,
    "issues_active": 5,
    "response_speed": 38
  },
  {
    "name": "dev-database-systems-31",
    "commits": 1,
    "issues_active": 9,
    "response_speed": 48
  },
  {
    "name": "dev-database-systems-32",
    "commits": 29,
    "issues_active": 16,
    "response_speed": 37
  },
  {
    "name": "dev-database-systems-33",
    "commits": 34,
    "issues_active": 1,
    "response_speed": 10
  },
  {
    "name": "dev-database-systems-34",
    "commits": 21,
    "issues_active": 11,
    "response_speed": 62
  },
  {
    "name": "dev-database-systems-35",
    "commits": 5,
    "issues_active": 7,
    "response_speed": 20
  },
  {
    "name": "dev-database-systems-36",
    "commits": 14,
    "issues_active": 18,
    "response_speed": 28
  },
  {
    "name": "dev-database-systems-37",
    "commits": 39,
    "issues_active": 14,
    "response_speed": 9
  },
  {
    "name": "dev-database-systems-38",
    "commits": 37,
    "issues_active": 15,
    "response_speed": 15
  },
  {
    "name": "dev-database-systems-39",
    "commits": 47,
    "issues_active": 18,
    "response_speed": 38
  },
  {
    "name": "dev-database-systems-40",
    "commits": 1,
    "issues_active": 2,
    "response_speed": 14
  },
  {
    "name": "dev-database-systems-41",
    "commits": 33,
    "issues_active": 9,
    "response_speed": 58
  },
  {
    "name": "dev-database-systems-42",
    "commits": 16,
    "issues_active": 0,
    "response_speed": 37
  },
  {
    "name": "dev-database-systems-43",
    "commits": 44,
    "issues_active": 10,
    "response_speed": 55
  },
  {
    "name": "dev-database-systems-44",
    "commits": 7,
    "issues_active": 8,
    "response_speed": 36
  },
  {
    "name": "dev-database-systems-45",
    "commits": 22,
    "issues_active": 0,
    "response_speed": 18
  },
  {
    "name": "dev-database-systems-46",
    "commits": 1,
    "issues_active": 3,
    "response_speed": 4
  },
  {
    "name": "dev-database-systems-47",
    "commits": 49,
    "issues_active": 7,
    "response_speed": 47
  },
  {
    "name": "dev-database-systems-48",
    "commits": 27,
    "issues_active": 13,
    "response_speed": 61
  },
  {
    "name": "dev-database-systems-49",
    "commits": 30,
    "issues_active": 2,
    "response_speed": 10
  }
]