[
  {
    "name": "dev-iot-edge-0",
    "commits": 648,
    "issues_active": 8,
    "response_speed": 69
  },
  {
    "name": "dev-iot-edge-1",
    "commits": 885,
    "issues_active": 13,
    "response_speed": 9
  },
  {
    "name": "dev-iot-edge-2",
    "commits": 30,
    "issues_active": 19,
    "response_speed": 44
  },
  {
    "name": "dev-iot-edge-3",
    "commits": 16,
    "issues_active": 10,
    "response_speed": 23
  },
  {
    "name": "dev-iot-edge-4",
    "commits": 28,
    "issues_active": 4,
    "response_speed": 23
  },
  {
    "name": "dev-iot-edge-5",
    "commits": 30,
    "issues_active": 9,
    "response_speed": 15
  },
  {
    "name": "dev-iot-edge-6",
    "commits": 4,
    "issues_active": 18,
    "response_speed": 70
  },
  {
    "name": "dev-iot-edge-7",
    "commits": 11,
    "issues_active": 16,
    "response_speed": 46
  },
  {
    "name": "dev-iot-edge-8",
    "commits": 10,
    "issues_active": 0,
    "response_speed": 49
  },
  {
    "name": "dev-iot-edge-9",
    "commits": 34,
    "issues_active": 1,
    "response_speed": 63
  },
  {
    "name": "dev-iot-edge-10",
    "commits": 28,
    "issues_active": 9,
    "response_speed": 71
  },
  {
    "name": "dev-iot-edge-11",
    "commits": 23,
    "issues_active": 13,
    "response_speed": 51
  },
  {
    "name": "dev-iot-edge-12",
    "commits": 34,
    "issues_active": 19,
    "response_speed": 56
  },
  {
    "name": "dev-iot-edge-13",
    "commits": 34,
    "issues_active": 18,
    "response_speed": 27
  },
  {
    "name": "dev-iot-edge-14",
    "commits": 23,
    "issues_active": 8,
    "response_speed": 28
  },
  {
    "name": "dev-iot-edge-15",
    "commits": 4,
    "issues_active": 13,
    "response_speed": 8
  },
  {
    "name": "dev-iot-edge-16",
    "commits": 1,
    "issues_active": 14,
    "response_speed": 27
  },
  {
    "name": "dev-iot-edge-17",
    "commits": 25,
    "issues_active": 11,
    "response_speed": 26
  },
  {
    "name": "dev-iot-edge-18",
    "commits": 6,
    "issues_active": 16,
    "response_speed": 54
  }
]