[
  {
    "name": "dev-blockchain-core-0",
    "commits": 14,
    "issues_active": 13,
    "response_speed": 20
  },
  {
    "name": "dev-blockchain-core-1",
    "commits": 28,
    "issues_active": 15,
    "response_speed": 4
  },
  {
    "name": "dev-blockchain-core-2",
    "commits": 26,
    "issues_active": 3,
    "response_speed": 11
  },
  {
    "name": "dev-blockchain-core-3",
    "commits": 22,
    "issues_active": 18,
    "response_speed": 11
  },
  {
    "name": "dev-blockchain-core-4",
    "commits": 4,
    "issues_active": 2,
    "response_speed": 4
  },
  {
    "name": "dev-blockchain-core-5",
    "commits": 28,
    "issues_active": 10,
    "response_speed": 39
  },
  {
    "name": "dev-blockchain-core-6",
    "commits": 8,
    "issues_active": 6,
    "response_speed": 17
  },
  {
    "name": "dev-blockchain-core-7",
    "commits": 38,
    "issues_active": 9,
    "response_speed": 52
  },
  {
    "name": "dev-blockchain-core-8",
    "commits": 28,
    "issues_active": 7,
    "response_speed": 64
  }
]