[
  {
    "name": "dev-database-systems-0",
    "commits": 50,
    "issues_active": 17,
    "response_speed": 16
  },
  {
    "name": "dev-database-systems-1",
    "commits": 33,
    "issues_active": 10,
    "response_speed": 10
  },
  {
    "name": "dev-database-systems-2",
    "commits": 18,
    "issues_active": 17,
    "response_speed": 10
  },
  {
    "name": "dev-database-systems-3",
    "commits": 41,
    "issues_active": 20,
    "response_speed": 9
  },
  {
    "name": "dev-database-systems-4",
    "commits": 19,
    "issues_active": 3,
    "response_speed": 55
  }
]