[
  {
    "name": "dev-iot-edge-0",
    "commits": 50,
    "issues_active": 17,
    "response_speed": 37
  },
  {
    "name": "dev-iot-edge-1",
    "commits": 5,
    "issues_active": 11,
    "response_speed": 11
  },
  {
    "name": "dev-iot-edge-2",
    "commits": 17,
    "issues_active": 15,
    "response_speed": 19
  },
  {
    "name": "dev-iot-edge-3",
    "commits": 39,
    "issues_active": 1,
    "response_speed": 4
  },
  {
    "name": "dev-iot-edge-4",
    "commits": 41,
    "issues_active": 2,
    "response_speed": 15
  },
  {
    "name": "dev-iot-edge-5",
    "commits": 40,
    "issues_active": 6,
    "response_speed": 58
  },
  {
    "name": "dev-iot-edge-6",
    "commits": 46,
    "issues_active": 15,
    "response_speed": 61
  },
  {
    "name": "dev-iot-edge-7",
    "commits": 22,
    "issues_active": 10,
    "response_speed": 39
  },
  {
    "name": "dev-iot-edge-8",
    "commits": 20,
    "issues_active": 17,
    "response_speed": 55
  },
  {
    "name": "dev-iot-edge-9",
    "commits": 16,
    "issues_active": 2,
    "response_speed": 71
  },
  {
    "name": "dev-iot-edge-10",
    "commits": 25,
    "issues_active": 20,
    "response_speed": 66
  },
  {
    "name": "dev-iot-edge-11",
    "commits": 8,
    "issues_active": 12,
    "response_speed": 24
  },
  {
    "name": "dev-iot-edge-12",
    "commits": 40,
    "issues_active": 6,
    "response_speed": 15
  },
  {
    "name": "dev-iot-edge-13",
    "commits": 7,
    "issues_active": 19,
    "response_speed": 40
  },
  {
    "name": "dev-iot-edge-14",
    "commits": 30,
    "issues_active": 16,
    "response_speed": 39
  },
  {
    "name": "dev-iot-edge-15",
    "commits": 3,
    "issues_active": 12,
    "response_speed": 68
  },
  {
    "name": "dev-iot-edge-16",
    "commits": 46,
    "issues_active": 14,
    "response_speed": 23
  },
  {
    "name": "dev-iot-edge-17",
    "commits": 45,
    "issues_active": 20,
    "response_speed": 41
  },
  {
    "name": "dev-iot-edge-18",
    "commits": 1,
    "issues_active": 13,
    "response_speed": 9
  },
  {
    "name": "dev-iot-edge-19",
    "commits": 25,
    "issues_active": 10,
    "response_speed": 15
  },
  {
    "name": "dev-iot-edge-20",
    "commits": 36,
    "issues_active": 2,
    "response_speed": 64
  },
  {
    "name": "dev-iot-edge-21",
    "commits": 6,
    "issues_active": 15,
    "response_speed": 52
  },
  {
    "name": "dev-iot-edge-22",
    "commits": 35,
    "issues_active": 16,
    "response_speed": 15
  },
  {
    "name": "dev-iot-edge-23",
    "commits": 6,
    "issues_active": 0,
    "response_speed": 64
  },
  {
    "name": "dev-iot-edge-24",
    "commits": 39,
    "issues_active": 5,
    "response_speed": 51
  },
  {
    "name": "dev-iot-edge-25",
    "commits": 9,
    "issues_active": 11,
    "response_speed": 68
  },
  {
    "name": "dev-iot-edge-26",
    "commits": 1,
    "issues_active": 7,
    "response_speed": 15
  },
  {
    "name": "dev-iot-edge-27",
    "commits": 21,
    "issues_active": 0,
    "response_speed": 57
  },
  {
    "name": "dev-iot-edge-28",
    "commits": 41,
    "issues_active": 19,
    "response_speed": 52
  },
  {
    "name": "dev-iot-edge-29",
    "commits": 41,
    "issues_active": 3,
    "response_speed": 38
  },
  {
    "name": "dev-iot-edge-30",
    "commits": 26,
    "issues_active": 17,
    "response_speed": 48
  },
  {
    "name": "dev-iot-edge-31",
    "commits": 37,
    "issues_active": 20,
    "response_speed": 67
  },
  {
    "name": "dev-iot-edge-32",
    "commits": 21,
    "issues_active": 6,
    "response_speed": 17
  },
  {
    "name": "dev-iot-edge-33",
    "commits": 29,
    "issues_active": 7,
    "response_speed": 44
  },
  {
    "name": "dev-iot-edge-34",
    "commits": 28,
    "issues_active": 16,
    "response_speed": 41
  },
  {
    "name": "dev-iot-edge-35",
    "commits": 22,
    "issues_active": 3,
    "response_speed": 12
  },
  {
    "name": "dev-iot-edge-36",
    "commits": 6,
    "issues_active": 11,
    "response_speed": 62
  },
  {
    "name": "dev-iot-edge-37",
    "commits": 15,
    "issues_active": 19,
    "response_speed": 23
  },
  {
    "name": "dev-iot-edge-38",
    "commits": 4,
    "issues_active": 9,
    "response_speed": 40
  },
  {
    "name": "dev-iot-edge-39",
    "commits": 49,
    "issues_active": 8,
    "response_speed": 31
  },
  {
    "name": "dev-iot-edge-40",
    "commits": 24,
    "issues_active": 2,
    "response_speed": 40
  },
  {
    "name": "dev-iot-edge-41",
    "commits": 28,
    "issues_active": 13,
    "response_speed": 58
  },
  {
    "name": "dev-iot-edge-42",
    "commits": 29,
    "issues_active": 15,
    "response_speed": 56
  },
  {
    "name": "dev-iot-edge-43",
    "commits": 26,
    "issues_active": 11,
    "response_speed": 19
  },
  {
    "name": "dev-iot-edge-44",
    "commits": 21,
    "issues_active": 8,
    "response_speed": 22
  }
]