[
  {
    "name": "dev-mobile-tooling-0",
    "commits": 911,
    "issues_active": 3,
    "response_speed": 46
  },
  {
    "name": "dev-mobile-tooling-1",
    "commits": 779,
    "issues_active": 3,
    "response_speed": 5
  },
  {
    "name": "dev-mobile-tooling-2",
    "commits": 46,
    "issues_active": 14,
    "response_speed": 64
  },
  {
    "name": "dev-mobile-tooling-3",
    "commits": 27,
    "issues_active": 13,
    "response_speed": 60
  },
  {
    "name": "dev-mobile-tooling-4",
    "commits": 10,
    "issues_active": 7,
    "response_speed": 17
  },
  {
    "name": "dev-mobile-tooling-5",
    "commits": 21,
    "issues_active": 13,
    "response_speed": 9
  },
  {
    "name": "dev-mobile-tooling-6",
    "commits": 42,
    "issues_active": 18,
    "response_speed": 27
  },
  {
    "name": "dev-mobile-tooling-7",
    "commits": 50,
    "issues_active": 5,
    "response_speed": 58
  },
  {
    "name": "dev-mobile-tooling-8",
    "commits": 11,
    "issues_active": 8,
    "response_speed": 51
  },
  {
    "name": "dev-mobile-tooling-9",
    "commits": 25,
    "issues_active": 0,
    "response_speed": 38
  },
  {
    "name": "dev-mobile-tooling-10",
    "commits": 10,
    "issues_active": 12,
    "response_speed": 41
  },
  {
    "name": "dev-mobile-tooling-11",
    "commits": 43,
    "issues_active": 18,
    "response_speed": 2
  },
  {
    "name": "dev-mobile-tooling-12",
    "commits": 14,
    "issues_active": 9,
    "response_speed": 67
  },
  {
    "name": "dev-mobile-tooling-13",
    "commits": 25,
    "issues_active": 3,
    "response_speed": 40
  },
  {
    "name": "dev-mobile-tooling-14",
    "commits": 48,
    "issues_active": 17,
    "response_speed": 52
  },
  {
    "name": "dev-mobile-tooling-15",
    "commits": 28,
    "issues_active": 11,
    "response_speed": 62
  },
  {
    "name": "dev-mobile-tooling-16",
    "commits": 26,
    "issues_active": 4,
    "response_speed": 33
  },
  {
    "name": "dev-mobile-tooling-17",
    "commits": 1,
    "issues_active": 1,
    "response_speed": 9
  },
  {
    "name": "dev-mobile-tooling-18",
    "commits": 11,
    "issues_active": 9,
    "response_speed": 35
  },
  {
    "name": "dev-mobile-tooling-19",
    "commits": 36,
    "issues_active": 3,
    "response_speed": 11
  },
  {
    "name": "dev-mobile-tooling-20",
    "commits": 11,
    "issues_active": 20,
    "response_speed": 41
  },
  {
    "name": "dev-mobile-tooling-21",
    "commits": 44,
    "issues_active": 19,
    "response_speed": 52
  },
  {
    "name": "dev-mobile-tooling-22",
    "commits": 8,
    "issues_active": 10,
    "response_speed": 68
  },
  {
    "name": "dev-mobile-tooling-23",
    "commits": 5,
    "issues_active": 20,
    "response_speed": 34
  },
  {
    "name": "dev-mobile-tooling-24",
    "commits": 2,
    "issues_active": 6,
    "response_speed": 36
  },
  {
    "name": "dev-mobile-tooling-25",
    "commits": 35,
    "issues_active": 19,
    "response_speed": 68
  },
  {
    "name": "dev-mobile-tooling-26",
    "commits": 21,
    "issues_active": 16,
    "response_speed": 17
  },
  {
    "name": "dev-mobile-tooling-27",
    "commits": 34,
    "issues_active": 8,
    "response_speed": 56
  },
  {
    "name": "dev-mobile-tooling-28",
    "commits": 31,
    "issues_active": 6,
    "response_speed": 72
  },
  {
    "name": "dev-mobile-tooling-29",
    "commits": 22,
    "issues_active": 14,
    "response_speed": 10
  },
  {
    "name": "dev-mobile-tooling-30",
    "commits": 17,
    "issues_active": 0,
    "response_speed": 60
  },
  {
    "name": "dev-mobile-tooling-31",
    "commits": 44,
    "issues_active": 0,
    "response_speed": 48
  },
  {
    "name": "dev-mobile-tooling-32",
    "commits": 5,
    "issues_active": 15,
    "response_speed": 55
  },
  {
    "name": "dev-mobile-tooling-33",
    "commits": 43,
    "issues_active": 12,
    "response_speed": 51
  },
  {
    "name": "dev-mobile-tooling-34",
    "commits": 27,
    "issues_active": 6,
    "response_speed": 2
  },
  {
    "name": "dev-mobile-tooling-35",
    "commits": 15,
    "issues_active": 17,
    "response_speed": 67
  },
  {
    "name": "dev-mobile-tooling-36",
    "commits": 6,
    "issues_active": 16,
    "response_speed": 47
  },
  {
    "name": "dev-mobile-tooling-37",
    "commits": 28,
    "issues_active": 17,
    "response_speed": 70
  },
  {
    "name": "dev-mobile-tooling-38",
    "commits": 18,
    "issues_active": 4,
    "response_speed": 15
  },
  {
    "name": "dev-mobile-tooling-39",
    "commits": 12,
    "issues_active": 1,
    "response_speed": 12
  },
  {
    "name": "dev-mobile-tooling-40",
    "commits": 26,
    "issues_active": 10,
    "response_speed": 44
  },
  {
    "name": "dev-mobile-tooling-41",
    "commits": 30,
    "issues_active": 5,
    "response_speed": 59
  },
  {
    "name": "dev-mobile-tooling-42",
    "commits": 1,
    "issues_active": 4,
    "response_speed": 15
  },
  {
    "name": "dev-mobile-tooling-43",
    "commits": 29,
    "issues_active": 0,
    "response_speed": 60
  },
  {
    "name": "dev-mobile-tooling-44",
    "commits": 38,
    "issues_active": 17,
    "response_speed": 5
  },
  {
    "name": "dev-mobile-tooling-45",
    "commits": 26,
    "issues_active": 3,
    "response_speed": 34
  },
  {
    "name": "dev-mobile-tooling-46",
    "commits": 35,
    "issues_active": 10,
    "response_speed": 37
  }
]