[
  {
    "name": "dev-devops-platform-0",
    "commits": 588,
    "issues_active": 9,
    "response_speed": 1
  },
  {
    "name": "dev-devops-platform-1",
    "commits": 657,
    "issues_active": 6,
    "response_speed": 3
  },
  {
    "name": "dev-devops-platform-2",
    "commits": 15,
    "issues_active": 14,
    "response_speed": 71
  },
  {
    "name": "dev-devops-platform-3",
    "commits": 29,
    "issues_active": 7,
    "response_speed": 61
  },
  {
    "name": "dev-devops-platform-4",
    "commits": 18,
    "issues_active": 16,
    "response_speed": 16
  },
  {
    "name": "dev-devops-platform-5",
    "commits": 19,
    "issues_active": 8,
    "response_speed": 14
  },
  {
    "name": "dev-devops-platform-6",
    "commits": 28,
    "issues_active": 2,
    "response_speed": 7
  },
  {
    "name": "dev-devops-platform-7",
    "commits": 43,
    "issues_active": 18,
    "response_speed": 54
  },
  {
    "name": "dev-devops-platform-8",
    "commits": 44,
    "issues_active": 13,
    "response_speed": 7
  },
  {
    "name": "dev-devops-platform-9",
    "commits": 31,
    "issues_active": 15,
    "response_speed": 57
  },
  {
    "name": "dev-devops-platform-10",
    "commits": 39,
    "issues_active": 11,
    "response_speed": 18
  },
  {
    "name": "dev-devops-platform-11",
    "commits": 25,
    "issues_active": 16,
    "response_speed": 47
  },
  {
    "name": "dev-devops-platform-12",
    "commits": 11,
    "issues_active": 3,
    "response_speed": 67
  },
  {
    "name": "dev-devops-platform-13",
    "commits": 44,
    "issues_active": 12,
    "response_speed": 4
  },
  {
    "name": "dev-devops-platform-14",
    "commits": 7,
    "issues_active": 20,
    "response_speed": 12
  },
  {
    "name": "dev-devops-platform-15",
    "commits": 4,
    "issues_active": 17,
    "response_speed": 8
  },
  {
    "name": "dev-devops-platform-16",
    "commits": 36,
    "issues_active": 11,
    "response_speed": 8
  },
  {
    "name": "dev-devops-platform-17",
    "commits": 30,
    "issues_active": 17,
    "response_speed": 3
  },
  {
    "name": "dev-devops-platform-18",
    "commits": 33,
    "issues_active": 12,
    "response_speed": 54
  },
  {
    "name": "dev-devops-platform-19",
    "commits": 50,
    "issues_active": 9,
    "response_speed": 8
  },
  {
    "name": "dev-devops-platform-20",
    "commits": 43,
    "issues_active": 19,
    "response_speed": 60
  },
  {
    "name": "dev-devops-platform-21",
    "commits": 9,
    "issues_active": 0,
    "response_speed": 55
  },
  {
    "name": "dev-devops-platform-22",
    "commits": 9,
    "issues_active": 7,
    "response_speed": 62
  },
  {
    "name": "dev-devops-platform-23",
    "commits": 27,
    "issues_active": 20,
    "response_speed": 23
  },
  {
    "name": "dev-devops-platform-24",
    "commits": 1,
    "issues_active": 11,
    "response_speed": 62
  },
  {
    "name": "dev-devops-platform-25",
    "commits": 4,
    "issues_active": 9,
    "response_speed": 56
  },
  {
    "name": "dev-devops-platform-26",
    "commits": 14,
    "issues_active": 10,
    "response_speed": 7
  },
  {
    "name": "dev-devops-platform-27",
    "commits": 24,
    "issues_active": 5,
    "response_speed": 70
  },
  {
    "name": "dev-devops-platform-28",
    "commits": 35,
    "issues_active": 11,
    "response_speed": 11
  },
  {
    "name": "dev-devops-platform-29",
    "commits": 11,
    "issues_active": 18,
    "response_speed": 23
  },
  {
    "name": "dev-devops-platform-30",
    "commits": 48,
    "issues_active": 16,
    "response_speed": 55
  },
  {
    "name": "dev-devops-platform-31",
    "commits": 29,
    "issues_active": 3,
    "response_speed": 31
  },
  {
    "name": "dev-devops-platform-32",
    "commits": 25,
    "issues_active": 3,
    "response_speed": 20
  }
]