[
  {
    "name": "dev-ai-labs-0",
    "commits": 633,
    "issues_active": 13,
    "response_speed": 66
  },
  {
    "name": "dev-ai-labs-1",
    "commits": 615,
    "issues_active": 16,
    "response_speed": 31
  },
  {
    "name": "dev-ai-labs-2",
    "commits": 50,
    "issues_active": 8,
    "response_speed": 33
  },
  {
    "name": "dev-ai-labs-3",
    "commits": 18,
    "issues_active": 10,
    "response_speed": 49
  },
  {
    "name": "dev-ai-labs-4",
    "commits": 25,
    "issues_active": 3,
    "response_speed": 68
  },
  {
    "name": "dev-ai-labs-5",
    "commits": 31,
    "issues_active": 11,
    "response_speed": 32
  },
  {
    "name": "dev-ai-labs-6",
    "commits": 7,
    "issues_active": 6,
    "response_speed": 68
  },
  {
    "name": "dev-ai-labs-7",
    "commits": 49,
    "issues_active": 13,
    "response_speed": 30
  },
  {
    "name": "dev-ai-labs-8",
    "commits": 6,
    "issues_active": 4,
    "response_speed": 45
  },
  {
    "name": "dev-ai-labs-9",
    "commits": 38,
    "issues_active": 0,
    "response_speed": 13
  },
  {
    "name": "dev-ai-labs-10",
    "commits": 39,
    "issues_active": 13,
    "response_speed": 19
  },
  {
    "name": "dev-ai-labs-11",
    "commits": 42,
    "issues_active": 5,
    "response_speed": 67
  },
  {
    "name": "dev-ai-labs-12",
    "commits": 26,
    "issues_active": 15,
    "response_speed": 12
  },
  {
    "name": "dev-ai-labs-13",
    "commits": 13,
    "issues_active": 7,
    "response_speed": 5
  },
  {
    "name": "dev-ai-labs-14",
    "commits": 24,
    "issues_active": 4,
    "response_speed": 67
  },
  {
    "name": "dev-ai-labs-15",
    "commits": 42,
    "issues_active": 12,
    "response_speed": 22
  },
  {
    "name": "dev-ai-labs-16",
    "commits": 28,
    "issues_active": 13,
    "response_speed": 28
  },
  {
    "name": "dev-ai-labs-17",
    "commits": 31,
    "issues_active": 20,
    "response_speed": 35
  },
  {
    "name": "dev-ai-labs-18",
    "commits": 48,
    "issues_active": 11,
    "response_speed": 25
  },
  {
    "name": "dev-ai-labs-19",
    "commits": 31,
    "issues_active": 0,
    "response_speed": 44
  },
  {
    "name": "dev-ai-labs-20",
    "commits": 11,
    "issues_active": 1,
    "response_speed": 42
  },
  {
    "name": "dev-ai-labs-21",
    "commits": 29,
    "issues_active": 8,
    "response_speed": 21
  },
  {
    "name": "dev-ai-labs-22",
    "commits": 13,
    "issues_active": 0,
    "response_speed": 25
  },
  {
    "name": "dev-ai-labs-23",
    "commits": 27,
    "issues_active": 5,
    "response_speed": 48
  },
  {
    "name": "dev-ai-labs-24",
    "commits": 37,
    "issues_active": 5,
    "response_speed": 66
  },
  {
    "name": "dev-ai-labs-25",
    "commits": 25,
    "issues_active": 13,
    "response_speed": 19
  },
  {
    "name": "dev-ai-labs-26",
    "commits": 27,
    "issues_active": 18,
    "response_speed": 48
  },
  {
    "name": "dev-ai-labs-27",
    "commits": 16,
    "issues_active": 9,
    "response_speed": 34
  },
  {
    "name": "dev-ai-labs-28",
    "commits": 48,
    "issues_active": 4,
    "response_speed": 30
  },
  {
    "name": "dev-ai-labs-29",
    "commits": 4,
    "issues_active": 12,
    "response_speed": 47
  }
]