[
  {
    "name": "dev-iot-edge-0",
    "commits": 23,
    "issues_active": 17,
    "response_speed": 7
  },
  {
    "name": "dev-iot-edge-1",
    "commits": 22,
    "issues_active": 10,
    "response_speed": 12
  },
  {
    "name": "dev-iot-edge-2",
    "commits": 29,
    "issues_active": 9,
    "response_speed": 63
  },
  {
    "name": "dev-iot-edge-3",
    "commits": 4,
    "issues_active": 18,
    "response_speed": 39
  },
  {
    "name": "dev-iot-edge-4",
    "commits": 49,
    "issues_active": 2,
    "response_speed": 24
  },
  {
    "name": "dev-iot-edge-5",
    "commits": 15,
    "issues_active": 12,
    "response_speed": 40
  },
  {
    "name": "dev-iot-edge-6",
    "commits": 20,
    "issues_active": 20,
    "response_speed": 9
  },
  {
    "name": "dev-iot-edge-7",
    "commits": 26,
    "issues_active": 11,
    "response_speed": 36
  },
  {
    "name": "dev-iot-edge-8",
    "commits": 24,
    "issues_active": 7,
    "response_speed": 30
  },
  {
    "name": "dev-iot-edge-9",
    "commits": 6,
    "issues_active": 5,
    "response_speed": 39
  }
]