[
  {
    "name": "dev-iot-edge-0",
    "commits": 943,
    "issues_active": 1,
    "response_speed": 30
  },
  {
    "name": "dev-iot-edge-1",
    "commits": 511,
    "issues_active": 1,
    "response_speed": 46
  },
  {
    "name": "dev-iot-edge-2",
    "commits": 44,
    "issues_active": 19,
    "response_speed": 71
  },
  {
    "name": "dev-iot-edge-3",
    "commits": 40,
    "issues_active": 1,
    "response_speed": 23
  },
  {
    "name": "dev-iot-edge-4",
    "commits": 3,
    "issues_active": 1,
    "response_speed": 67
  },
  {
    "name": "dev-iot-edge-5",
    "commits": 11,
    "issues_active": 5,
    "response_speed": 15
  },
  {
    "name": "dev-iot-edge-6",
    "commits": 26,
    "issues_active": 14,
    "response_speed": 36
  },
  {
    "name": "dev-iot-edge-7",
    "commits": 38,
    "issues_active": 10,
    "response_speed": 53
  },
  {
    "name": "dev-iot-edge-8",
    "commits": 39,
    "issues_active": 5,
    "response_speed": 62
  },
  {
    "name": "dev-iot-edge-9",
    "commits": 10,
    "issues_active": 11,
    "response_speed": 28
  },
  {
    "name": "dev-iot-edge-10",
    "commits": 29,
    "issues_active": 6,
    "response_speed": 5
  },
  {
    "name": "dev-iot-edge-11",
    "commits": 10,
    "issues_active": 0,
    "response_speed": 12
  },
  {
    "name": "dev-iot-edge-12",
    "commits": 32,
    "issues_active": 4,
    "response_speed": 16
  },
  {
    "name": "dev-iot-edge-13",
    "commits": 48,
    "issues_active": 1,
    "response_speed": 19
  },
  {
    "name": "dev-iot-edge-14",
    "commits": 36,
    "issues_active": 20,
    "response_speed": 72
  },
  {
    "name": "dev-iot-edge-15",
    "commits": 27,
    "issues_active": 6,
    "response_speed": 43
  },
  {
    "name": "dev-iot-edge-16",
    "commits": 3,
    "issues_active": 14,
    "response_speed": 19
  },
  {
    "name": "dev-iot-edge-17",
    "commits": 28,
    "issues_active": 13,
    "response_speed": 29
  },
  {
    "name": "dev-iot-edge-18",
    "commits": 48,
    "issues_active": 3,
    "response_speed": 25
  },
  {
    "name": "dev-iot-edge-19",
    "commits": 45,
    "issues_active": 5,
    "response_speed": 32
  },
  {
    "name": "dev-iot-edge-20",
    "commits": 5,
    "issues_active": 8,
    "response_speed": 19
  },
  {
    "name": "dev-iot-edge-21",
    "commits": 50,
    "issues_active": 6,
    "response_speed": 13
  },
  {
    "name": "dev-iot-edge-22",
    "commits": 28,
    "issues_active": 15,
    "response_speed": 45
  },
  {
    "name": "dev-iot-edge-23",
    "commits": 3,
    "issues_active": 16,
    "response_speed": 12
  },
  {
    "name": "dev-iot-edge-24",
    "commits": 19,
    "issues_active": 19,
    "response_speed": 18
  },
  {
    "name": "dev-iot-edge-25",
    "commits": 7,
    "issues_active": 13,
    "response_speed": 21
  },
  {
    "name": "dev-iot-edge-26",
    "commits": 13,
    "issues_active": 9,
    "response_speed": 27
  },
  {
    "name": "dev-iot-edge-27",
    "commits": 21,
    "issues_active": 0,
    "response_speed": 66
  },
  {
    "name": "dev-iot-edge-28",
    "commits": 37,
    "issues_active": 16,
    "response_speed": 48
  },
  {
    "name": "dev-iot-edge-29",
    "commits": 50,
    "issues_active": 12,
    "response_speed": 56
  },
  {
    "name": "dev-iot-edge-30",
    "commits": 1,
    "issues_active": 10,
    "response_speed": 55
  },
  {
    "name": "dev-iot-edge-31",
    "commits": 14,
    "issues_active": 0,
    "response_speed": 46
  },
  {
    "name": "dev-iot-edge-32",
    "commits": 4,
    "issues_active": 12,
    "response_speed": 47
  },
  {
    "name": "dev-iot-edge-33",
    "commits": 38,
    "issues_active": 13,
    "response_speed": 15
  },
  {
    "name": "dev-iot-edge-34",
    "commits": 5,
    "issues_active": 3,
    "response_speed": 23
  },
  {
    "name": "dev-iot-edge-35",
    "commits": 10,
    "issues_active": 4,
    "response_speed": 28
  },
  {
    "name": "dev-iot-edge-36",
    "commits": 30,
    "issues_active": 3,
    "response_speed": 48
  },
  {
    "name": "dev-iot-edge-37",
    "commits": 17,
    "issues_active": 0,
    "response_speed": 6
  },
  {
    "name": "dev-iot-edge-38",
    "commits": 12,
    "issues_active": 16,
    "response_speed": 11
  },
  {
    "name": "dev-iot-edge-39",
    "commits": 38,
    "issues_active": 13,
    "response_speed": 41
  },
  {
    "name": "dev-iot-edge-40",
    "commits": 48,
    "issues_active": 16,
    "response_speed": 68
  },
  {
    "name": "dev-iot-edge-41",
    "commits": 11,
    "issues_active": 8,
    "response_speed": 1
  },
  {
    "name": "dev-iot-edge-42",
    "commits": 28,
    "issues_active": 0,
    "response_speed": 30
  },
  {
    "name": "dev-iot-edge-43",
    "commits": 2,
    "issues_active": 13,
    "response_speed": 27
  },
  {
    "name": "dev-iot-edge-44",
    "commits": 10,
    "issues_active": 15,
    "response_speed": 36
  }
]