[
  {
    "name": "dev-iot-edge-0",
    "commits": 41,
    "issues_active": 11,
    "response_speed": 27
  },
  {
    "name": "dev-iot-edge-1",
    "commits": 20,
    "issues_active": 8,
    "response_speed": 15
  },
  {
    "name": "dev-iot-edge-2",
    "commits": 26,
    "issues_active": 5,
    "response_speed": 28
  },
  {
    "name": "dev-iot-edge-3",
    "commits": 5,
    "issues_active": 11,
    "response_speed": 64
  },
  {
    "name": "dev-iot-edge-4",
    "commits": 41,
    "issues_active": 13,
    "response_speed": 39
  },
  {
    "name": "dev-iot-edge-5",
    "commits": 5,
    "issues_active": 1,
    "response_speed": 34
  },
  {
    "name": "dev-iot-edge-6",
    "commits": 1,
    "issues_active": 1,
    "response_speed": 69
  },
  {
    "name": "dev-iot-edge-7",
    "commits": 2,
    "issues_active": 2,
    "response_speed": 20
  },
  {
    "name": "dev-iot-edge-8",
    "commits": 17,
    "issues_active": 18,
    "response_speed": 16
  },
  {
    "name": "dev-iot-edge-9",
    "commits": 6,
    "issues_active": 18,
    "response_speed": 72
  },
  {
    "name": "dev-iot-edge-10",
    "commits": 33,
    "issues_active": 9,
    "response_speed": 46
  },
  {
    "name": "dev-iot-edge-11",
    "commits": 39,
    "issues_active": 18,
    "response_speed": 3
  },
  {
    "name": "dev-iot-edge-12",
    "commits": 7,
    "issues_active": 9,
    "response_speed": 57
  },
  {
    "name": "dev-iot-edge-13",
    "commits": 3,
    "issues_active": 1,
    "response_speed": 1
  },
  {
    "name": "dev-iot-edge-14",
    "commits": 33,
    "issues_active": 15,
    "response_speed": 33
  },
  {
    "name": "dev-iot-edge-15",
    "commits": 22,
    "issues_active": 0,
    "response_speed": 40
  },
  {
    "name": "dev-iot-edge-16",
    "commits": 5,
    "issues_active": 18,
    "response_speed": 70
  },
  {
    "name": "dev-iot-edge-17",
    "commits": 11,
    "issues_active": 15,
    "response_speed": 56
  },
  {
    "name": "dev-iot-edge-18",
    "commits": 17,
    "issues_active": 10,
    "response_speed": 49
  },
  {
    "name": "dev-iot-edge-19",
    "commits": 44,
    "issues_active": 14,
    "response_speed": 65
  },
  {
    "name": "dev-iot-edge-20",
    "commits": 15,
    "issues_active": 18,
    "response_speed": 44
  },
  {
    "name": "dev-iot-edge-21",
    "commits": 21,
    "issues_active": 13,
    "response_speed": 35
  },
  {
    "name": "dev-iot-edge-22",
    "commits": 48,
    "issues_active": 18,
    "response_speed": 27
  },
  {
    "name": "dev-iot-edge-23",
    "commits": 2,
    "issues_active": 17,
    "response_speed": 71
  },
  {
    "name": "dev-iot-edge-24",
    "commits": 7,
    "issues_active": 15,
    "response_speed": 32
  },
  {
    "name": "dev-iot-edge-25",
    "commits": 18,
    "issues_active": 0,
    "response_speed": 61
  },
  {
    "name": "dev-iot-edge-26",
    "commits": 32,
    "issues_active": 1,
    "response_speed": 54
  },
  {
    "name": "dev-iot-edge-27",
    "commits": 24,
    "issues_active": 3,
    "response_speed": 23
  },
  {
    "name": "dev-iot-edge-28",
    "commits": 10,
    "issues_active": 9,
    "response_speed": 36
  },
  {
    "name": "dev-iot-edge-29",
    "commits": 15,
    "issues_active": 18,
    "response_speed": 10
  },
  {
    "name": "dev-iot-edge-30",
    "commits": 47,
    "issues_active": 5,
    "response_speed": 4
  },
  {
    "name": "dev-iot-edge-31",
    "commits": 39,
    "issues_active": 4,
    "response_speed": 54
  },
  {
    "name": "dev-iot-edge-32",
    "commits": 11,
    "issues_active": 13,
    "response_speed": 8
  },
  {
    "name": "dev-iot-edge-33",
    "commits": 17,
    "issues_active": 16,
    "response_speed": 59
  },
  {
    "name": "dev-iot-edge-34",
    "commits": 28,
    "issues_active": 14,
    "response_speed": 52
  },
  {
    "name": "dev-iot-edge-35",
    "commits": 6,
    "issues_active": 8,
    "response_speed": 35
  },
  {
    "name": "dev-iot-edge-36",
    "commits": 45,
    "issues_active": 8,
    "response_speed": 29
  },
  {
    "name": "dev-iot-edge-37",
    "commits": 4,
    "issues_active": 1,
    "response_speed": 8
  },
  {
    "name": "dev-iot-edge-38",
    "commits": 27,
    "issues_active": 15,
    "response_speed": 16
  },
  {
    "name": "dev-iot-edge-39",
    "commits": 35,
    "issues_active": 12,
    "response_speed": 52
  },
  {
    "name": "dev-iot-edge-40",
    "commits": 25,
    "issues_active": 3,
    "response_speed": 14
  },
  {
    "name": "dev-iot-edge-41",
    "commits": 45,
    "issues_active": 10,
    "response_speed": 69
  }
]