[
  {
    "name": "dev-cloud-native-0",
    "commits": 943,
    "issues_active": 16,
    "response_speed": 32
  },
  {
    "name": "dev-cloud-native-1",
    "commits": 870,
    "issues_active": 9,
    "response_speed": 17
  },
  {
    "name": "dev-cloud-native-2",
    "commits": 17,
    "issues_active": 12,
    "response_speed": 45
  },
  {
    "name": "dev-cloud-native-3",
    "commits": 28,
    "issues_active": 3,
    "response_speed": 64
  },
  {
    "name": "dev-cloud-native-4",
    "commits": 8,
    "issues_active": 2,
    "response_speed": 21
  },
  {
    "name": "dev-cloud-native-5",
    "commits": 4,
    "issues_active": 15,
    "response_speed": 41
  },
  {
    "name": "dev-cloud-native-6",
    "commits": 35,
    "issues_active": 16,
    "response_speed": 13
  },
  {
    "name": "dev-cloud-native-7",
    "commits": 4,
    "issues_active": 15,
    "response_speed": 4
  },
  {
    "name": "dev-cloud-native-8",
    "commits": 6,
    "issues_active": 16,
    "response_speed": 65
  },
  {
    "name": "dev-cloud-native-9",
    "commits": 10,
    "issues_active": 9,
    "response_speed": 26
  },
  {
    "name": "dev-cloud-native-10",
    "commits": 32,
    "issues_active": 7,
    "response_speed": 34
  },
  {
    "name": "dev-cloud-native-11",
    "commits": 20,
    "issues_active": 16,
    "response_speed": 71
  },
  {
    "name": "dev-cloud-native-12",
    "commits": 47,
    "issues_active": 13,
    "response_speed": 25
  },
  {
    "name": "dev-cloud-native-13",
    "commits": 19,
    "issues_active": 11,
    "response_speed": 35
  },
  {
    "name": "dev-cloud-native-14",
    "commits": 42,
    "issues_active": 2,
    "response_speed": 9
  },
  {
    "name": "dev-cloud-native-15",
    "commits": 47,
    "issues_active": 15,
    "response_speed": 26
  },
  {
    "name": "dev-cloud-native-16",
    "commits": 36,
    "issues_active": 3,
    "response_speed": 19
  },
  {
    "name": "dev-cloud-native-17",
    "commits": 34,
    "issues_active": 15,
    "response_speed": 15
  },
  {
    "name": "dev-cloud-native-18",
    "commits": 27,
    "issues_active": 15,
    "response_speed": 31
  },
  {
    "name": "dev-cloud-native-19",
    "commits": 35,
    "issues_active": 15,
    "response_speed": 48
  },
  {
    "name": "dev-cloud-native-20",
    "commits": 17,
    "issues_active": 14,
    "response_speed": 11
  },
  {
    "name": "dev-cloud-native-21",
    "commits": 2,
    "issues_active": 10,
    "response_speed": 70
  },
  {
    "name": "dev-cloud-native-22",
    "commits": 22,
    "issues_active": 19,
    "response_speed": 39
  },
  {
    "name": "dev-cloud-native-23",
    "commits": 47,
    "issues_active": 10,
    "response_speed": 4
  },
  {
    "name": "dev-cloud-native-24",
    "commits": 14,
    "issues_active": 8,
    "response_speed": 61
  },
  {
    "name": "dev-cloud-native-25",
    "commits": 22,
    "issues_active": 1,
    "response_speed": 15
  },
  {
    "name": "dev-cloud-native-26",
    "commits": 8,
    "issues_active": 4,
    "response_speed": 4
  },
  {
    "name": "dev-cloud-native-27",
    "commits": 29,
    "issues_active": 19,
    "response_speed": 62
  },
  {
    "name": "dev-cloud-native-28",
    "commits": 49,
    "issues_active": 8,
    "response_speed": 10
  },
  {
    "name": "dev-cloud-native-29",
    "commits": 40,
    "issues_active": 2,
    "response_speed": 50
  },
  {
    "name": "dev-cloud-native-30",
    "commits": 6,
    "issues_active": 8,
    "response_speed": 72
  },
  {
    "name": "dev-cloud-native-31",
    "commits": 13,
    "issues_active": 16,
    "response_speed": 2
  },
  {
    "name": "dev-cloud-native-32",
    "commits": 12,
    "issues_active": 7,
    "response_speed": 16
  },
  {
    "name": "dev-cloud-native-33",
    "commits": 38,
    "issues_active": 0,
    "response_speed": 52
  },
  {
    "name": "dev-cloud-native-34",
    "commits": 24,
    "issues_active": 8,
    "response_speed": 69
  },
  {
    "name": "dev-cloud-native-35",
    "commits": 36,
    "issues_active": 5,
    "response_speed": 46
  },
  {
    "name": "dev-cloud-native-36",
    "commits": 32,
    "issues_active": 2,
    "response_speed": 40
  },
  {
    "name": "dev-cloud-native-37",
    "commits": 7,
    "issues_active": 11,
    "response_speed": 22
  },
  {
    "name": "dev-cloud-native-38",
    "commits": 15,
    "issues_active": 3,
    "response_speed": 42
  },
  {
    "name": "dev-cloud-native-39",
    "commits": 36,
    "issues_active": 5,
    "response_speed": 50
  },
  {
    "name": "dev-cloud-native-40",
    "commits": 6,
    "issues_active": 0,
    "response_speed": 9
  }
]