[
  {
    "name": "dev-database-systems-0",
    "commits": 652,
    "issues_active": 7,
    "response_speed": 3
  },
  {
    "name": "dev-database-systems-1",
    "commits": 553,
    "issues_active": 5,
    "response_speed": 52
  },
  {
    "name": "dev-database-systems-2",
    "commits": 48,
    "issues_active": 20,
    "response_speed": 55
  },
  {
    "name": "dev-database-systems-3",
    "commits": 28,
    "issues_active": 12,
    "response_speed": 33
  },
  {
    "name": "dev-database-systems-4",
    "commits": 4,
    "issues_active": 1,
    "response_speed": 41
  },
  {
    "name": "dev-database-systems-5",
    "commits": 43,
    "issues_active": 15,
    "response_speed": 29
  },
  {
    "name": "dev-database-systems-6",
    "commits": 21,
    "issues_active": 19,
    "response_speed": 41
  },
  {
    "name": "dev-database-systems-7",
    "commits": 16,
    "issues_active": 8,
    "response_speed": 8
  },
  {
    "name": "dev-database-systems-8",
    "commits": 39,
    "issues_active": 12,
    "response_speed": 11
  },
  {
    "name": "dev-database-systems-9",
    "commits": 21,
    "issues_active": 15,
    "response_speed": 19
  },
  {
    "name": "dev-database-systems-10",
    "commits": 42,
    "issues_active": 20,
    "response_speed": 44
  },
  {
    "name": "dev-database-systems-11",
    "commits": 33,
    "issues_active": 16,
    "response_speed": 2
  },
  {
    "name": "dev-database-systems-12",
    "commits": 21,
    "issues_active": 4,
    "response_speed": 8
  },
  {
    "name": "dev-database-systems-13",
    "commits": 31,
    "issues_active": 8,
    "response_speed": 47
  },
  {
    "name": "dev-database-systems-14",
    "commits": 28,
    "issues_active": 1,
    "response_speed": 22
  }
]