[
  {
    "name": "dev-ai-labs-0",
    "commits": 926,
    "issues_active": 17,
    "response_speed": 18
  },
  {
    "name": "dev-ai-labs-1",
    "commits": 705,
    "issues_active": 11,
    "response_speed": 45
  },
  {
    "name": "dev-ai-labs-2",
    "commits": 9,
    "issues_active": 8,
    "response_speed": 47
  },
  {
    "name": "dev-ai-labs-3",
    "commits": 41,
    "issues_active": 2,
    "response_speed": 32
  },
  {
    "name": "dev-ai-labs-4",
    "commits": 23,
    "issues_active": 8,
    "response_speed": 49
  },
  {
    "name": "dev-ai-labs-5",
    "commits": 39,
    "issues_active": 16,
    "response_speed": 52
  },
  {
    "name": "dev-ai-labs-6",
    "commits": 26,
    "issues_active": 10,
    "response_speed": 19
  },
  {
    "name": "dev-ai-labs-7",
    "commits": 9,
    "issues_active": 4,
    "response_speed": 42
  },
  {
    "name": "dev-ai-labs-8",
    "commits": 29,
    "issues_active": 8,
    "response_speed": 58
  },
  {
    "name": "dev-ai-labs-9",
    "commits": 18,
    "issues_active": 19,
    "response_speed": 27
  },
  {
    "name": "dev-ai-labs-10",
    "commits": 49,
    "issues_active": 16,
    "response_speed": 57
  },
  {
    "name": "dev-ai-labs-11",
    "commits": 14,
    "issues_active": 17,
    "response_speed": 48
  },
  {
    "name": "dev-ai-labs-12",
    "commits": 47,
    "issues_active": 0,
    "response_speed": 40
  },
  {
    "name": "dev-ai-labs-13",
    "commits": 31,
    "issues_active": 11,
    "response_speed": 18
  },
  {
    "name": "dev-ai-labs-14",
    "commits": 35,
    "issues_active": 1,
    "response_speed": 31
  },
  {
    "name": "dev-ai-labs-15",
    "commits": 26,
    "issues_active": 2,
    "response_speed": 44
  },
  {
    "name": "dev-ai-labs-16",
    "commits": 38,
    "issues_active": 19,
    "response_speed": 35
  },
  {
    "name": "dev-ai-labs-17",
    "commits": 34,
    "issues_active": 16,
    "response_speed": 22
  },
  {
    "name": "dev-ai-labs-18",
    "commits": 13,
    "issues_active": 2,
    "response_speed": 40
  },
  {
    "name": "dev-ai-labs-19",
    "commits": 42,
    "issues_active": 6,
    "response_speed": 24
  }
]