[
  {
    "name": "dev-ai-labs-0",
    "commits": 965,
    "issues_active": 18,
    "response_speed": 2
  },
  {
    "name": "dev-ai-labs-1",
    "commits": 604,
    "issues_active": 2,
    "response_speed": 49
  },
  {
    "name": "dev-ai-labs-2",
    "commits": 17,
    "issues_active": 5,
    "response_speed": 7
  },
  {
    "name": "dev-ai-labs-3",
    "commits": 1,
    "issues_active": 4,
    "response_speed": 53
  },
  {
    "name": "dev-ai-labs-4",
    "commits": 48,
    "issues_active": 19,
    "response_speed": 66
  },
  {
    "name": "dev-ai-labs-5",
    "commits": 44,
    "issues_active": 16,
    "response_speed": 67
  },
  {
    "name": "dev-ai-labs-6",
    "commits": 4,
    "issues_active": 20,
    "response_speed": 69
  },
  {
    "name": "dev-ai-labs-7",
    "commits": 45,
    "issues_active": 11,
    "response_speed": 44
  },
  {
    "name": "dev-ai-labs-8",
    "commits": 16,
    "issues_active": 10,
    "response_speed": 30
  },
  {
    "name": "dev-ai-labs-9",
    "commits": 9,
    "issues_active": 16,
    "response_speed": 71
  },
  {
    "name": "dev-ai-labs-10",
    "commits": 3,
    "issues_active": 12,
    "response_speed": 53
  },
  {
    "name": "dev-ai-labs-11",
    "commits": 49,
    "issues_active": 0,
    "response_speed": 7
  },
  {
    "name": "dev-ai-labs-12",
    "commits": 25,
    "issues_active": 9,
    "response_speed": 47
  },
  {
    "name": "dev-ai-labs-13",
    "commits": 42,
    "issues_active": 8,
    "response_speed": 5
  },
  {
    "name": "dev-ai-labs-14",
    "commits": 36,
    "issues_active": 19,
    "response_speed": 1
  },
  {
    "name": "dev-ai-labs-15",
    "commits": 27,
    "issues_active": 15,
    "response_speed": 32
  },
  {
    "name": "dev-ai-labs-16",
    "commits": 42,
    "issues_active": 0,
    "response_speed": 47
  },
  {
    "name": "dev-ai-labs-17",
    "commits": 23,
    "issues_active": 5,
    "response_speed": 14
  },
  {
    "name": "dev-ai-labs-18",
    "commits": 28,
    "issues_active": 2,
    "response_speed": 27
  },
  {
    "name": "dev-ai-labs-19",
    "commits": 12,
    "issues_active": 18,
    "response_speed": 3
  },
  {
    "name": "dev-ai-labs-20",
    "commits": 38,
    "issues_active": 3,
    "response_speed": 43
  },
  {
    "name": "dev-ai-labs-21",
    "commits": 19,
    "issues_active": 1,
    "response_speed": 47
  },
  {
    "name": "dev-ai-labs-22",
    "commits": 44,
    "issues_active": 3,
    "response_speed": 48
  },
  {
    "name": "dev-ai-labs-23",
    "commits": 43,
    "issues_active": 1,
    "response_speed": 27
  },
  {
    "name": "dev-ai-labs-24",
    "commits": 12,
    "issues_active": 6,
    "response_speed": 38
  },
  {
    "name": "dev-ai-labs-25",
    "commits": 24,
    "issues_active": 0,
    "response_speed": 72
  },
  {
    "name": "dev-ai-labs-26",
    "commits": 25,
    "issues_active": 1,
    "response_speed": 31
  },
  {
    "name": "dev-ai-labs-27",
    "commits": 40,
    "issues_active": 13,
    "response_speed": 56
  },
  {
    "name": "dev-ai-labs-28",
    "commits": 31,
    "issues_active": 14,
    "response_speed": 1
  },
  {
    "name": "dev-ai-labs-29",
    "commits": 40,
    "issues_active": 10,
    "response_speed": 59
  },
  {
    "name": "dev-ai-labs-30",
    "commits": 30,
    "issues_active": 2,
    "response_speed": 28
  },
  {
    "name": "dev-ai-labs-31",
    "commits": 12,
    "issues_active": 14,
    "response_speed": 48
  },
  {
    "name": "dev-ai-labs-32",
    "commits": 4,
    "issues_active": 0,
    "response_speed": 35
  },
  {
    "name": "dev-ai-labs-33",
    "commits": 35,
    "issues_active": 11,
    "response_speed": 50
  }
]