[
  {
    "name": "dev-ai-labs-0",
    "commits": 39,
    "issues_active": 15,
    "response_speed": 4
  },
  {
    "name": "dev-ai-labs-1",
    "commits": 21,
    "issues_active": 18,
    "response_speed": 31
  },
  {
    "name": "dev-ai-labs-2",
    "commits": 45,
    "issues_active": 17,
    "response_speed": 45
  },
  {
    "name": "dev-ai-labs-3",
    "commits": 13,
    "issues_active": 17,
    "response_speed": 18
  },
  {
    "name": "dev-ai-labs-4",
    "commits": 44,
    "issues_active": 4,
    "response_speed": 25
  },
  {
    "name": "dev-ai-labs-5",
    "commits": 18,
    "issues_active": 15,
    "response_speed": 11
  },
  {
    "name": "dev-ai-labs-6",
    "commits": 5,
    "issues_active": 17,
    "response_speed": 11
  },
  {
    "name": "dev-ai-labs-7",
    "commits": 13,
    "issues_active": 6,
    "response_speed": 33
  },
  {
    "name": "dev-ai-labs-8",
    "commits": 29,
    "issues_active": 10,
    "response_speed": 42
  },
  {
    "name": "dev-ai-labs-9",
    "commits": 8,
    "issues_active": 18,
    "response_speed": 72
  },
  {
    "name": "dev-ai-labs-10",
    "commits": 13,
    "issues_active": 7,
    "response_speed": 6
  },
  {
    "name": "dev-ai-labs-11",
    "commits": 20,
    "issues_active": 2,
    "response_speed": 44
  },
  {
    "name": "dev-ai-labs-12",
    "commits": 19,
    "issues_active": 12,
    "response_speed": 2
  },
  {
    "name": "dev-ai-labs-13",
    "commits": 35,
    "issues_active": 17,
    "response_speed": 34
  },
  {
    "name": "dev-ai-labs-14",
    "commits": 1,
    "issues_active": 8,
    "response_speed": 51
  },
  {
    "name": "dev-ai-labs-15",
    "commits": 21,
    "issues_active": 1,
    "response_speed": 17
  },
  {
    "name": "dev-ai-labs-16",
    "commits": 35,
    "issues_active": 3,
    "response_speed": 3
  },
  {
    "name": "dev-ai-labs-17",
    "commits": 7,
    "issues_active": 15,
    "response_speed": 65
  },
  {
    "name": "dev-ai-labs-18",
    "commits": 4,
    "issues_active": 14,
    "response_speed": 29
  },
  {
    "name": "dev-ai-labs-19",
    "commits": 2,
    "issues_active": 6,
    "response_speed": 72
  },
  {
    "name": "dev-ai-labs-20",
    "commits": 15,
    "issues_active": 10,
    "response_speed": 40
  },
  {
    "name": "dev-ai-labs-21",
    "commits": 44,
    "issues_active": 3,
    "response_speed": 21
  },
  {
    "name": "dev-ai-labs-22",
    "commits": 8,
    "issues_active": 12,
    "response_speed": 27
  },
  {
    "name": "dev-ai-labs-23",
    "commits": 32,
    "issues_active": 15,
    "response_speed": 35
  },
  {
    "name": "dev-ai-labs-24",
    "commits": 35,
    "issues_active": 3,
    "response_speed": 25
  },
  {
    "name": "dev-ai-labs-25",
    "commits": 39,
    "issues_active": 9,
    "response_speed": 6
  },
  {
    "name": "dev-ai-labs-26",
    "commits": 9,
    "issues_active": 9,
    "response_speed": 60
  },
  {
    "name": "dev-ai-labs-27",
    "commits": 29,
    "issues_active": 18,
    "response_speed": 50
  },
  {
    "name": "dev-ai-labs-28",
    "commits": 7,
    "issues_active": 18,
    "response_speed": 47
  },
  {
    "name": "dev-ai-labs-29",
    "commits": 34,
    "issues_active": 12,
    "response_speed": 70
  },
  {
    "name": "dev-ai-labs-30",
    "commits": 15,
    "issues_active": 19,
    "response_speed": 53
  },
  {
    "name": "dev-ai-labs-31",
    "commits": 48,
    "issues_active": 15,
    "response_speed": 46
  },
  {
    "name": "dev-ai-labs-32",
    "commits": 37,
    "issues_active": 16,
    "response_speed": 68
  },
  {
    "name": "dev-ai-labs-33",
    "commits": 31,
    "issues_active": 3,
    "response_speed": 20
  },
  {
    "name": "dev-ai-labs-34",
    "commits": 43,
    "issues_active": 4,
    "response_speed": 6
  },
  {
    "name": "dev-ai-labs-35",
    "commits": 36,
    "issues_active": 20,
    "response_speed": 51
  },
  {
    "name": "dev-ai-labs-36",
    "commits": 37,
    "issues_active": 0,
    "response_speed": 55
  },
  {
    "name": "dev-ai-labs-37",
    "commits": 28,
    "issues_active": 6,
    "response_speed": 56
  },
  {
    "name": "dev-ai-labs-38",
    "commits": 49,
    "issues_active": 20,
    "response_speed": 46
  },
  {
    "name": "dev-ai-labs-39",
    "commits": 31,
    "issues_active": 4,
    "response_speed": 62
  },
  {
    "name": "dev-ai-labs-40",
    "commits": 32,
    "issues_active": 7,
    "response_speed": 6
  },
  {
    "name": "dev-ai-labs-41",
    "commits": 10,
    "issues_active": 13,
    "response_speed": 50
  },
  {
    "name": "dev-ai-labs-42",
    "commits": 5,
    "issues_active": 11,
    "response_speed": 8
  },
  {
    "name": "dev-ai-labs-43",
    "commits": 37,
    "issues_active": 1,
    "response_speed": 50
  }
]