[
  {
    "name": "dev-database-systems-0",
    "commits": 29,
    "issues_active": 11,
    "response_speed": 70
  },
  {
    "name": "dev-database-systems-1",
    "commits": 15,
    "issues_active": 18,
    "response_speed": 60
  },
  {
    "name": "dev-database-systems-2",
    "commits": 40,
    "issues_active": 7,
    "response_speed": 6
  },
  {
    "name": "dev-database-systems-3",
    "commits": 11,
    "issues_active": 7,
    "response_speed": 8
  },
  {
    "name": "dev-database-systems-4",
    "commits": 42,
    "issues_active": 12,
    "response_speed": 50
  },
  {
    "name": "dev-database-systems-5",
    "commits": 13,
    "issues_active": 15,
    "response_speed": 59
  },
  {
    "name": "dev-database-systems-6",
    "commits": 39,
    "issues_active": 3,
    "response_speed": 41
  },
  {
    "name": "dev-database-systems-7",
    "commits": 39,
    "issues_active": 12,
    "response_speed": 24
  },
  {
    "name": "dev-database-systems-8",
    "commits": 7,
    "issues_active": 11,
    "response_speed": 39
  },
  {
    "name": "dev-database-systems-9",
    "commits": 17,
    "issues_active": 12,
    "response_speed": 47
  },
  {
    "name": "dev-database-systems-10",
    "commits": 15,
    "issues_active": 1,
    "response_speed": 42
  },
  {
    "name": "dev-database-systems-11",
    "commits": 31,
    "issues_active": 6,
    "response_speed": 30
  },
  {
    "name": "dev-database-systems-12",
    "commits": 3,
    "issues_active": 2,
    "response_speed": 45
  },
  {
    "name": "dev-database-systems-13",
    "commits": 24,
    "issues_active": 8,
    "response_speed": 6
  },
  {
    "name": "dev-database-systems-14",
    "commits": 20,
    "issues_active": 5,
    "response_speed": 60
  },
  {
    "name": "dev-database-systems-15",
    "commits": 12,
    "issues_active": 7,
    "response_speed": 46
  },
  {
    "name": "dev-database-systems-16",
    "commits": 36,
    "issues_active": 3,
    "response_speed": 66
  },
  {
    "name": "dev-database-systems-17",
    "commits": 23,
    "issues_active": 1,
    "response_speed": 23
  },
  {
    "name": "dev-database-systems-18",
    "commits": 40,
    "issues_active": 13,
    "response_speed": 61
  },
  {
    "name": "dev-database-systems-19",
    "commits": 32,
    "issues_active": 13,
    "response_speed": 47
  },
  {
    "name": "dev-database-systems-20",
    "commits": 23,
    "issues_active": 13,
    "response_speed": 66
  },
  {
    "name": "dev-database-systems-21",
    "commits": 9,
    "issues_active": 3,
    "response_speed": 46
  },
  {
    "name": "dev-database-systems-22",
    "commits": 15,
    "issues_active": 8,
    "response_speed": 32
  },
  {
    "name": "dev-database-systems-23",
    "commits": 43,
    "issues_active": 0,
    "response_speed": 49
  },
  {
    "name": "dev-database-systems-24",
    "commits": 44,
    "issues_active": 3,
    "response_speed": 22
  },
  {
    "name": "dev-database-systems-25",
    "commits": 40,
    "issues_active": 8,
    "response_speed": 71
  },
  {
    "name": "dev-database-systems-26",
    "commits": 13,
    "issues_active": 3,
    "response_speed": 48
  },
  {
    "name": "dev-database-systems-27",
    "commits": 2,
    "issues_active": 10,
    "response_speed": 62
  },
  {
    "name": "dev-database-systems-28",
    "commits": 3,
    "issues_active": 8,
    "response_speed": 58
  },
  {
    "name": "dev-database-systems-29",
    "commits": 31,
    "issues_active": 3,
    "response_speed": 18
  },
  {
    "name": "dev-database-systems-30",
    "commits": 41,
    "issues_active": 18,
    "response_speed": 52
  },
  {
    "name": "dev-database-systems-31",
    "commits": 8,
    "issues_active": 11,
    "response_speed": 32
  },
  {
    "name": "dev-database-systems-32",
    "commits": 4,
    "issues_active": 4,
    "response_speed": 66
  },
  {
    "name": "dev-database-systems-33",
    "commits": 26,
    "issues_active": 6,
    "response_speed": 39
  },
  {
    "name": "dev-database-systems-34",
    "commits": 18,
    "issues_active": 8,
    "response_speed": 63
  },
  {
    "name": "dev-database-systems-35",
    "commits": 2,
    "issues_active": 18,
    "response_speed": 54
  },
  {
    "name": "dev-database-systems-36",
    "commits": 46,
    "issues_active": 19,
    "response_speed": 39
  },
  {
    "name": "dev-database-systems-37",
    "commits": 43,
    "issues_active": 15,
    "response_speed": 31
  },
  {
    "name": "dev-database-systems-38",
    "commits": 31,
    "issues_active": 6,
    "response_speed": 34
  },
  {
    "name": "dev-database-systems-39",
    "commits": 43,
    "issues_active": 0,
    "response_speed": 48
  },
  {
    "name": "dev-database-systems-40",
    "commits": 13,
    "issues_active": 16,
    "response_speed": 5
  },
  {
    "name": "dev-database-systems-41",
    "commits": 43,
    "issues_active": 6,
    "response_speed": 25
  },
  {
    "name": "dev-database-systems-42",
    "commits": 2,
    "issues_active": 10,
    "response_speed": 15
  },
  {
    "name": "dev-database-systems-43",
    "commits": 9,
    "issues_active": 4,
    "response_speed": 33
  }
]