[
  {
    "name": "dev-mobile-tooling-0",
    "commits": 48,
    "issues_active": 18,
    "response_speed": 37
  },
  {
    "name": "dev-mobile-tooling-1",
    "commits": 28,
    "issues_active": 8,
    "response_speed": 43
  },
  {
    "name": "dev-mobile-tooling-2",
    "commits": 45,
    "issues_active": 4,
    "response_speed": 25
  },
  {
    "name": "dev-mobile-tooling-3",
    "commits": 32,
    "issues_active": 19,
    "response_speed": 5
  },
  {
    "name": "dev-mobile-tooling-4",
    "commits": 8,
    "issues_active": 20,
    "response_speed": 64
  },
  {
    "name": "dev-mobile-tooling-5",
    "commits": 11,
    "issues_active": 14,
    "response_speed": 45
  },
  {
    "name": "dev-mobile-tooling-6",
    "commits": 36,
    "issues_active": 2,
    "response_speed": 4
  },
  {
    "name": "dev-mobile-tooling-7",
    "commits": 43,
    "issues_active": 8,
    "response_speed": 28
  },
  {
    "name": "dev-mobile-tooling-8",
    "commits": 14,
    "issues_active": 9,
    "response_speed": 16
  },
  {
    "name": "dev-mobile-tooling-9",
    "commits": 3,
    "issues_active": 17,
    "response_speed": 11
  },
  {
    "name": "dev-mobile-tooling-10",
    "commits": 37,
    "issues_active": 8,
    "response_speed": 44
  },
  {
    "name": "dev-mobile-tooling-11",
    "commits": 17,
    "issues_active": 9,
    "response_speed": 43
  },
  {
    "name": "dev-mobile-tooling-12",
    "commits": 41,
    "issues_active": 4,
    "response_speed": 61
  },
  {
    "name": "dev-mobile-tooling-13",
    "commits": 37,
    "issues_active": 17,
    "response_speed": 49
  },
  {
    "name": "dev-mobile-tooling-14",
    "commits": 1,
    "issues_active": 6,
    "response_speed": 45
  },
  {
    "name": "dev-mobile-tooling-15",
    "commits": 33,
    "issues_active": 7,
    "response_speed": 53
  },
  {
    "name": "dev-mobile-tooling-16",
    "commits": 48,
    "issues_active": 14,
    "response_speed": 52
  },
  {
    "name": "dev-mobile-tooling-17",
    "commits": 14,
    "issues_active": 12,
    "response_speed": 63
  },
  {
    "name": "dev-mobile-tooling-18",
    "commits": 49,
    "issues_active": 4,
    "response_speed": 36
  },
  {
    "name": "dev-mobile-tooling-19",
    "commits": 26,
    "issues_active": 20,
    "response_speed": 43
  },
  {
    "name": "dev-mobile-tooling-20",
    "commits": 47,
    "issues_active": 6,
    "response_speed": 67
  },
  {
    "name": "dev-mobile-tooling-21",
    "commits": 26,
    "issues_active": 13,
    "response_speed": 62
  },
  {
    "name": "dev-mobile-tooling-22",
    "commits": 32,
    "issues_active": 8,
    "response_speed": 31
  },
  {
    "name": "dev-mobile-tooling-23",
    "commits": 42,
    "issues_active": 18,
    "response_speed": 44
  },
  {
    "name": "dev-mobile-tooling-24",
    "commits": 8,
    "issues_active": 16,
    "response_speed": 4
  },
  {
    "name": "dev-mobile-tooling-25",
    "commits": 37,
    "issues_active": 10,
    "response_speed": 36
  },
  {
    "name": "dev-mobile-tooling-26",
    "commits": 4,
    "issues_active": 10,
    "response_speed": 45
  },
  {
    "name": "dev-mobile-tooling-27",
    "commits": 34,
    "issues_active": 2,
    "response_speed": 8
  },
  {
    "name": "dev-mobile-tooling-28",
    "commits": 19,
    "issues_active": 12,
    "response_speed": 10
  },
  {
    "name": "dev-mobile-tooling-29",
    "commits": 6,
    "issues_active": 15,
    "response_speed": 46
  }
]