[
  {
    "name": "dev-ai-labs-0",
    "commits": 978,
    "issues_active": 17,
    "response_speed": 60
  },
  {
    "name": "dev-ai-labs-1",
    "commits": 818,
    "issues_active": 9,
    "response_speed": 43
  },
  {
    "name": "dev-ai-labs-2",
    "commits": 35,
    "issues_active": 7,
    "response_speed": 36
  },
  {
    "name": "dev-ai-labs-3",
    "commits": 40,
    "issues_active": 2,
    "response_speed": 21
  },
  {
    "name": "dev-ai-labs-4",
    "commits": 26,
    "issues_active": 3,
    "response_speed": 10
  },
  {
    "name": "dev-ai-labs-5",
    "commits": 48,
    "issues_active": 16,
    "response_speed": 60
  },
  {
    "name": "dev-ai-labs-6",
    "commits": 37,
    "issues_active": 4,
    "response_speed": 26
  },
  {
    "name": "dev-ai-labs-7",
    "commits": 31,
    "issues_active": 15,
    "response_speed": 3
  },
  {
    "name": "dev-ai-labs-8",
    "commits": 11,
    "issues_active": 7,
    "response_speed": 63
  },
  {
    "name": "dev-ai-labs-9",
    "commits": 8,
    "issues_active": 13,
    "response_speed": 40
  },
  {
    "name": "dev-ai-labs-10",
    "commits": 50,
    "issues_active": 14,
    "response_speed": 45
  },
  {
    "name": "dev-ai-labs-11",
    "commits": 45,
    "issues_active": 17,
    "response_speed": 23
  },
  {
    "name": "dev-ai-labs-12",
    "commits": 26,
    "issues_active": 5,
    "response_speed": 44
  },
  {
    "name": "dev-ai-labs-13",
    "commits": 18,
    "issues_active": 1,
    "response_speed": 24
  },
  {
    "name": "dev-ai-labs-14",
    "commits": 13,
    "issues_active": 6,
    "response_speed": 24
  },
  {
    "name": "dev-ai-labs-15",
    "commits": 22,
    "issues_active": 10,
    "response_speed": 46
  },
  {
    "name": "dev-ai-labs-16",
    "commits": 43,
    "issues_active": 6,
    "response_speed": 37
  },
  {
    "name": "dev-ai-labs-17",
    "commits": 27,
    "issues_active": 20,
    "response_speed": 31
  },
  {
    "name": "dev-ai-labs-18",
    "commits": 4,
    "issues_active": 9,
    "response_speed": 58
  }
]