[
  {
    "name": "dev-mobile-tooling-0",
    "commits": 18,
    "issues_active": 20,
    "response_speed": 20
  },
  {
    "name": "dev-mobile-tooling-1",
    "commits": 43,
    "issues_active": 12,
    "response_speed": 46
  },
  {
    "name": "dev-mobile-tooling-2",
    "commits": 14,
    "issues_active": 10,
    "response_speed": 32
  },
  {
    "name": "dev-mobile-tooling-3",
    "commits": 28,
    "issues_active": 4,
    "response_speed": 35
  },
  {
    "name": "dev-mobile-tooling-4",
    "commits": 2,
    "issues_active": 15,
    "response_speed": 45
  },
  {
    "name": "dev-mobile-tooling-5",
    "commits": 31,
    "issues_active": 17,
    "response_speed": 42
  },
  {
    "name": "dev-mobile-tooling-6",
    "commits": 41,
    "issues_active": 13,
    "response_speed": 56
  },
  {
    "name": "dev-mobile-tooling-7",
    "commits": 20,
    "issues_active": 18,
    "response_speed": 15
  },
  {
    "name": "dev-mobile-tooling-8",
    "commits": 24,
    "issues_active": 9,
    "response_speed": 57
  },
  {
    "name": "dev-mobile-tooling-9",
    "commits": 32,
    "issues_active": 7,
    "response_speed": 59
  },
  {
    "name": "dev-mobile-tooling-10",
    "commits": 18,
    "issues_active": 20,
    "response_speed": 29
  },
  {
    "name": "dev-mobile-tooling-11",
    "commits": 44,
    "issues_active": 9,
    "response_speed": 42
  },
  {
    "name": "dev-mobile-tooling-12",
    "commits": 9,
    "issues_active": 20,
    "response_speed": 45
  },
  {
    "name": "dev-mobile-tooling-13",
    "commits": 8,
    "issues_active": 6,
    "response_speed": 57
  },
  {
    "name": "dev-mobile-tooling-14",
    "commits": 34,
    "issues_active": 10,
    "response_speed": 21
  },
  {
    "name": "dev-mobile-tooling-15",
    "commits": 27,
    "issues_active": 20,
    "response_speed": 57
  },
  {
    "name": "dev-mobile-tooling-16",
    "commits": 45,
    "issues_active": 12,
    "response_speed": 6
  },
  {
    "name": "dev-mobile-tooling-17",
    "commits": 28,
    "issues_active": 11,
    "response_speed": 54
  },
  {
    "name": "dev-mobile-tooling-18",
    "commits": 36,
    "issues_active": 0,
    "response_speed": 21
  },
  {
    "name": "dev-mobile-tooling-19",
    "commits": 20,
    "issues_active": 6,
    "response_speed": 31
  },
  {
    "name": "dev-mobile-tooling-20",
    "commits": 39,
    "issues_active": 2,
    "response_speed": 42
  },
  {
    "name": "dev-mobile-tooling-21",
    "commits": 26,
    "issues_active": 14,
    "response_speed": 72
  },
  {
    "name": "dev-mobile-tooling-22",
    "commits": 21,
    "issues_active": 8,
    "response_speed": 66
  },
  {
    "name": "dev-mobile-tooling-23",
    "commits": 15,
    "issues_active": 4,
    "response_speed": 41
  },
  {
    "name": "dev-mobile-tooling-24",
    "commits": 37,
    "issues_active": 3,
    "response_speed": 64
  },
  {
    "name": "dev-mobile-tooling-25",
    "commits": 38,
    "issues_active": 4,
    "response_speed": 5
  },
  {
    "name": "dev-mobile-tooling-26",
    "commits": 27,
    "issues_active": 1,
    "response_speed": 66
  },
  {
    "name": "dev-mobile-tooling-27",
    "commits": 27,
    "issues_active": 3,
    "response_speed": 42
  },
  {
    "name": "dev-mobile-tooling-28",
    "commits": 29,
    "issues_active": 3,
    "response_speed": 45
  },
  {
    "name": "dev-mobile-tooling-29",
    "commits": 43,
    "issues_active": 15,
    "response_speed": 53
  },
  {
    "name": "dev-mobile-tooling-30",
    "commits": 25,
    "issues_active": 15,
    "response_speed": 68
  },
  {
    "name": "dev-mobile-tooling-31",
    "commits": 41,
    "issues_active": 19,
    "response_speed": 71
  },
  {
    "name": "dev-mobile-tooling-32",
    "commits": 7,
    "issues_active": 14,
    "response_speed": 53
  },
  {
    "name": "dev-mobile-tooling-33",
    "commits": 5,
    "issues_active": 4,
    "response_speed": 52
  },
  {
    "name": "dev-mobile-tooling-34",
    "commits": 37,
    "issues_active": 20,
    "response_speed": 48
  },
  {
    "name": "dev-mobile-tooling-35",
    "commits": 21,
    "issues_active": 8,
    "response_speed": 57
  },
  {
    "name": "dev-mobile-tooling-36",
    "commits": 31,
    "issues_active": 16,
    "response_speed": 57
  }
]