[
  {
    "name": "dev-iot-edge-0",
    "commits": 37,
    "issues_active": 7,
    "response_speed": 46
  },
  {
    "name": "dev-iot-edge-1",
    "commits": 28,
    "issues_active": 16,
    "response_speed": 47
  },
  {
    "name": "dev-iot-edge-2",
    "commits": 11,
    "issues_active": 12,
    "response_speed": 62
  },
  {
    "name": "dev-iot-edge-3",
    "commits": 25,
    "issues_active": 19,
    "response_speed": 38
  },
  {
    "name": "dev-iot-edge-4",
    "commits": 37,
    "issues_active": 7,
    "response_speed": 49
  },
  {
    "name": "dev-iot-edge-5",
    "commits": 21,
    "issues_active": 15,
    "response_speed": 46
  },
  {
    "name": "dev-iot-edge-6",
    "commits": 1,
    "issues_active": 3,
    "response_speed": 48
  },
  {
    "name": "dev-iot-edge-7",
    "commits": 25,
    "issues_active": 10,
    "response_speed": 24
  },
  {
    "name": "dev-iot-edge-8",
    "commits": 41,
    "issues_active": 2,
    "response_speed": 63
  },
  {
    "name": "dev-iot-edge-9",
    "commits": 50,
    "issues_active": 11,
    "response_speed": 22
  },
  {
    "name": "dev-iot-edge-10",
    "commits": 27,
    "issues_active": 14,
    "response_speed": 63
  },
  {
    "name": "dev-iot-edge-11",
    "commits": 23,
    "issues_active": 9,
    "response_speed": 7
  },
  {
    "name": "dev-iot-edge-12",
    "commits": 45,
    "issues_active": 0,
    "response_speed": 14
  },
  {
    "name": "dev-iot-edge-13",
    "commits": 18,
    "issues_active": 20,
    "response_speed": 38
  },
  {
    "name": "dev-iot-edge-14",
    "commits": 27,
    "issues_active": 18,
    "response_speed": 25
  },
  {
    "name": "dev-iot-edge-15",
    "commits": 21,
    "issues_active": 18,
    "response_speed": 6
  },
  {
    "name": "dev-iot-edge-16",
    "commits": 40,
    "issues_active": 17,
    "response_speed": 72
  },
  {
    "name": "dev-iot-edge-17",
    "commits": 43,
    "issues_active": 7,
    "response_speed": 44
  },
  {
    "name": "dev-iot-edge-18",
    "commits": 28,
    "issues_active": 10,
    "response_speed": 28
  },
  {
    "name": "dev-iot-edge-19",
    "commits": 49,
    "issues_active": 15,
    "response_speed": 18
  },
  {
    "name": "dev-iot-edge-20",
    "commits": 46,
    "issues_active": 20,
    "response_speed": 2
  },
  {
    "name": "dev-iot-edge-21",
    "commits": 9,
    "issues_active": 7,
    "response_speed": 53
  },
  {
    "name": "dev-iot-edge-22",
    "commits": 18,
    "issues_active": 18,
    "response_speed": 34
  },
  {
    "name": "dev-iot-edge-23",
    "commits": 43,
    "issues_active": 1,
    "response_speed": 49
  },
  {
    "name": "dev-iot-edge-24",
    "commits": 12,
    "issues_active": 4,
    "response_speed": 52
  },
  {
    "name": "dev-iot-edge-25",
    "commits": 45,
    "issues_active": 5,
    "response_speed": 51
  },
  {
    "name": "dev-iot-edge-26",
    "commits": 10,
    "issues_active": 13,
    "response_speed": 18
  },
  {
    "name": "dev-iot-edge-27",
    "commits": 26,
    "issues_active": 12,
    "response_speed": 2
  },
  {
    "name": "dev-iot-edge-28",
    "commits": 50,
    "issues_active": 1,
    "response_speed": 46
  },
  {
    "name": "dev-iot-edge-29",
    "commits": 45,
    "issues_active": 16,
    "response_speed": 38
  },
  {
    "name": "dev-iot-edge-30",
    "commits": 3,
    "issues_active": 11,
    "response_speed": 10
  },
  {
    "name": "dev-iot-edge-31",
    "commits": 14,
    "issues_active": 8,
    "response_speed": 39
  },
  {
    "name": "dev-iot-edge-32",
    "commits": 27,
    "issues_active": 20,
    "response_speed": 69
  },
  {
    "name": "dev-iot-edge-33",
    "commits": 32,
    "issues_active": 14,
    "response_speed": 12
  },
  {
    "name": "dev-iot-edge-34",
    "commits": 44,
    "issues_active": 4,
    "response_speed": 19
  },
  {
    "name": "dev-iot-edge-35",
    "commits": 44,
    "issues_active": 6,
    "response_speed": 72
  },
  {
    "name": "dev-iot-edge-36",
    "commits": 47,
    "issues_active": 19,
    "response_speed": 28
  },
  {
    "name": "dev-iot-edge-37",
    "commits": 32,
    "issues_active": 2,
    "response_speed": 11
  },
  {
    "name": "dev-iot-edge-38",
    "commits": 12,
    "issues_active": 12,
    "response_speed": 11
  },
  {
    "name": "dev-iot-edge-39",
    "commits": 22,
    "issues_active": 6,
    "response_speed": 42
  },
  {
    "name": "dev-iot-edge-40",
    "commits": 7,
    "issues_active": 18,
    "response_speed": 57
  }
]