[
  {
    "name": "dev-blockchain-core-0",
    "commits": 640,
    "issues_active": 9,
    "response_speed": 14
  },
  {
    "name": "dev-blockchain-core-1",
    "commits": 600,
    "issues_active": 11,
    "response_speed": 42
  },
  {
    "name": "dev-blockchain-core-2",
    "commits": 32,
    "issues_active": 1,
    "response_speed": 68
  },
  {
    "name": "dev-blockchain-core-3",
    "commits": 40,
    "issues_active": 16,
    "response_speed": 7
  },
  {
    "name": "dev-blockchain-core-4",
    "commits": 31,
    "issues_active": 9,
    "response_speed": 48
  },
  {
    "name": "dev-blockchain-core-5",
    "commits": 13,
    "issues_active": 17,
    "response_speed": 7
  },
  {
    "name": "dev-blockchain-core-6",
    "commits": 9,
    "issues_active": 5,
    "response_speed": 70
  },
  {
    "name": "dev-blockchain-core-7",
    "commits": 41,
    "issues_active": 0,
    "response_speed": 18
  },
  {
    "name": "dev-blockchain-core-8",
    "commits": 42,
    "issues_active": 5,
    "response_speed": 2
  }
]