[
  {
    "name": "dev-iot-edge-0",
    "commits": 27,
    "issues_active": 9,
    "response_speed": 51
  },
  {
    "name": "dev-iot-edge-1",
    "commits": 44,
    "issues_active": 13,
    "response_speed": 41
  },
  {
    "name": "dev-iot-edge-2",
    "commits": 10,
    "issues_active": 6,
    "response_speed": 59
  },
  {
    "name": "dev-iot-edge-3",
    "commits": 25,
    "issues_active": 19,
    "response_speed": 59
  },
  {
    "name": "dev-iot-edge-4",
    "commits": 31,
    "issues_active": 3,
    "response_speed": 50
  },
  {
    "name": "dev-iot-edge-5",
    "commits": 46,
    "issues_active": 1,
    "response_speed": 16
  },
  {
    "name": "dev-iot-edge-6",
    "commits": 42,
    "issues_active": 4,
    "response_speed": 40
  },
  {
    "name": "dev-iot-edge-7",
    "commits": 12,
    "issues_active": 7,
    "response_speed": 70
  },
  {
    "name": "dev-iot-edge-8",
    "commits": 6,
    "issues_active": 2,
    "response_speed": 46
  },
  {
    "name": "dev-iot-edge-9",
    "commits": 39,
    "issues_active": 13,
    "response_speed": 33
  },
  {
    "name": "dev-iot-edge-10",
    "commits": 16,
    "issues_active": 17,
    "response_speed": 10
  },
  {
    "name": "dev-iot-edge-11",
    "commits": 8,
    "issues_active": 19,
    "response_speed": 25
  },
  {
    "name": "dev-iot-edge-12",
    "commits": 11,
    "issues_active": 14,
    "response_speed": 14
  },
  {
    "name": "dev-iot-edge-13",
    "commits": 37,
    "issues_active": 8,
    "response_speed": 4
  },
  {
    "name": "dev-iot-edge-14",
    "commits": 38,
    "issues_active": 2,
    "response_speed": 16
  },
  {
    "name": "dev-iot-edge-15",
    "commits": 29,
    "issues_active": 20,
    "response_speed": 15
  },
  {
    "name": "dev-iot-edge-16",
    "commits": 38,
    "issues_active": 6,
    "response_speed": 70
  },
  {
    "name": "dev-iot-edge-17",
    "commits": 41,
    "issues_active": 14,
    "response_speed": 39
  },
  {
    "name": "dev-iot-edge-18",
    "commits": 39,
    "issues_active": 8,
    "response_speed": 2
  },
  {
    "name": "dev-iot-edge-19",
    "commits": 43,
    "issues_active": 8,
    "response_speed": 49
  },
  {
    "name": "dev-iot-edge-20",
    "commits": 36,
    "issues_active": 2,
    "response_speed": 55
  },
  {
    "name": "dev-iot-edge-21",
    "commits": 23,
    "issues_active": 19,
    "response_speed": 18
  },
  {
    "name": "dev-iot-edge-22",
    "commits": 13,
    "issues_active": 1,
    "response_speed": 51
  },
  {
    "name": "dev-iot-edge-23",
    "commits": 14,
    "issues_active": 13,
    "response_speed": 19
  },
  {
    "name": "dev-iot-edge-24",
    "commits": 46,
    "issues_active": 13,
    "response_speed": 58
  },
  {
    "name": "dev-iot-edge-25",
    "commits": 9,
    "issues_active": 17,
    "response_speed": 45
  },
  {
    "name": "dev-iot-edge-26",
    "commits": 46,
    "issues_active": 18,
    "response_speed": 62
  },
  {
    "name": "dev-iot-edge-27",
    "commits": 49,
    "issues_active": 17,
    "response_speed": 49
  },
  {
    "name": "dev-iot-edge-28",
    "commits": 20,
    "issues_active": 17,
    "response_speed": 67
  },
  {
    "name": "dev-iot-edge-29",
    "commits": 33,
    "issues_active": 13,
    "response_speed": 3
  },
  {
    "name": "dev-iot-edge-30",
    "commits": 43,
    "issues_active": 15,
    "response_speed": 15
  },
  {
    "name": "dev-iot-edge-31",
    "commits": 40,
    "issues_active": 15,
    "response_speed": 4
  }
]