[
  {
    "name": "dev-devops-platform-0",
    "commits": 546,
    "issues_active": 5,
    "response_speed": 29
  },
  {
    "name": "dev-devops-platform-1",
    "commits": 718,
    "issues_active": 13,
    "response_speed": 31
  },
  {
    "name": "dev-devops-platform-2",
    "commits": 18,
    "issues_active": 9,
    "response_speed": 1
  },
  {
    "name": "dev-devops-platform-3",
    "commits": 43,
    "issues_active": 10,
    "response_speed": 55
  },
  {
    "name": "dev-devops-platform-4",
    "commits": 48,
    "issues_active": 6,
    "response_speed": 61
  },
  {
    "name": "dev-devops-platform-5",
    "commits": 11,
    "issues_active": 10,
    "response_speed": 3
  },
  {
    "name": "dev-devops-platform-6",
    "commits": 29,
    "issues_active": 16,
    "response_speed": 31
  },
  {
    "name": "dev-devops-platform-7",
    "commits": 39,
    "issues_active": 17,
    "response_speed": 38
  },
  {
    "name": "dev-devops-platform-8",
    "commits": 19,
    "issues_active": 13,
    "response_speed": 2
  },
  {
    "name": "dev-devops-platform-9",
    "commits": 16,
    "issues_active": 15,
    "response_speed": 62
  },
  {
    "name": "dev-devops-platform-10",
    "commits": 26,
    "issues_active": 11,
    "response_speed": 60
  },
  {
    "name": "dev-devops-platform-11",
    "commits": 17,
    "issues_active": 2,
    "response_speed": 28
  },
  {
    "name": "dev-devops-platform-12",
    "commits": 10,
    "issues_active": 15,
    "response_speed": 37
  },
  {
    "name": "dev-devops-platform-13",
    "commits": 13,
    "issues_active": 19,
    "response_speed": 72
  },
  {
    "name": "dev-devops-platform-14",
    "commits": 26,
    "issues_active": 9,
    "response_speed": 39
  },
  {
    "name": "dev-devops-platform-15",
    "commits": 28,
    "issues_active": 12,
    "response_speed": 71
  },
  {
    "name": "dev-devops-platform-16",
    "commits": 24,
    "issues_active": 17,
    "response_speed": 9
  },
  {
    "name": "dev-devops-platform-17",
    "commits": 48,
    "issues_active": 11,
    "response_speed": 12
  },
  {
    "name": "dev-devops-platform-18",
    "commits": 39,
    "issues_active": 9,
    "response_speed": 21
  },
  {
    "name": "dev-devops-platform-19",
    "commits": 33,
    "issues_active": 3,
    "response_speed": 66
  },
  {
    "name": "dev-devops-platform-20",
    "commits": 22,
    "issues_active": 3,
    "response_speed": 39
  },
  {
    "name": "dev-devops-platform-21",
    "commits": 42,
    "issues_active": 7,
    "response_speed": 17
  },
  {
    "name": "dev-devops-platform-22",
    "commits": 3,
    "issues_active": 1,
    "response_speed": 66
  },
  {
    "name": "dev-devops-platform-23",
    "commits": 28,
    "issues_active": 14,
    "response_speed": 17
  },
  {
    "name": "dev-devops-platform-24",
    "commits": 37,
    "issues_active": 0,
    "response_speed": 20
  },
  {
    "name": "dev-devops-platform-25",
    "commits": 47,
    "issues_active": 19,
    "response_speed": 14
  },
  {
    "name": "dev-devops-platform-26",
    "commits": 49,
    "issues_active": 11,
    "response_speed": 52
  },
  {
    "name": "dev-devops-platform-27",
    "commits": 46,
    "issues_active": 12,
    "response_speed": 28
  },
  {
    "name": "dev-devops-platform-28",
    "commits": 49,
    "issues_active": 5,
    "response_speed": 3
  },
  {
    "name": "dev-devops-platform-29",
    "commits": 37,
    "issues_active": 15,
    "response_speed": 50
  },
  {
    "name": "dev-devops-platform-30",
    "commits": 9,
    "issues_active": 10,
    "response_speed": 21
  },
  {
    "name": "dev-devops-platform-31",
    "commits": 4,
    "issues_active": 17,
    "response_speed": 17
  },
  {
    "name": "dev-devops-platform-32",
    "commits": 30,
    "issues_active": 6,
    "response_speed": 19
  },
  {
    "name": "dev-devops-platform-33",
    "commits": 41,
    "issues_active": 20,
    "response_speed": 19
  },
  {
    "name": "dev-devops-platform-34",
    "commits": 18,
    "issues_active": 20,
    "response_speed": 41
  }
]