[
  {
    "name": "dev-ai-labs-0",
    "commits": 33,
    "issues_active": 19,
    "response_speed": 34
  },
  {
    "name": "dev-ai-labs-1",
    "commits": 39,
    "issues_active": 17,
    "response_speed": 64
  },
  {
    "name": "dev-ai-labs-2",
    "commits": 12,
    "issues_active": 3,
    "response_speed": 12
  },
  {
    "name": "dev-ai-labs-3",
    "commits": 45,
    "issues_active": 11,
    "response_speed": 19
  },
  {
    "name": "dev-ai-labs-4",
    "commits": 39,
    "issues_active": 7,
    "response_speed": 54
  },
  {
    "name": "dev-ai-labs-5",
    "commits": 29,
    "issues_active": 19,
    "response_speed": 9
  },
  {
    "name": "dev-ai-labs-6",
    "commits": 29,
    "issues_active": 19,
    "response_speed": 6
  },
  {
    "name": "dev-ai-labs-7",
    "commits": 17,
    "issues_active": 8,
    "response_speed": 70
  },
  {
    "name": "dev-ai-labs-8",
    "commits": 7,
    "issues_active": 9,
    "response_speed": 25
  },
  {
    "name": "dev-ai-labs-9",
    "commits": 20,
    "issues_active": 14,
    "response_speed": 44
  },
  {
    "name": "dev-ai-labs-10",
    "commits": 22,
    "issues_active": 15,
    "response_speed": 5
  },
  {
    "name": "dev-ai-labs-11",
    "commits": 36,
    "issues_active": 0,
    "response_speed": 41
  },
  {
    "name": "dev-ai-labs-12",
    "commits": 33,
    "issues_active": 8,
    "response_speed": 40
  },
  {
    "name": "dev-ai-labs-13",
    "commits": 49,
    "issues_active": 5,
    "response_speed": 60
  },
  {
    "name": "dev-ai-labs-14",
    "commits": 27,
    "issues_active": 6,
    "response_speed": 71
  },
  {
    "name": "dev-ai-labs-15",
    "commits": 50,
    "issues_active": 7,
    "response_speed": 14
  }
]