[
  {
    "name": "dev-database-systems-0",
    "commits": 568,
    "issues_active": 12,
    "response_speed": 66
  },
  {
    "name": "dev-database-systems-1",
    "commits": 630,
    "issues_active": 5,
    "response_speed": 1
  },
  {
    "name": "dev-database-systems-2",
    "commits": 25,
    "issues_active": 5,
    "response_speed": 51
  },
  {
    "name": "dev-database-systems-3",
    "commits": 13,
    "issues_active": 18,
    "response_speed": 56
  },
  {
    "name": "dev-database-systems-4",
    "commits": 29,
    "issues_active": 6,
    "response_speed": 6
  },
  {
    "name": "dev-database-systems-5",
    "commits": 46,
    "issues_active": 2,
    "response_speed": 31
  },
  {
    "name": "dev-database-systems-6",
    "commits": 35,
    "issues_active": 12,
    "response_speed": 23
  },
  {
    "name": "dev-database-systems-7",
    "commits": 21,
    "issues_active": 15,
    "response_speed": 71
  },
  {
    "name": "dev-database-systems-8",
    "commits": 14,
    "issues_active": 10,
    "response_speed": 15
  },
  {
    "name": "dev-database-systems-9",
    "commits": 37,
    "issues_active": 9,
    "response_speed": 4
  },
  {
    "name": "dev-database-systems-10",
    "commits": 26,
    "issues_active": 0,
    "response_speed": 61
  },
  {
    "name": "dev-database-systems-11",
    "commits": 1,
    "issues_active": 17,
    "response_speed": 55
  },
  {
    "name": "dev-database-systems-12",
    "commits": 49,
    "issues_active": 12,
    "response_speed": 72
  },
  {
    "name": "dev-database-systems-13",
    "commits": 50,
    "issues_active": 5,
    "response_speed": 59
  },
  {
    "name": "dev-database-systems-14",
    "commits": 4,
    "issues_active": 17,
    "response_speed": 28
  },
  {
    "name": "dev-database-systems-15",
    "commits": 45,
    "issues_active": 2,
    "response_speed": 22
  },
  {
    "name": "dev-database-systems-16",
    "commits": 17,
    "issues_active": 7,
    "response_speed": 3
  }
]