[
  {
    "name": "dev-mobile-tooling-0",
    "commits": 3,
    "issues_active": 6,
    "response_speed": 19
  },
  {
    "name": "dev-mobile-tooling-1",
    "commits": 9,
    "issues_active": 16,
    "response_speed": 35
  },
  {
    "name": "dev-mobile-tooling-2",
    "commits": 7,
    "issues_active": 8,
    "response_speed": 49
  },
  {
    "name": "dev-mobile-tooling-3",
    "commits": 25,
    "issues_active": 0,
    "response_speed": 4
  },
  {
    "name": "dev-mobile-tooling-4",
    "commits": 15,
    "issues_active": 15,
    "response_speed": 68
  },
  {
    "name": "dev-mobile-tooling-5",
    "commits": 31,
    "issues_active": 17,
    "response_speed": 13
  },
  {
    "name": "dev-mobile-tooling-6",
    "commits": 4,
    "issues_active": 14,
    "response_speed": 1
  },
  {
    "name": "dev-mobile-tooling-7",
    "commits": 23,
    "issues_active": 7,
    "response_speed": 25
  },
  {
    "name": "dev-mobile-tooling-8",
    "commits": 18,
    "issues_active": 11,
    "response_speed": 8
  },
  {
    "name": "dev-mobile-tooling-9",
    "commits": 19,
    "issues_active": 6,
    "response_speed": 16
  },
  {
    "name": "dev-mobile-tooling-10",
    "commits": 12,
    "issues_active": 4,
    "response_speed": 51
  }
]