[
  {
    "name": "dev-ai-labs-0",
    "commits": 634,
    "issues_active": 1,
    "response_speed": 15
  },
  {
    "name": "dev-ai-labs-1",
    "commits": 927,
    "issues_active": 7,
    "response_speed": 36
  },
  {
    "name": "dev-ai-labs-2",
    "commits": 10,
    "issues_active": 20,
    "response_speed": 71
  },
  {
    "name": "dev-ai-labs-3",
    "commits": 38,
    "issues_active": 13,
    "response_speed": 65
  },
  {
    "name": "dev-ai-labs-4",
    "commits": 46,
    "issues_active": 16,
    "response_speed": 32
  },
  {
    "name": "dev-ai-labs-5",
    "commits": 19,
    "issues_active": 3,
    "response_speed": 8
  },
  {
    "name": "dev-ai-labs-6",
    "commits": 49,
    "issues_active": 8,
    "response_speed": 34
  },
  {
    "name": "dev-ai-labs-7",
    "commits": 23,
    "issues_active": 2,
    "response_speed": 20
  }
]