[
  {
    "name": "dev-ai-labs-0",
    "commits": 37,
    "issues_active": 0,
    "response_speed": 32
  },
  {
    "name": "dev-ai-labs-1",
    "commits": 34,
    "issues_active": 18,
    "response_speed": 72
  },
  {
    "name": "dev-ai-labs-2",
    "commits": 45,
    "issues_active": 4,
    "response_speed": 36
  },
  {
    "name": "dev-ai-labs-3",
    "commits": 30,
    "issues_active": 8,
    "response_speed": 15
  },
  {
    "name": "dev-ai-labs-4",
    "commits": 1,
    "issues_active": 18,
    "response_speed": 36
  },
  {
    "name": "dev-ai-labs-5",
    "commits": 46,
    "issues_active": 10,
    "response_speed": 57
  },
  {
    "name": "dev-ai-labs-6",
    "commits": 45,
    "issues_active": 19,
    "response_speed": 61
  },
  {
    "name": "dev-ai-labs-7",
    "commits": 5,
    "issues_active": 8,
    "response_speed": 2
  },
  {
    "name": "dev-ai-labs-8",
    "commits": 36,
    "issues_active": 3,
    "response_speed": 14
  },
  {
    "name": "dev-ai-labs-9",
    "commits": 49,
    "issues_active": 16,
    "response_speed": 48
  },
  {
    "name": "dev-ai-labs-10",
    "commits": 12,
    "issues_active": 10,
    "response_speed": 72
  },
  {
    "name": "dev-ai-labs-11",
    "commits": 1,
    "issues_active": 15,
    "response_speed": 7
  },
  {
    "name": "dev-ai-labs-12",
    "commits": 10,
    "issues_active": 8,
    "response_speed": 43
  },
  {
    "name": "dev-ai-labs-13",
    "commits": 11,
    "issues_active": 18,
    "response_speed": 72
  },
  {
    "name": "dev-ai-labs-14",
    "commits": 30,
    "issues_active": 17,
    "response_speed": 19
  }
]