[
  {
    "name": "dev-blockchain-core-0",
    "commits": 32,
    "issues_active": 14,
    "response_speed": 54
  },
  {
    "name": "dev-blockchain-core-1",
    "commits": 4,
    "issues_active": 12,
    "response_speed": 14
  },
  {
    "name": "dev-blockchain-core-2",
    "commits": 49,
    "issues_active": 14,
    "response_speed": 14
  },
  {
    "name": "dev-blockchain-core-3",
    "commits": 25,
    "issues_active": 5,
    "response_speed": 30
  },
  {
    "name": "dev-blockchain-core-4",
    "commits": 29,
    "issues_active": 3,
    "response_speed": 38
  },
  {
    "name": "dev-blockchain-core-5",
    "commits": 6,
    "issues_active": 1,
    "response_speed": 39
  },
  {
    "name": "dev-blockchain-core-6",
    "commits": 3,
    "issues_active": 9,
    "response_speed": 51
  },
  {
    "name": "dev-blockchain-core-7",
    "commits": 7,
    "issues_active": 15,
    "response_speed": 54
  },
  {
    "name": "dev-blockchain-core-8",
    "commits": 35,
    "issues_active": 10,
    "response_speed": 27
  },
  {
    "name": "dev-blockchain-core-9",
    "commits": 1,
    "issues_active": 9,
    "response_speed": 2
  },
  {
    "name": "dev-blockchain-core-10",
    "commits": 1,
    "issues_active": 20,
    "response_speed": 2
  },
  {
    "name": "dev-blockchain-core-11",
    "commits": 3,
    "issues_active": 0,
    "response_speed": 50
  },
  {
    "name": "dev-blockchain-core-12",
    "commits": 15,
    "issues_active": 14,
    "response_speed": 35
  },
  {
    "name": "dev-blockchain-core-13",
    "commits": 24,
    "issues_active": 18,
    "response_speed": 57
  },
  {
    "name": "dev-blockchain-core-14",
    "commits": 28,
    "issues_active": 10,
    "response_speed": 57
  },
  {
    "name": "dev-blockchain-core-15",
    "commits": 12,
    "issues_active": 14,
    "response_speed": 65
  },
  {
    "name": "dev-blockchain-core-16",
    "commits": 41,
    "issues_active": 2,
    "response_speed": 8
  },
  {
    "name": "dev-blockchain-core-17",
    "commits": 6,
    "issues_active": 15,
    "response_speed": 31
  },
  {
    "name": "dev-blockchain-core-18",
    "commits": 49,
    "issues_active": 8,
    "response_speed": 67
  },
  {
    "name": "dev-blockchain-core-19",
    "commits": 17,
    "issues_active": 16,
    "response_speed": 44
  }
]