[
  {
    "name": "dev-iot-edge-0",
    "commits": 944,
    "issues_active": 7,
    "response_speed": 15
  },
  {
    "name": "dev-iot-edge-1",
    "commits": 634,
    "issues_active": 12,
    "response_speed": 44
  },
  {
    "name": "dev-iot-edge-2",
    "commits": 16,
    "issues_active": 7,
    "response_speed": 55
  },
  {
    "name": "dev-iot-edge-3",
    "commits": 46,
    "issues_active": 6,
    "response_speed": 61
  },
  {
    "name": "dev-iot-edge-4",
    "commits": 22,
    "issues_active": 7,
    "response_speed": 35
  },
  {
    "name": "dev-iot-edge-5",
    "commits": 46,
    "issues_active": 3,
    "response_speed": 46
  },
  {
    "name": "dev-iot-edge-6",
    "commits": 1,
    "issues_active": 1,
    "response_speed": 32
  },
  {
    "name": "dev-iot-edge-7",
    "commits": 36,
    "issues_active": 14,
    "response_speed": 60
  },
  {
    "name": "dev-iot-edge-8",
    "commits": 30,
    "issues_active": 2,
    "response_speed": 58
  },
  {
    "name": "dev-iot-edge-9",
    "commits": 27,
    "issues_active": 4,
    "response_speed": 32
  },
  {
    "name": "dev-iot-edge-10",
    "commits": 46,
    "issues_active": 20,
    "response_speed": 63
  },
  {
    "name": "dev-iot-edge-11",
    "commits": 17,
    "issues_active": 14,
    "response_speed": 40
  },
  {
    "name": "dev-iot-edge-12",
    "commits": 32,
    "issues_active": 13,
    "response_speed": 18
  },
  {
    "name": "dev-iot-edge-13",
    "commits": 17,
    "issues_active": 7,
    "response_speed": 10
  },
  {
    "name": "dev-iot-edge-14",
    "commits": 15,
    "issues_active": 13,
    "response_speed": 47
  },
  {
    "name": "dev-iot-edge-15",
    "commits": 26,
    "issues_active": 3,
    "response_speed": 51
  },
  {
    "name": "dev-iot-edge-16",
    "commits": 37,
    "issues_active": 13,
    "response_speed": 67
  },
  {
    "name": "dev-iot-edge-17",
    "commits": 4,
    "issues_active": 11,
    "response_speed": 19
  }
]