[
  {
    "name": "dev-devops-platform-0",
    "commits": 13,
    "issues_active": 9,
    "response_speed": 56
  },
  {
    "name": "dev-devops-platform-1",
    "commits": 6,
    "issues_active": 19,
    "response_speed": 2
  },
  {
    "name": "dev-devops-platform-2",
    "commits": 14,
    "issues_active": 14,
    "response_speed": 19
  },
  {
    "name": "dev-devops-platform-3",
    "commits": 40,
    "issues_active": 0,
    "response_speed": 47
  },
  {
    "name": "dev-devops-platform-4",
    "commits": 17,
    "issues_active": 17,
    "response_speed": 26
  },
  {
    "name": "dev-devops-platform-5",
    "commits": 28,
    "issues_active": 1,
    "response_speed": 27
  },
  {
    "name": "dev-devops-platform-6",
    "commits": 10,
    "issues_active": 7,
    "response_speed": 11
  },
  {
    "name": "dev-devops-platform-7",
    "commits": 28,
    "issues_active": 3,
    "response_speed": 11
  },
  {
    "name": "dev-devops-platform-8",
    "commits": 11,
    "issues_active": 17,
    "response_speed": 54
  },
  {
    "name": "dev-devops-platform-9",
    "commits": 11,
    "issues_active": 5,
    "response_speed": 31
  },
  {
    "name": "dev-devops-platform-10",
    "commits": 2,
    "issues_active": 2,
    "response_speed": 12
  },
  {
    "name": "dev-devops-platform-11",
    "commits": 41,
    "issues_active": 3,
    "response_speed": 3
  },
  {
    "name": "dev-devops-platform-12",
    "commits": 6,
    "issues_active": 1,
    "response_speed": 59
  },
  {
    "name": "dev-devops-platform-13",
    "commits": 38,
    "issues_active": 5,
    "response_speed": 67
  },
  {
    "name": "dev-devops-platform-14",
    "commits": 38,
    "issues_active": 2,
    "response_speed": 7
  },
  {
    "name": "dev-devops-platform-15",
    "commits": 38,
    "issues_active": 12,
    "response_speed": 54
  },
  {
    "name": "dev-devops-platform-16",
    "commits": 43,
    "issues_active": 17,
    "response_speed": 34
  },
  {
    "name": "dev-devops-platform-17",
    "commits": 24,
    "issues_active": 19,
    "response_speed": 43
  },
  {
    "name": "dev-devops-platform-18",
    "commits": 42,
    "issues_active": 3,
    "response_speed": 60
  },
  {
    "name": "dev-devops-platform-19",
    "commits": 1,
    "issues_active": 16,
    "response_speed": 16
  },
  {
    "name": "dev-devops-platform-20",
    "commits": 34,
    "issues_active": 0,
    "response_speed": 53
  },
  {
    "name": "dev-devops-platform-21",
    "commits": 20,
    "issues_active": 20,
    "response_speed": 65
  },
  {
    "name": "dev-devops-platform-22",
    "commits": 20,
    "issues_active": 16,
    "response_speed": 54
  }
]