[
  {
    "name": "dev-iot-edge-0",
    "commits": 29,
    "issues_active": 9,
    "response_speed": 11
  },
  {
    "name": "dev-iot-edge-1",
    "commits": 39,
    "issues_active": 0,
    "response_speed": 37
  },
  {
    "name": "dev-iot-edge-2",
    "commits": 48,
    "issues_active": 18,
    "response_speed": 63
  },
  {
    "name": "dev-iot-edge-3",
    "commits": 8,
    "issues_active": 20,
    "response_speed": 2
  },
  {
    "name": "dev-iot-edge-4",
    "commits": 37,
    "issues_active": 3,
    "response_speed": 28
  },
  {
    "name": "dev-iot-edge-5",
    "commits": 24,
    "issues_active": 17,
    "response_speed": 39
  },
  {
    "name": "dev-iot-edge-6",
    "commits": 43,
    "issues_active": 9,
    "response_speed": 59
  },
  {
    "name": "dev-iot-edge-7",
    "commits": 18,
    "issues_active": 19,
    "response_speed": 16
  },
  {
    "name": "dev-iot-edge-8",
    "commits": 7,
    "issues_active": 18,
    "response_speed": 66
  },
  {
    "name": "dev-iot-edge-9",
    "commits": 14,
    "issues_active": 0,
    "response_speed": 18
  },
  {
    "name": "dev-iot-edge-10",
    "commits": 17,
    "issues_active": 13,
    "response_speed": 69
  },
  {
    "name": "dev-iot-edge-11",
    "commits": 44,
    "issues_active": 9,
    "response_speed": 41
  },
  {
    "name": "dev-iot-edge-12",
    "commits": 42,
    "issues_active": 2,
    "response_speed": 28
  },
  {
    "name": "dev-iot-edge-13",
    "commits": 11,
    "issues_active": 4,
    "response_speed": 36
  },
  {
    "name": "dev-iot-edge-14",
    "commits": 39,
    "issues_active": 12,
    "response_speed": 20
  },
  {
    "name": "dev-iot-edge-15",
    "commits": 3,
    "issues_active": 20,
    "response_speed": 15
  },
  {
    "name": "dev-iot-edge-16",
    "commits": 10,
    "issues_active": 11,
    "response_speed": 12
  },
  {
    "name": "dev-iot-edge-17",
    "commits": 47,
    "issues_active": 12,
    "response_speed": 35
  },
  {
    "name": "dev-iot-edge-18",
    "commits": 27,
    "issues_active": 7,
    "response_speed": 7
  },
  {
    "name": "dev-iot-edge-19",
    "commits": 9,
    "issues_active": 3,
    "response_speed": 65
  },
  {
    "name": "dev-iot-edge-20",
    "commits": 45,
    "issues_active": 18,
    "response_speed": 55
  },
  {
    "name": "dev-iot-edge-21",
    "commits": 28,
    "issues_active": 2,
    "response_speed": 7
  },
  {
    "name": "dev-iot-edge-22",
    "commits": 46,
    "issues_active": 0,
    "response_speed": 42
  },
  {
    "name": "dev-iot-edge-23",
    "commits": 22,
    "issues_active": 17,
    "response_speed": 35
  },
  {
    "name": "dev-iot-edge-24",
    "commits": 5,
    "issues_active": 0,
    "response_speed": 65
  }
]