[
  {
    "name": "dev-iot-edge-0",
    "commits": 35,
    "issues_active": 17,
    "response_speed": 71
  },
  {
    "name": "dev-iot-edge-1",
    "commits": 29,
    "issues_active": 7,
    "response_speed": 28
  },
  {
    "name": "dev-iot-edge-2",
    "commits": 9,
    "issues_active": 3,
    "response_speed": 44
  },
  {
    "name": "dev-iot-edge-3",
    "commits": 24,
    "issues_active": 14,
    "response_speed": 18
  },
  {
    "name": "dev-iot-edge-4",
    "commits": 2,
    "issues_active": 6,
    "response_speed": 56
  },
  {
    "name": "dev-iot-edge-5",
    "commits": 22,
    "issues_active": 4,
    "response_speed": 18
  },
  {
    "name": "dev-iot-edge-6",
    "commits": 1,
    "issues_active": 14,
    "response_speed": 5
  },
  {
    "name": "dev-iot-edge-7",
    "commits": 13,
    "issues_active": 10,
    "response_speed": 44
  },
  {
    "name": "dev-iot-edge-8",
    "commits": 30,
    "issues_active": 20,
    "response_speed": 58
  },
  {
    "name": "dev-iot-edge-9",
    "commits": 3,
    "issues_active": 13,
    "response_speed": 9
  },
  {
    "name": "dev-iot-edge-10",
    "commits": 21,
    "issues_active": 20,
    "response_speed": 42
  },
  {
    "name": "dev-iot-edge-11",
    "commits": 34,
    "issues_active": 0,
    "response_speed": 65
  },
  {
    "name": "dev-iot-edge-12",
    "commits": 17,
    "issues_active": 18,
    "response_speed": 37
  },
  {
    "name": "dev-iot-edge-13",
    "commits": 6,
    "issues_active": 5,
    "response_speed": 72
  },
  {
    "name": "dev-iot-edge-14",
    "commits": 41,
    "issues_active": 10,
    "response_speed": 44
  },
  {
    "name": "dev-iot-edge-15",
    "commits": 49,
    "issues_active": 16,
    "response_speed": 63
  },
  {
    "name": "dev-iot-edge-16",
    "commits": 48,
    "issues_active": 5,
    "response_speed": 20
  },
  {
    "name": "dev-iot-edge-17",
    "commits": 43,
    "issues_active": 7,
    "response_speed": 30
  },
  {
    "name": "dev-iot-edge-18",
    "commits": 1,
    "issues_active": 4,
    "response_speed": 62
  },
  {
    "name": "dev-iot-edge-19",
    "commits": 6,
    "issues_active": 6,
    "response_speed": 27
  },
  {
    "name": "dev-iot-edge-20",
    "commits": 6,
    "issues_active": 0,
    "response_speed": 58
  },
  {
    "name": "dev-iot-edge-21",
    "commits": 41,
    "issues_active": 12,
    "response_speed": 28
  },
  {
    "name": "dev-iot-edge-22",
    "commits": 27,
    "issues_active": 14,
    "response_speed": 35
  },
  {
    "name": "dev-iot-edge-23",
    "commits": 4,
    "issues_active": 13,
    "response_speed": 67
  },
  {
    "name": "dev-iot-edge-24",
    "commits": 36,
    "issues_active": 2,
    "response_speed": 29
  },
  {
    "name": "dev-iot-edge-25",
    "commits": 39,
    "issues_active": 15,
    "response_speed": 13
  },
  {
    "name": "dev-iot-edge-26",
    "commits": 19,
    "issues_active": 13,
    "response_speed": 52
  },
  {
    "name": "dev-iot-edge-27",
    "commits": 5,
    "issues_active": 18,
    "response_speed": 15
  },
  {
    "name": "dev-iot-edge-28",
    "commits": 12,
    "issues_active": 17,
    "response_speed": 33
  },
  {
    "name": "dev-iot-edge-29",
    "commits": 5,
    "issues_active": 18,
    "response_speed": 28
  },
  {
    "name": "dev-iot-edge-30",
    "commits": 36,
    "issues_active": 19,
    "response_speed": 5
  },
  {
    "name": "dev-iot-edge-31",
    "commits": 2,
    "issues_active": 1,
    "response_speed": 16
  },
  {
    "name": "dev-iot-edge-32",
    "commits": 22,
    "issues_active": 16,
    "response_speed": 40
  },
  {
    "name": "dev-iot-edge-33",
    "commits": 23,
    "issues_active": 4,
    "response_speed": 32
  },
  {
    "name": "dev-iot-edge-34",
    "commits": 29,
    "issues_active": 11,
    "response_speed": 28
  },
  {
    "name": "dev-iot-edge-35",
    "commits": 36,
    "issues_active": 16,
    "response_speed": 22
  },
  {
    "name": "dev-iot-edge-36",
    "commits": 38,
    "issues_active": 1,
    "response_speed": 25
  },
  {
    "name": "dev-iot-edge-37",
    "commits": 11,
    "issues_active": 17,
    "response_speed": 68
  },
  {
    "name": "dev-iot-edge-38",
    "commits": 33,
    "issues_active": 12,
    "response_speed": 2
  },
  {
    "name": "dev-iot-edge-39",
    "commits": 12,
    "issues_active": 0,
    "response_speed": 54
  },
  {
    "name": "dev-iot-edge-40",
    "commits": 48,
    "issues_active": 11,
    "response_speed": 26
  },
  {
    "name": "dev-iot-edge-41",
    "commits": 21,
    "issues_active": 8,
    "response_speed": 40
  }
]