[
  {
    "name": "dev-cloud-native-0",
    "commits": 563,
    "issues_active": 7,
    "response_speed": 65
  },
  {
    "name": "dev-cloud-native-1",
    "commits": 525,
    "issues_active": 14,
    "response_speed": 32
  },
  {
    "name": "dev-cloud-native-2",
    "commits": 45,
    "issues_active": 12,
    "response_speed": 47
  },
  {
    "name": "dev-cloud-native-3",
    "commits": 30,
    "issues_active": 14,
    "response_speed": 62
  },
  {
    "name": "dev-cloud-native-4",
    "commits": 5,
    "issues_active": 15,
    "response_speed": 26
  },
  {
    "name": "dev-cloud-native-5",
    "commits": 13,
    "issues_active": 20,
    "response_speed": 18
  },
  {
    "name": "dev-cloud-native-6",
    "commits": 27,
    "issues_active": 5,
    "response_speed": 27
  },
  {
    "name": "dev-cloud-native-7",
    "commits": 1,
    "issues_active": 16,
    "response_speed": 9
  },
  {
    "name": "dev-cloud-native-8",
    "commits": 43,
    "issues_active": 1,
    "response_speed": 19
  },
  {
    "name": "dev-cloud-native-9",
    "commits": 12,
    "issues_active": 5,
    "response_speed": 45
  },
  {
    "name": "dev-cloud-native-10",
    "commits": 43,
    "issues_active": 4,
    "response_speed": 37
  },
  {
    "name": "dev-cloud-native-11",
    "commits": 10,
    "issues_active": 2,
    "response_speed": 39
  },
  {
    "name": "dev-cloud-native-12",
    "commits": 45,
    "issues_active": 12,
    "response_speed": 40
  },
  {
    "name": "dev-cloud-native-13",
    "commits": 15,
    "issues_active": 12,
    "response_speed": 27
  },
  {
    "name": "dev-cloud-native-14",
    "commits": 5,
    "issues_active": 17,
    "response_speed": 62
  },
  {
    "name": "dev-cloud-native-15",
    "commits": 11,
    "issues_active": 3,
    "response_speed": 10
  },
  {
    "name": "dev-cloud-native-16",
    "commits": 23,
    "issues_active": 6,
    "response_speed": 4
  },
  {
    "name": "dev-cloud-native-17",
    "commits": 6,
    "issues_active": 3,
    "response_speed": 33
  },
  {
    "name": "dev-cloud-native-18",
    "commits": 41,
    "issues_active": 5,
    "response_speed": 18
  },
  {
    "name": "dev-cloud-native-19",
    "commits": 19,
    "issues_active": 6,
    "response_speed": 3
  },
  {
    "name": "dev-cloud-native-20",
    "commits": 17,
    "issues_active": 14,
    "response_speed": 26
  },
  {
    "name": "dev-cloud-native-21",
    "commits": 13,
    "issues_active": 17,
    "response_speed": 57
  },
  {
    "name": "dev-cloud-native-22",
    "commits": 28,
    "issues_active": 17,
    "response_speed": 5
  },
  {
    "name": "dev-cloud-native-23",
    "commits": 3,
    "issues_active": 19,
    "response_speed": 26
  },
  {
    "name": "dev-cloud-native-24",
    "commits": 25,
    "issues_active": 17,
    "response_speed": 4
  },
  {
    "name": "dev-cloud-native-25",
    "commits": 31,
    "issues_active": 3,
    "response_speed": 13
  },
  {
    "name": "dev-cloud-native-26",
    "commits": 18,
    "issues_active": 0,
    "response_speed": 22
  },
  {
    "name": "dev-cloud-native-27",
    "commits": 32,
    "issues_active": 14,
    "response_speed": 60
  },
  {
    "name": "dev-cloud-native-28",
    "commits": 47,
    "issues_active": 16,
    "response_speed": 6
  },
  {
    "name": "dev-cloud-native-29",
    "commits": 44,
    "issues_active": 17,
    "response_speed": 48
  },
  {
    "name": "dev-cloud-native-30",
    "commits": 24,
    "issues_active": 15,
    "response_speed": 51
  },
  {
    "name": "dev-cloud-native-31",
    "commits": 12,
    "issues_active": 4,
    "response_speed": 64
  },
  {
    "name": "dev-cloud-native-32",
    "commits": 44,
    "issues_active": 2,
    "response_speed": 6
  },
  {
    "name": "dev-cloud-native-33",
    "commits": 18,
    "issues_active": 16,
    "response_speed": 40
  }
]