[
  {
    "name": "dev-mobile-tooling-0",
    "commits": 35,
    "issues_active": 3,
    "response_speed": 32
  },
  {
    "name": "dev-mobile-tooling-1",
    "commits": 24,
    "issues_active": 12,
    "response_speed": 13
  },
  {
    "name": "dev-mobile-tooling-2",
    "commits": 18,
    "issues_active": 16,
    "response_speed": 53
  },
  {
    "name": "dev-mobile-tooling-3",
    "commits": 50,
    "issues_active": 3,
    "response_speed": 23
  },
  {
    "name": "dev-mobile-tooling-4",
    "commits": 19,
    "issues_active": 0,
    "response_speed": 47
  },
  {
    "name": "dev-mobile-tooling-5",
    "commits": 49,
    "issues_active": 14,
    "response_speed": 21
  },
  {
    "name": "dev-mobile-tooling-6",
    "commits": 8,
    "issues_active": 11,
    "response_speed": 60
  },
  {
    "name": "dev-mobile-tooling-7",
    "commits": 24,
    "issues_active": 20,
    "response_speed": 53
  },
  {
    "name": "dev-mobile-tooling-8",
    "commits": 27,
    "issues_active": 0,
    "response_speed": 34
  },
  {
    "name": "dev-mobile-tooling-9",
    "commits": 7,
    "issues_active": 15,
    "response_speed": 43
  },
  {
    "name": "dev-mobile-tooling-10",
    "commits": 20,
    "issues_active": 13,
    "response_speed": 23
  },
  {
    "name": "dev-mobile-tooling-11",
    "commits": 48,
    "issues_active": 19,
    "response_speed": 8
  },
  {
    "name": "dev-mobile-tooling-12",
    "commits": 29,
    "issues_active": 1,
    "response_speed": 52
  },
  {
    "name": "dev-mobile-tooling-13",
    "commits": 18,
    "issues_active": 8,
    "response_speed": 22
  },
  {
    "name": "dev-mobile-tooling-14",
    "commits": 42,
    "issues_active": 19,
    "response_speed": 42
  },
  {
    "name": "dev-mobile-tooling-15",
    "commits": 23,
    "issues_active": 3,
    "response_speed": 55
  },
  {
    "name": "dev-mobile-tooling-16",
    "commits": 45,
    "issues_active": 4,
    "response_speed": 45
  },
  {
    "name": "dev-mobile-tooling-17",
    "commits": 13,
    "issues_active": 9,
    "response_speed": 13
  },
  {
    "name": "dev-mobile-tooling-18",
    "commits": 19,
    "issues_active": 16,
    "response_speed": 18
  },
  {
    "name": "dev-mobile-tooling-19",
    "commits": 37,
    "issues_active": 13,
    "response_speed": 45
  },
  {
    "name": "dev-mobile-tooling-20",
    "commits": 41,
    "issues_active": 13,
    "response_speed": 66
  },
  {
    "name": "dev-mobile-tooling-21",
    "commits": 40,
    "issues_active": 1,
    "response_speed": 20
  },
  {
    "name": "dev-mobile-tooling-22",
    "commits": 38,
    "issues_active": 12,
    "response_speed": 72
  },
  {
    "name": "dev-mobile-tooling-23",
    "commits": 40,
    "issues_active": 14,
    "response_speed": 63
  },
  {
    "name": "dev-mobile-tooling-24",
    "commits": 38,
    "issues_active": 18,
    "response_speed": 20
  },
  {
    "name": "dev-mobile-tooling-25",
    "commits": 12,
    "issues_active": 2,
    "response_speed": 3
  },
  {
    "name": "dev-mobile-tooling-26",
    "commits": 43,
    "issues_active": 7,
    "response_speed": 62
  },
  {
    "name": "dev-mobile-tooling-27",
    "commits": 3,
    "issues_active": 15,
    "response_speed": 14
  },
  {
    "name": "dev-mobile-tooling-28",
    "commits": 12,
    "issues_active": 9,
    "response_speed": 32
  },
  {
    "name": "dev-mobile-tooling-29",
    "commits": 6,
    "issues_active": 10,
    "response_speed": 13
  },
  {
    "name": "dev-mobile-tooling-30",
    "commits": 18,
    "issues_active": 5,
    "response_speed": 21
  },
  {
    "name": "dev-mobile-tooling-31",
    "commits": 47,
    "issues_active": 4,
    "response_speed": 26
  },
  {
    "name": "dev-mobile-tooling-32",
    "commits": 16,
    "issues_active": 20,
    "response_speed": 51
  },
  {
    "name": "dev-mobile-tooling-33",
    "commits": 47,
    "issues_active": 11,
    "response_speed": 15
  },
  {
    "name": "dev-mobile-tooling-34",
    "commits": 25,
    "issues_active": 13,
    "response_speed": 69
  },
  {
    "name": "dev-mobile-tooling-35",
    "commits": 32,
    "issues_active": 7,
    "response_speed": 13
  },
  {
    "name": "dev-mobile-tooling-36",
    "commits": 47,
    "issues_active": 6,
    "response_speed": 59
  },
  {
    "name": "dev-mobile-tooling-37",
    "commits": 42,
    "issues_active": 3,
    "response_speed": 32
  },
  {
    "name": "dev-mobile-tooling-38",
    "commits": 16,
    "issues_active": 3,
    "response_speed": 15
  },
  {
    "name": "dev-mobile-tooling-39",
    "commits": 47,
    "issues_active": 8,
    "response_speed": 22
  },
  {
    "name": "dev-mobile-tooling-40",
    "commits": 9,
    "issues_active": 3,
    "response_speed": 31
  },
  {
    "name": "dev-mobile-tooling-41",
    "commits": 34,
    "issues_active": 17,
    "response_speed": 16
  }
]