[
  {
    "name": "dev-devops-platform-0",
    "commits": 844,
    "issues_active": 4,
    "response_speed": 15
  },
  {
    "name": "dev-devops-platform-1",
    "commits": 729,
    "issues_active": 12,
    "response_speed": 25
  },
  {
    "name": "dev-devops-platform-2",
    "commits": 33,
    "issues_active": 0,
    "response_speed": 29
  },
  {
    "name": "dev-devops-platform-3",
    "commits": 34,
    "issues_active": 3,
    "response_speed": 2
  },
  {
    "name": "dev-devops-platform-4",
    "commits": 14,
    "issues_active": 20,
    "response_speed": 17
  },
  {
    "name": "dev-devops-platform-5",
    "commits": 11,
    "issues_active": 7,
    "response_speed": 58
  },
  {
    "name": "dev-devops-platform-6",
    "commits": 29,
    "issues_active": 6,
    "response_speed": 48
  },
  {
    "name": "dev-devops-platform-7",
    "commits": 11,
    "issues_active": 6,
    "response_speed": 12
  },
  {
    "name": "dev-devops-platform-8",
    "commits": 5,
    "issues_active": 16,
    "response_speed": 5
  },
  {
    "name": "dev-devops-platform-9",
    "commits": 22,
    "issues_active": 14,
    "response_speed": 47
  },
  {
    "name": "dev-devops-platform-10",
    "commits": 30,
    "issues_active": 11,
    "response_speed": 44
  },
  {
    "name": "dev-devops-platform-11",
    "commits": 39,
    "issues_active": 3,
    "response_speed": 16
  },
  {
    "name": "dev-devops-platform-12",
    "commits": 7,
    "issues_active": 9,
    "response_speed": 39
  },
  {
    "name": "dev-devops-platform-13",
    "commits": 29,
    "issues_active": 18,
    "response_speed": 20
  }
]