[
  {
    "name": "dev-devops-platform-0",
    "commits": 589,
    "issues_active": 19,
    "response_speed": 17
  },
  {
    "name": "dev-devops-platform-1",
    "commits": 967,
    "issues_active": 13,
    "response_speed": 49
  },
  {
    "name": "dev-devops-platform-2",
    "commits": 13,
    "issues_active": 1,
    "response_speed": 39
  },
  {
    "name": "dev-devops-platform-3",
    "commits": 38,
    "issues_active": 15,
    "response_speed": 52
  },
  {
    "name": "dev-devops-platform-4",
    "commits": 16,
    "issues_active": 8,
    "response_speed": 7
  },
  {
    "name": "dev-devops-platform-5",
    "commits": 23,
    "issues_active": 18,
    "response_speed": 7
  },
  {
    "name": "dev-devops-platform-6",
    "commits": 44,
    "issues_active": 11,
    "response_speed": 14
  },
  {
    "name": "dev-devops-platform-7",
    "commits": 48,
    "issues_active": 7,
    "response_speed": 62
  },
  {
    "name": "dev-devops-platform-8",
    "commits": 41,
    "issues_active": 16,
    "response_speed": 63
  },
  {
    "name": "dev-devops-platform-9",
    "commits": 15,
    "issues_active": 9,
    "response_speed": 72
  },
  {
    "name": "dev-devops-platform-10",
    "commits": 13,
    "issues_active": 20,
    "response_speed": 36
  },
  {
    "name": "dev-devops-platform-11",
    "commits": 13,
    "issues_active": 16,
    "response_speed": 23
  },
  {
    "name": "dev-devops-platform-12",
    "commits": 42,
    "issues_active": 14,
    "response_speed": 38
  },
  {
    "name": "dev-devops-platform-13",
    "commits": 15,
    "issues_active": 15,
    "response_speed": 9
  },
  {
    "name": "dev-devops-platform-14",
    "commits": 20,
    "issues_active": 16,
    "response_speed": 53
  },
  {
    "name": "dev-devops-platform-15",
    "commits": 16,
    "issues_active": 8,
    "response_speed": 1
  },
  {
    "name": "dev-devops-platform-16",
    "commits": 4,
    "issues_active": 1,
    "response_speed": 50
  },
  {
    "name": "dev-devops-platform-17",
    "commits": 25,
    "issues_active": 3,
    "response_speed": 22
  },
  {
    "name": "dev-devops-platform-18",
    "commits": 15,
    "issues_active": 18,
    "response_speed": 50
  },
  {
    "name": "dev-devops-platform-19",
    "commits": 50,
    "issues_active": 1,
    "response_speed": 39
  },
  {
    "name": "dev-devops-platform-20",
    "commits": 43,
    "issues_active": 1,
    "response_speed": 51
  },
  {
    "name": "dev-devops-platform-21",
    "commits": 30,
    "issues_active": 0,
    "response_speed": 59
  },
  {
    "name": "dev-devops-platform-22",
    "commits": 7,
    "issues_active": 9,
    "response_speed": 71
  },
  {
    "name": "dev-devops-platform-23",
    "commits": 12,
    "issues_active": 4,
    "response_speed": 48
  },
  {
    "name": "dev-devops-platform-24",
    "commits": 45,
    "issues_active": 10,
    "response_speed": 17
  },
  {
    "name": "dev-devops-platform-25",
    "commits": 37,
    "issues_active": 10,
    "response_speed": 72
  },
  {
    "name": "dev-devops-platform-26",
    "commits": 20,
    "issues_active": 5,
    "response_speed": 38
  },
  {
    "name": "dev-devops-platform-27",
    "commits": 36,
    "issues_active": 13,
    "response_speed": 67
  },
  {
    "name": "dev-devops-platform-28",
    "commits": 34,
    "issues_active": 10,
    "response_speed": 72
  },
  {
    "name": "dev-devops-platform-29",
    "commits": 12,
    "issues_active": 18,
    "response_speed": 40
  },
  {
    "name": "dev-devops-platform-30",
    "commits": 9,
    "issues_active": 8,
    "response_speed": 53
  },
  {
    "name": "dev-devops-platform-31",
    "commits": 37,
    "issues_active": 5,
    "response_speed": 57
  },
  {
    "name": "dev-devops-platform-32",
    "commits": 38,
    "issues_active": 8,
    "response_speed": 20
  },
  {
    "name": "dev-devops-platform-33",
    "commits": 20,
    "issues_active": 6,
    "response_speed": 1
  },
  {
    "name": "dev-devops-platform-34",
    "commits": 14,
    "issues_active": 4,
    "response_speed": 13
  },
  {
    "name": "dev-devops-platform-35",
    "commits": 17,
    "issues_active": 3,
    "response_speed": 24
  },
  {
    "name": "dev-devops-platform-36",
    "commits": 5,
    "issues_active": 2,
    "response_speed": 2
  },
  {
    "name": "dev-devops-platform-37",
    "commits": 27,
    "issues_active": 16,
    "response_speed": 39
  },
  {
    "name": "dev-devops-platform-38",
    "commits": 35,
    "issues_active": 11,
    "response_speed": 46
  },
  {
    "name": "dev-devops-platform-39",
    "commits": 43,
    "issues_active": 5,
    "response_speed": 28
  },
  {
    "name": "dev-devops-platform-40",
    "commits": 11,
    "issues_active": 7,
    "response_speed": 10
  },
  {
    "name": "dev-devops-platform-41",
    "commits": 43,
    "issues_active": 12,
    "response_speed": 56
  },
  {
    "name": "dev-devops-platform-42",
    "commits": 23,
    "issues_active": 20,
    "response_speed": 7
  },
  {
    "name": "dev-devops-platform-43",
    "commits": 45,
    "issues_active": 13,
    "response_speed": 35
  },
  {
    "name": "dev-devops-platform-44",
    "commits": 6,
    "issues_active": 7,
    "response_speed": 49
  }
]