[
  {
    "name": "dev-iot-edge-0",
    "commits": 517,
    "issues_active": 14,
    "response_speed": 18
  },
  {
    "name": "dev-iot-edge-1",
    "commits": 804,
    "issues_active": 20,
    "response_speed": 61
  },
  {
    "name": "dev-iot-edge-2",
    "commits": 19,
    "issues_active": 15,
    "response_speed": 41
  },
  {
    "name": "dev-iot-edge-3",
    "commits": 7,
    "issues_active": 16,
    "response_speed": 3
  },
  {
    "name": "dev-iot-edge-4",
    "commits": 31,
    "issues_active": 8,
    "response_speed": 4
  },
  {
    "name": "dev-iot-edge-5",
    "commits": 12,
    "issues_active": 8,
    "response_speed": 58
  },
  {
    "name": "dev-iot-edge-6",
    "commits": 47,
    "issues_active": 20,
    "response_speed": 10
  },
  {
    "name": "dev-iot-edge-7",
    "commits": 1,
    "issues_active": 2,
    "response_speed": 8
  },
  {
    "name": "dev-iot-edge-8",
    "commits": 34,
    "issues_active": 5,
    "response_speed": 54
  },
  {
    "name": "dev-iot-edge-9",
    "commits": 20,
    "issues_active": 18,
    "response_speed": 8
  },
  {
    "name": "dev-iot-edge-10",
    "commits": 36,
    "issues_active": 3,
    "response_speed": 11
  },
  {
    "name": "dev-iot-edge-11",
    "commits": 5,
    "issues_active": 17,
    "response_speed": 54
  },
  {
    "name": "dev-iot-edge-12",
    "commits": 17,
    "issues_active": 4,
    "response_speed": 11
  },
  {
    "name": "dev-iot-edge-13",
    "commits": 17,
    "issues_active": 2,
    "response_speed": 32
  },
  {
    "name": "dev-iot-edge-14",
    "commits": 23,
    "issues_active": 5,
    "response_speed": 57
  },
  {
    "name": "dev-iot-edge-15",
    "commits": 31,
    "issues_active": 0,
    "response_speed": 58
  },
  {
    "name": "dev-iot-edge-16",
    "commits": 39,
    "issues_active": 0,
    "response_speed": 25
  },
  {
    "name": "dev-iot-edge-17",
    "commits": 3,
    "issues_active": 15,
    "response_speed": 54
  },
  {
    "name": "dev-iot-edge-18",
    "commits": 22,
    "issues_active": 19,
    "response_speed": 24
  },
  {
    "name": "dev-iot-edge-19",
    "commits": 7,
    "issues_active": 20,
    "response_speed": 52
  },
  {
    "name": "dev-iot-edge-20",
    "commits": 6,
    "issues_active": 13,
    "response_speed": 18
  },
  {
    "name": "dev-iot-edge-21",
    "commits": 50,
    "issues_active": 4,
    "response_speed": 18
  },
  {
    "name": "dev-iot-edge-22",
    "commits": 43,
    "issues_active": 19,
    "response_speed": 71
  },
  {
    "name": "dev-iot-edge-23",
    "commits": 44,
    "issues_active": 3,
    "response_speed": 11
  },
  {
    "name": "dev-iot-edge-24",
    "commits": 19,
    "issues_active": 12,
    "response_speed": 60
  },
  {
    "name": "dev-iot-edge-25",
    "commits": 6,
    "issues_active": 8,
    "response_speed": 33
  },
  {
    "name": "dev-iot-edge-26",
    "commits": 12,
    "issues_active": 3,
    "response_speed": 21
  },
  {
    "name": "dev-iot-edge-27",
    "commits": 19,
    "issues_active": 6,
    "response_speed": 70
  },
  {
    "name": "dev-iot-edge-28",
    "commits": 7,
    "issues_active": 7,
    "response_speed": 20
  },
  {
    "name": "dev-iot-edge-29",
    "commits": 40,
    "issues_active": 3,
    "response_speed": 49
  },
  {
    "name": "dev-iot-edge-30",
    "commits": 37,
    "issues_active": 11,
    "response_speed": 70
  },
  {
    "name": "dev-iot-edge-31",
    "commits": 37,
    "issues_active": 6,
    "response_speed": 63
  },
  {
    "name": "dev-iot-edge-32",
    "commits": 16,
    "issues_active": 7,
    "response_speed": 31
  },
  {
    "name": "dev-iot-edge-33",
    "commits": 22,
    "issues_active": 12,
    "response_speed": 61
  },
  {
    "name": "dev-iot-edge-34",
    "commits": 43,
    "issues_active": 11,
    "response_speed": 71
  },
  {
    "name": "dev-iot-edge-35",
    "commits": 45,
    "issues_active": 19,
    "response_speed": 1
  },
  {
    "name": "dev-iot-edge-36",
    "commits": 26,
    "issues_active": 12,
    "response_speed": 14
  },
  {
    "name": "dev-iot-edge-37",
    "commits": 27,
    "issues_active": 1,
    "response_speed": 56
  },
  {
    "name": "dev-iot-edge-38",
    "commits": 43,
    "issues_active": 15,
    "response_speed": 2
  },
  {
    "name": "dev-iot-edge-39",
    "commits": 40,
    "issues_active": 6,
    "response_speed": 14
  }
]