[
  {
    "name": "dev-database-systems-0",
    "commits": 48,
    "issues_active": 16,
    "response_speed": 2
  },
  {
    "name": "dev-database-systems-1",
    "commits": 49,
    "issues_active": 20,
    "response_speed": 30
  },
  {
    "name": "dev-database-systems-2",
    "commits": 40,
    "issues_active": 2,
    "response_speed": 3
  },
  {
    "name": "dev-database-systems-3",
    "commits": 12,
    "issues_active": 11,
    "response_speed": 33
  },
  {
    "name": "dev-database-systems-4",
    "commits": 8,
    "issues_active": 8,
    "response_speed": 56
  },
  {
    "name": "dev-database-systems-5",
    "commits": 35,
    "issues_active": 18,
    "response_speed": 18
  },
  {
    "name": "dev-database-systems-6",
    "commits": 16,
    "issues_active": 12,
    "response_speed": 3
  },
  {
    "name": "dev-database-systems-7",
    "commits": 13,
    "issues_active": 10,
    "response_speed": 14
  },
  {
    "name": "dev-database-systems-8",
    "commits": 3,
    "issues_active": 14,
    "response_speed": 17
  },
  {
    "name": "dev-database-systems-9",
    "commits": 10,
    "issues_active": 5,
    "response_speed": 42
  },
  {
    "name": "dev-database-systems-10",
    "commits": 29,
    "issues_active": 1,
    "response_speed": 55
  },
  {
    "name": "dev-database-systems-11",
    "commits": 13,
    "issues_active": 11,
    "response_speed": 47
  },
  {
    "name": "dev-database-systems-12",
    "commits": 50,
    "issues_active": 4,
    "response_speed": 27
  },
  {
    "name": "dev-database-systems-13",
    "commits": 26,
    "issues_active": 17,
    "response_speed": 33
  },
  {
    "name": "dev-database-systems-14",
    "commits": 16,
    "issues_active": 19,
    "response_speed": 25
  },
  {
    "name": "dev-database-systems-15",
    "commits": 28,
    "issues_active": 16,
    "response_speed": 63
  },
  {
    "name": "dev-database-systems-16",
    "commits": 26,
    "issues_active": 20,
    "response_speed": 4
  },
  {
    "name": "dev-database-systems-17",
    "commits": 9,
    "issues_active": 11,
    "response_speed": 3
  },
  {
    "name": "dev-database-systems-18",
    "commits": 3,
    "issues_active": 9,
    "response_speed": 62
  },
  {
    "name": "dev-database-systems-19",
    "commits": 35,
    "issues_active": 19,
    "response_speed": 22
  },
  {
    "name": "dev-database-systems-20",
    "commits": 18,
    "issues_active": 9,
    "response_speed": 39
  },
  {
    "name": "dev-database-systems-21",
    "commits": 19,
    "issues_active": 17,
    "response_speed": 49
  },
  {
    "name": "dev-database-systems-22",
    "commits": 15,
    "issues_active": 18,
    "response_speed": 38
  },
  {
    "name": "dev-database-systems-23",
    "commits": 31,
    "issues_active": 17,
    "response_speed": 14
  },
  {
    "name": "dev-database-systems-24",
    "commits": 27,
    "issues_active": 16,
    "response_speed": 32
  },
  {
    "name": "dev-database-systems-25",
    "commits": 14,
    "issues_active": 8,
    "response_speed": 41
  },
  {
    "name": "dev-database-systems-26",
    "commits": 24,
    "issues_active": 6,
    "response_speed": 25
  },
  {
    "name": "dev-database-systems-27",
    "commits": 7,
    "issues_active": 13,
    "response_speed": 17
  },
  {
    "name": "dev-database-systems-28",
    "commits": 26,
    "issues_active": 16,
    "response_speed": 13
  },
  {
    "name": "dev-database-systems-29",
    "commits": 6,
    "issues_active": 18,
    "response_speed": 52
  },
  {
    "name": "dev-database-systems-30",
    "commits": 33,
    "issues_active": 11,
    "response_speed": 5
  },
  {
    "name": "dev-database-systems-31",
    "commits": 36,
    "issues_active": 16,
    "response_speed": 72
  },
  {
    "name": "dev-database-systems-32",
    "commits": 33,
    "issues_active": 2,
    "response_speed": 58
  },
  {
    "name": "dev-database-systems-33",
    "commits": 6,
    "issues_active": 4,
    "response_speed": 15
  },
  {
    "name": "dev-database-systems-34",
    "commits": 18,
    "issues_active": 12,
    "response_speed": 41
  },
  {
    "name": "dev-database-systems-35",
    "commits": 13,
    "issues_active": 6,
    "response_speed": 12
  }
]