[
  {
    "name": "dev-devops-platform-0",
    "commits": 527,
    "issues_active": 12,
    "response_speed": 45
  },
  {
    "name": "dev-devops-platform-1",
    "commits": 915,
    "issues_active": 15,
    "response_speed": 71
  },
  {
    "name": "dev-devops-platform-2",
    "commits": 21,
    "issues_active": 11,
    "response_speed": 33
  },
  {
    "name": "dev-devops-platform-3",
    "commits": 34,
    "issues_active": 19,
    "response_speed": 59
  },
  {
    "name": "dev-devops-platform-4",
    "commits": 45,
    "issues_active": 16,
    "response_speed": 1
  },
  {
    "name": "dev-devops-platform-5",
    "commits": 37,
    "issues_active": 5,
    "response_speed": 47
  },
  {
    "name": "dev-devops-platform-6",
    "commits": 3,
    "issues_active": 3,
    "response_speed": 30
  },
  {
    "name": "dev-devops-platform-7",
    "commits": 39,
    "issues_active": 8,
    "response_speed": 63
  },
  {
    "name": "dev-devops-platform-8",
    "commits": 37,
    "issues_active": 0,
    "response_speed": 58
  },
  {
    "name": "dev-devops-platform-9",
    "commits": 18,
    "issues_active": 7,
    "response_speed": 24
  },
  {
    "name": "dev-devops-platform-10",
    "commits": 10,
    "issues_active": 3,
    "response_speed": 58
  },
  {
    "name": "dev-devops-platform-11",
    "commits": 10,
    "issues_active": 8,
    "response_speed": 26
  },
  {
    "name": "dev-devops-platform-12",
    "commits": 37,
    "issues_active": 8,
    "response_speed": 38
  },
  {
    "name": "dev-devops-platform-13",
    "commits": 14,
    "issues_active": 9,
    "response_speed": 21
  },
  {
    "name": "dev-devops-platform-14",
    "commits": 9,
    "issues_active": 10,
    "response_speed": 61
  },
  {
    "name": "dev-devops-platform-15",
    "commits": 47,
    "issues_active": 20,
    "response_speed": 60
  },
  {
    "name": "dev-devops-platform-16",
    "commits": 34,
    "issues_active": 2,
    "response_speed": 42
  },
  {
    "name": "dev-devops-platform-17",
    "commits": 48,
    "issues_active": 8,
    "response_speed": 70
  },
  {
    "name": "dev-devops-platform-18",
    "commits": 6,
    "issues_active": 16,
    "response_speed": 57
  },
  {
    "name": "dev-devops-platform-19",
    "commits": 39,
    "issues_active": 19,
    "response_speed": 35
  },
  {
    "name": "dev-devops-platform-20",
    "commits": 41,
    "issues_active": 17,
    "response_speed": 62
  },
  {
    "name": "dev-devops-platform-21",
    "commits": 39,
    "issues_active": 15,
    "response_speed": 10
  },
  {
    "name": "dev-devops-platform-22",
    "commits": 40,
    "issues_active": 10,
    "response_speed": 36
  },
  {
    "name": "dev-devops-platform-23",
    "commits": 16,
    "issues_active": 20,
    "response_speed": 44
  },
  {
    "name": "dev-devops-platform-24",
    "commits": 19,
    "issues_active": 20,
    "response_speed": 31
  },
  {
    "name": "dev-devops-platform-25",
    "commits": 4,
    "issues_active": 1,
    "response_speed": 71
  },
  {
    "name": "dev-devops-platform-26",
    "commits": 17,
    "issues_active": 20,
    "response_speed": 53
  },
  {
    "name": "dev-devops-platform-27",
    "commits": 31,
    "issues_active": 18,
    "response_speed": 57
  },
  {
    "name": "dev-devops-platform-28",
    "commits": 48,
    "issues_active": 10,
    "response_speed": 55
  },
  {
    "name": "dev-devops-platform-29",
    "commits": 35,
    "issues_active": 14,
    "response_speed": 16
  },
  {
    "name": "dev-devops-platform-30",
    "commits": 12,
    "issues_active": 3,
    "response_speed": 36
  },
  {
    "name": "dev-devops-platform-31",
    "commits": 2,
    "issues_active": 14,
    "response_speed": 2
  },
  {
    "name": "dev-devops-platform-32",
    "commits": 39,
    "issues_active": 13,
    "response_speed": 10
  },
  {
    "name": "dev-devops-platform-33",
    "commits": 38,
    "issues_active": 3,
    "response_speed": 69
  },
  {
    "name": "dev-devops-platform-34",
    "commits": 26,
    "issues_active": 0,
    "response_speed": 9
  },
  {
    "name": "dev-devops-platform-35",
    "commits": 15,
    "issues_active": 0,
    "response_speed": 31
  },
  {
    "name": "dev-devops-platform-36",
    "commits": 50,
    "issues_active": 13,
    "response_speed": 55
  }
]