[
  {
    "name": "dev-database-systems-0",
    "commits": 994,
    "issues_active": 17,
    "response_speed": 21
  },
  {
    "name": "dev-database-systems-1",
    "commits": 883,
    "issues_active": 16,
    "response_speed": 58
  },
  {
    "name": "dev-database-systems-2",
    "commits": 3,
    "issues_active": 2,
    "response_speed": 16
  },
  {
    "name": "dev-database-systems-3",
    "commits": 21,
    "issues_active": 14,
    "response_speed": 8
  },
  {
    "name": "dev-database-systems-4",
    "commits": 17,
    "issues_active": 18,
    "response_speed": 15
  },
  {
    "name": "dev-database-systems-5",
    "commits": 24,
    "issues_active": 9,
    "response_speed": 31
  }
]