[
  {
    "name": "dev-ai-labs-0",
    "commits": 43,
    "issues_active": 4,
    "response_speed": 62
  },
  {
    "name": "dev-ai-labs-1",
    "commits": 32,
    "issues_active": 19,
    "response_speed": 56
  },
  {
    "name": "dev-ai-labs-2",
    "commits": 40,
    "issues_active": 14,
    "response_speed": 45
  },
  {
    "name": "dev-ai-labs-3",
    "commits": 33,
    "issues_active": 13,
    "response_speed": 12
  },
  {
    "name": "dev-ai-labs-4",
    "commits": 28,
    "issues_active": 13,
    "response_speed": 21
  },
  {
    "name": "dev-ai-labs-5",
    "commits": 40,
    "issues_active": 16,
    "response_speed": 59
  },
  {
    "name": "dev-ai-labs-6",
    "commits": 26,
    "issues_active": 14,
    "response_speed": 64
  },
  {
    "name": "dev-ai-labs-7",
    "commits": 19,
    "issues_active": 16,
    "response_speed": 3
  },
  {
    "name": "dev-ai-labs-8",
    "commits": 20,
    "issues_active": 1,
    "response_speed": 8
  },
  {
    "name": "dev-ai-labs-9",
    "commits": 13,
    "issues_active": 16,
    "response_speed": 9
  },
  {
    "name": "dev-ai-labs-10",
    "commits": 3,
    "issues_active": 8,
    "response_speed": 18
  },
  {
    "name": "dev-ai-labs-11",
    "commits": 36,
    "issues_active": 19,
    "response_speed": 65
  },
  {
    "name": "dev-ai-labs-12",
    "commits": 19,
    "issues_active": 17,
    "response_speed": 41
  },
  {
    "name": "dev-ai-labs-13",
    "commits": 20,
    "issues_active": 1,
    "response_speed": 5
  },
  {
    "name": "dev-ai-labs-14",
    "commits": 10,
    "issues_active": 7,
    "response_speed": 35
  },
  {
    "name": "dev-ai-labs-15",
    "commits": 15,
    "issues_active": 5,
    "response_speed": 19
  },
  {
    "name": "dev-ai-labs-16",
    "commits": 32,
    "issues_active": 5,
    "response_speed": 26
  },
  {
    "name": "dev-ai-labs-17",
    "commits": 30,
    "issues_active": 14,
    "response_speed": 64
  },
  {
    "name": "dev-ai-labs-18",
    "commits": 23,
    "issues_active": 9,
    "response_speed": 2
  },
  {
    "name": "dev-ai-labs-19",
    "commits": 36,
    "issues_active": 8,
    "response_speed": 38
  },
  {
    "name": "dev-ai-labs-20",
    "commits": 48,
    "issues_active": 3,
    "response_speed": 30
  },
  {
    "name": "dev-ai-labs-21",
    "commits": 17,
    "issues_active": 7,
    "response_speed": 12
  },
  {
    "name": "dev-ai-labs-22",
    "commits": 24,
    "issues_active": 13,
    "response_speed": 30
  },
  {
    "name": "dev-ai-labs-23",
    "commits": 5,
    "issues_active": 14,
    "response_speed": 4
  },
  {
    "name": "dev-ai-labs-24",
    "commits": 12,
    "issues_active": 16,
    "response_speed": 47
  },
  {
    "name": "dev-ai-labs-25",
    "commits": 19,
    "issues_active": 2,
    "response_speed": 9
  },
  {
    "name": "dev-ai-labs-26",
    "commits": 14,
    "issues_active": 7,
    "response_speed": 59
  },
  {
    "name": "dev-ai-labs-27",
    "commits": 12,
    "issues_active": 14,
    "response_speed": 38
  },
  {
    "name": "dev-ai-labs-28",
    "commits": 34,
    "issues_active": 19,
    "response_speed": 65
  },
  {
    "name": "dev-ai-labs-29",
    "commits": 45,
    "issues_active": 20,
    "response_speed": 39
  },
  {
    "name": "dev-ai-labs-30",
    "commits": 18,
    "issues_active": 16,
    "response_speed": 2
  },
  {
    "name": "dev-ai-labs-31",
    "commits": 1,
    "issues_active": 17,
    "response_speed": 39
  },
  {
    "name": "dev-ai-labs-32",
    "commits": 9,
    "issues_active": 14,
    "response_speed": 10
  },
  {
    "name": "dev-ai-labs-33",
    "commits": 45,
    "issues_active": 7,
    "response_speed": 25
  },
  {
    "name": "dev-ai-labs-34",
    "commits": 9,
    "issues_active": 16,
    "response_speed": 29
  }
]