[
  {
    "name": "dev-blockchain-core-0",
    "commits": 25,
    "issues_active": 16,
    "response_speed": 62
  },
  {
    "name": "dev-blockchain-core-1",
    "commits": 30,
    "issues_active": 8,
    "response_speed": 72
  },
  {
    "name": "dev-blockchain-core-2",
    "commits": 17,
    "issues_active": 2,
    "response_speed": 9
  },
  {
    "name": "dev-blockchain-core-3",
    "commits": 21,
    "issues_active": 9,
    "response_speed": 72
  },
  {
    "name": "dev-blockchain-core-4",
    "commits": 23,
    "issues_active": 16,
    "response_speed": 42
  },
  {
    "name": "dev-blockchain-core-5",
    "commits": 43,
    "issues_active": 13,
    "response_speed": 20
  },
  {
    "name": "dev-blockchain-core-6",
    "commits": 27,
    "issues_active": 7,
    "response_speed": 33
  },
  {
    "name": "dev-blockchain-core-7",
    "commits": 10,
    "issues_active": 13,
    "response_speed": 63
  },
  {
    "name": "dev-blockchain-core-8",
    "commits": 44,
    "issues_active": 2,
    "response_speed": 41
  },
  {
    "name": "dev-blockchain-core-9",
    "commits": 44,
    "issues_active": 4,
    "response_speed": 2
  },
  {
    "name": "dev-blockchain-core-10",
    "commits": 3,
    "issues_active": 15,
    "response_speed": 51
  },
  {
    "name": "dev-blockchain-core-11",
    "commits": 32,
    "issues_active": 12,
    "response_speed": 59
  },
  {
    "name": "dev-blockchain-core-12",
    "commits": 43,
    "issues_active": 12,
    "response_speed": 28
  },
  {
    "name": "dev-blockchain-core-13",
    "commits": 28,
    "issues_active": 17,
    "response_speed": 3
  },
  {
    "name": "dev-blockchain-core-14",
    "commits": 5,
    "issues_active": 8,
    "response_speed": 1
  },
  {
    "name": "dev-blockchain-core-15",
    "commits": 9,
    "issues_active": 7,
    "response_speed": 33
  }
]