[
  {
    "name": "dev-database-systems-0",
    "commits": 44,
    "issues_active": 2,
    "response_speed": 46
  },
  {
    "name": "dev-database-systems-1",
    "commits": 1,
    "issues_active": 2,
    "response_speed": 41
  },
  {
    "name": "dev-database-systems-2",
    "commits": 1,
    "issues_active": 10,
    "response_speed": 30
  },
  {
    "name": "dev-database-systems-3",
    "commits": 26,
    "issues_active": 12,
    "response_speed": 13
  },
  {
    "name": "dev-database-systems-4",
    "commits": 2,
    "issues_active": 18,
    "response_speed": 66
  },
  {
    "name": "dev-database-systems-5",
    "commits": 7,
    "issues_active": 1,
    "response_speed": 60
  },
  {
    "name": "dev-database-systems-6",
    "commits": 21,
    "issues_active": 1,
    "response_speed": 59
  },
  {
    "name": "dev-database-systems-7",
    "commits": 42,
    "issues_active": 20,
    "response_speed": 61
  },
  {
    "name": "dev-database-systems-8",
    "commits": 18,
    "issues_active": 17,
    "response_speed": 1
  },
  {
    "name": "dev-database-systems-9",
    "commits": 27,
    "issues_active": 1,
    "response_speed": 38
  },
  {
    "name": "dev-database-systems-10",
    "commits": 34,
    "issues_active": 10,
    "response_speed": 35
  },
  {
    "name": "dev-database-systems-11",
    "commits": 15,
    "issues_active": 9,
    "response_speed": 3
  },
  {
    "name": "dev-database-systems-12",
    "commits": 3,
    "issues_active": 5,
    "response_speed": 45
  },
  {
    "name": "dev-database-systems-13",
    "commits": 31,
    "issues_active": 10,
    "response_speed": 41
  },
  {
    "name": "dev-database-systems-14",
    "commits": 19,
    "issues_active": 10,
    "response_speed": 50
  },
  {
    "name": "dev-database-systems-15",
    "commits": 1,
    "issues_active": 1,
    "response_speed": 22
  },
  {
    "name": "dev-database-systems-16",
    "commits": 2,
    "issues_active": 8,
    "response_speed": 49
  },
  {
    "name": "dev-database-systems-17",
    "commits": 15,
    "issues_active": 9,
    "response_speed": 17
  },
  {
    "name": "dev-database-systems-18",
    "commits": 9,
    "issues_active": 13,
    "response_speed": 12
  }
]