[
  {
    "name": "dev-iot-edge-0",
    "commits": 17,
    "issues_active": 4,
    "response_speed": 4
  },
  {
    "name": "dev-iot-edge-1",
    "commits": 43,
    "issues_active": 11,
    "response_speed": 49
  },
  {
    "name": "dev-iot-edge-2",
    "commits": 38,
    "issues_active": 14,
    "response_speed": 35
  },
  {
    "name": "dev-iot-edge-3",
    "commits": 2,
    "issues_active": 0,
    "response_speed": 5
  },
  {
    "name": "dev-iot-edge-4",
    "commits": 24,
    "issues_active": 15,
    "response_speed": 4
  },
  {
    "name": "dev-iot-edge-5",
    "commits": 35,
    "issues_active": 7,
    "response_speed": 15
  },
  {
    "name": "dev-iot-edge-6",
    "commits": 12,
    "issues_active": 8,
    "response_speed": 62
  },
  {
    "name": "dev-iot-edge-7",
    "commits": 35,
    "issues_active": 14,
    "response_speed": 64
  },
  {
    "name": "dev-iot-edge-8",
    "commits": 39,
    "issues_active": 0,
    "response_speed": 5
  },
  {
    "name": "dev-iot-edge-9",
    "commits": 48,
    "issues_active": 1,
    "response_speed": 39
  },
  {
    "name": "dev-iot-edge-10",
    "commits": 49,
    "issues_active": 10,
    "response_speed": 2
  },
  {
    "name": "dev-iot-edge-11",
    "commits": 4,
    "issues_active": 0,
    "response_speed": 11
  },
  {
    "name": "dev-iot-edge-12",
    "commits": 32,
    "issues_active": 14,
    "response_speed": 57
  },
  {
    "name": "dev-iot-edge-13",
    "commits": 34,
    "issues_active": 20,
    "response_speed": 26
  },
  {
    "name": "dev-iot-edge-14",
    "commits": 10,
    "issues_active": 2,
    "response_speed": 27
  }
]