[
  {
    "name": "dev-iot-edge-0",
    "commits": 47,
    "issues_active": 6,
    "response_speed": 54
  },
  {
    "name": "dev-iot-edge-1",
    "commits": 30,
    "issues_active": 11,
    "response_speed": 30
  },
  {
    "name": "dev-iot-edge-2",
    "commits": 37,
    "issues_active": 5,
    "response_speed": 18
  },
  {
    "name": "dev-iot-edge-3",
    "commits": 44,
    "issues_active": 19,
    "response_speed": 2
  },
  {
    "name": "dev-iot-edge-4",
    "commits": 2,
    "issues_active": 15,
    "response_speed": 19
  },
  {
    "name": "dev-iot-edge-5",
    "commits": 19,
    "issues_active": 17,
    "response_speed": 56
  },
  {
    "name": "dev-iot-edge-6",
    "commits": 44,
    "issues_active": 1,
    "response_speed": 51
  },
  {
    "name": "dev-iot-edge-7",
    "commits": 33,
    "issues_active": 17,
    "response_speed": 54
  },
  {
    "name": "dev-iot-edge-8",
    "commits": 48,
    "issues_active": 18,
    "response_speed": 5
  },
  {
    "name": "dev-iot-edge-9",
    "commits": 41,
    "issues_active": 20,
    "response_speed": 68
  }
]