[
  {
    "name": "dev-database-systems-0",
    "commits": 37,
    "issues_active": 13,
    "response_speed": 20
  },
  {
    "name": "dev-database-systems-1",
    "commits": 3,
    "issues_active": 16,
    "response_speed": 38
  },
  {
    "name": "dev-database-systems-2",
    "commits": 27,
    "issues_active": 20,
    "response_speed": 24
  },
  {
    "name": "dev-database-systems-3",
    "commits": 31,
    "issues_active": 2,
    "response_speed": 42
  },
  {
    "name": "dev-database-systems-4",
    "commits": 45,
    "issues_active": 12,
    "response_speed": 53
  },
  {
    "name": "dev-database-systems-5",
    "commits": 42,
    "issues_active": 5,
    "response_speed": 21
  },
  {
    "name": "dev-database-systems-6",
    "commits": 14,
    "issues_active": 20,
    "response_speed": 60
  },
  {
    "name": "dev-database-systems-7",
    "commits": 31,
    "issues_active": 5,
    "response_speed": 9
  },
  {
    "name": "dev-database-systems-8",
    "commits": 44,
    "issues_active": 10,
    "response_speed": 39
  },
  {
    "name": "dev-database-systems-9",
    "commits": 48,
    "issues_active": 10,
    "response_speed": 66
  },
  {
    "name": "dev-database-systems-10",
    "commits": 43,
    "issues_active": 6,
    "response_speed": 25
  },
  {
    "name": "dev-database-systems-11",
    "commits": 28,
    "issues_active": 19,
    "response_speed": 21
  },
  {
    "name": "dev-database-systems-12",
    "commits": 28,
    "issues_active": 10,
    "response_speed": 69
  }
]