[
  {
    "name": "dev-blockchain-core-0",
    "commits": 26,
    "issues_active": 15,
    "response_speed": 22
  },
  {
    "name": "dev-blockchain-core-1",
    "commits": 37,
    "issues_active": 12,
    "response_speed": 30
  },
  {
    "name": "dev-blockchain-core-2",
    "commits": 50,
    "issues_active": 15,
    "response_speed": 9
  },
  {
    "name": "dev-blockchain-core-3",
    "commits": 26,
    "issues_active": 14,
    "response_speed": 7
  },
  {
    "name": "dev-blockchain-core-4",
    "commits": 50,
    "issues_active": 16,
    "response_speed": 14
  },
  {
    "name": "dev-blockchain-core-5",
    "commits": 4,
    "issues_active": 18,
    "response_speed": 55
  },
  {
    "name": "dev-blockchain-core-6",
    "commits": 33,
    "issues_active": 18,
    "response_speed": 6
  },
  {
    "name": "dev-blockchain-core-7",
    "commits": 5,
    "issues_active": 6,
    "response_speed": 56
  },
  {
    "name": "dev-blockchain-core-8",
    "commits": 31,
    "issues_active": 5,
    "response_speed": 43
  },
  {
    "name": "dev-blockchain-core-9",
    "commits": 11,
    "issues_active": 10,
    "response_speed": 21
  },
  {
    "name": "dev-blockchain-core-10",
    "commits": 50,
    "issues_active": 15,
    "response_speed": 30
  },
  {
    "name": "dev-blockchain-core-11",
    "commits": 5,
    "issues_active": 15,
    "response_speed": 25
  },
  {
    "name": "dev-blockchain-core-12",
    "commits": 2,
    "issues_active": 7,
    "response_speed": 9
  },
  {
    "name": "dev-blockchain-core-13",
    "commits": 1,
    "issues_active": 11,
    "response_speed": 71
  },
  {
    "name": "dev-blockchain-core-14",
    "commits": 14,
    "issues_active": 20,
    "response_speed": 50
  },
  {
    "name": "dev-blockchain-core-15",
    "commits": 22,
    "issues_active": 18,
    "response_speed": 22
  },
  {
    "name": "dev-blockchain-core-16",
    "commits": 14,
    "issues_active": 16,
    "response_speed": 46
  },
  {
    "name": "dev-blockchain-core-17",
    "commits": 24,
    "issues_active": 8,
    "response_speed": 21
  },
  {
    "name": "dev-blockchain-core-18",
    "commits": 35,
    "issues_active": 16,
    "response_speed": 45
  },
  {
    "name": "dev-blockchain-core-19",
    "commits": 23,
    "issues_active": 5,
    "response_speed": 61
  },
  {
    "name": "dev-blockchain-core-20",
    "commits": 20,
    "issues_active": 3,
    "response_speed": 49
  },
  {
    "name": "dev-blockchain-core-21",
    "commits": 13,
    "issues_active": 15,
    "response_speed": 71
  },
  {
    "name": "dev-blockchain-core-22",
    "commits": 3,
    "issues_active": 2,
    "response_speed": 40
  },
  {
    "name": "dev-blockchain-core-23",
    "commits": 31,
    "issues_active": 9,
    "response_speed": 58
  },
  {
    "name": "dev-blockchain-core-24",
    "commits": 15,
    "issues_active": 16,
    "response_speed": 28
  },
  {
    "name": "dev-blockchain-core-25",
    "commits": 6,
    "issues_active": 16,
    "response_speed": 28
  },
  {
    "name": "dev-blockchain-core-26",
    "commits": 25,
    "issues_active": 10,
    "response_speed": 2
  },
  {
    "name": "dev-blockchain-core-27",
    "commits": 14,
    "issues_active": 18,
    "response_speed": 52
  },
  {
    "name": "dev-blockchain-core-28",
    "commits": 29,
    "issues_active": 1,
    "response_speed": 5
  },
  {
    "name": "dev-blockchain-core-29",
    "commits": 29,
    "issues_active": 17,
    "response_speed": 53
  },
  {
    "name": "dev-blockchain-core-30",
    "commits": 19,
    "issues_active": 0,
    "response_speed": 30
  },
  {
    "name": "dev-blockchain-core-31",
    "commits": 9,
    "issues_active": 12,
    "response_speed": 24
  },
  {
    "name": "dev-blockchain-core-32",
    "commits": 10,
    "issues_active": 19,
    "response_speed": 20
  },
  {
    "name": "dev-blockchain-core-33",
    "commits": 5,
    "issues_active": 17,
    "response_speed": 35
  },
  {
    "name": "dev-blockchain-core-34",
    "commits": 36,
    "issues_active": 13,
    "response_speed": 62
  },
  {
    "name": "dev-blockchain-core-35",
    "commits": 21,
    "issues_active": 14,
    "response_speed": 14
  },
  {
    "name": "dev-blockchain-core-36",
    "commits": 6,
    "issues_active": 7,
    "response_speed": 38
  },
  {
    "name": "dev-blockchain-core-37",
    "commits": 47,
    "issues_active": 10,
    "response_speed": 50
  },
  {
    "name": "dev-blockchain-core-38",
    "commits": 7,
    "issues_active": 14,
    "response_speed": 47
  },
  {
    "name": "dev-blockchain-core-39",
    "commits": 35,
    "issues_active": 1,
    "response_speed": 60
  },
  {
    "name": "dev-blockchain-core-40",
    "commits": 6,
    "issues_active": 0,
    "response_speed": 2
  },
  {
    "name": "dev-blockchain-core-41",
    "commits": 49,
    "issues_active": 2,
    "response_speed": 16
  },
  {
    "name": "dev-blockchain-core-42",
    "commits": 39,
    "issues_active": 0,
    "response_speed": 36
  },
  {
    "name": "dev-blockchain-core-43",
    "commits": 6,
    "issues_active": 8,
    "response_speed": 65
  },
  {
    "name": "dev-blockchain-core-44",
    "commits": 6,
    "issues_active": 11,
    "response_speed": 67
  },
  {
    "name": "dev-blockchain-core-45",
    "commits": 41,
    "issues_active": 4,
    "response_speed": 13
  },
  {
    "name": "dev-blockchain-core-46",
    "commits": 5,
    "issues_active": 13,
    "response_speed": 72
  },
  {
    "name": "dev-blockchain-core-47",
    "commits": 30,
    "issues_active": 11,
    "response_speed": 6
  },
  {
    "name": "dev-blockchain-core-48",
    "commits": 8,
    "issues_active": 17,
    "response_speed": 61
  }
]