[
  {
    "name": "dev-database-systems-0",
    "commits": 39,
    "issues_active": 13,
    "response_speed": 25
  },
  {
    "name": "dev-database-systems-1",
    "commits": 49,
    "issues_active": 11,
    "response_speed": 5
  },
  {
    "name": "dev-database-systems-2",
    "commits": 24,
    "issues_active": 4,
    "response_speed": 11
  },
  {
    "name": "dev-database-systems-3",
    "commits": 21,
    "issues_active": 1,
    "response_speed": 47
  },
  {
    "name": "dev-database-systems-4",
    "commits": 33,
    "issues_active": 15,
    "response_speed": 26
  },
  {
    "name": "dev-database-systems-5",
    "commits": 36,
    "issues_active": 6,
    "response_speed": 9
  },
  {
    "name": "dev-database-systems-6",
    "commits": 49,
    "issues_active": 14,
    "response_speed": 61
  },
  {
    "name": "dev-database-systems-7",
    "commits": 26,
    "issues_active": 17,
    "response_speed": 39
  },
  {
    "name": "dev-database-systems-8",
    "commits": 49,
    "issues_active": 15,
    "response_speed": 12
  },
  {
    "name": "dev-database-systems-9",
    "commits": 7,
    "issues_active": 5,
    "response_speed": 60
  },
  {
    "name": "dev-database-systems-10",
    "commits": 49,
    "issues_active": 14,
    "response_speed": 53
  },
  {
    "name": "dev-database-systems-11",
    "commits": 8,
    "issues_active": 9,
    "response_speed": 35
  },
  {
    "name": "dev-database-systems-12",
    "commits": 7,
    "issues_active": 0,
    "response_speed": 48
  },
  {
    "name": "dev-database-systems-13",
    "commits": 22,
    "issues_active": 20,
    "response_speed": 39
  },
  {
    "name": "dev-database-systems-14",
    "commits": 15,
    "issues_active": 13,
    "response_speed": 53
  },
  {
    "name": "dev-database-systems-15",
    "commits": 14,
    "issues_active": 17,
    "response_speed": 59
  },
  {
    "name": "dev-database-systems-16",
    "commits": 17,
    "issues_active": 12,
    "response_speed": 12
  },
  {
    "name": "dev-database-systems-17",
    "commits": 1,
    "issues_active": 10,
    "response_speed": 41
  },
  {
    "name": "dev-database-systems-18",
    "commits": 27,
    "issues_active": 17,
    "response_speed": 69
  },
  {
    "name": "dev-database-systems-19",
    "commits": 44,
    "issues_active": 3,
    "response_speed": 5
  },
  {
    "name": "dev-database-systems-20",
    "commits": 13,
    "issues_active": 11,
    "response_speed": 70
  },
  {
    "name": "dev-database-systems-21",
    "commits": 33,
    "issues_active": 5,
    "response_speed": 44
  },
  {
    "name": "dev-database-systems-22",
    "commits": 41,
    "issues_active": 4,
    "response_speed": 54
  },
  {
    "name": "dev-database-systems-23",
    "commits": 41,
    "issues_active": 13,
    "response_speed": 20
  },
  {
    "name": "dev-database-systems-24",
    "commits": 27,
    "issues_active": 14,
    "response_speed": 52
  },
  {
    "name": "dev-database-systems-25",
    "commits": 21,
    "issues_active": 4,
    "response_speed": 33
  },
  {
    "name": "dev-database-systems-26",
    "commits": 5,
    "issues_active": 14,
    "response_speed": 62
  },
  {
    "name": "dev-database-systems-27",
    "commits": 26,
    "issues_active": 11,
    "response_speed": 61
  },
  {
    "name": "dev-database-systems-28",
    "commits": 7,
    "issues_active": 17,
    "response_speed": 32
  },
  {
    "name": "dev-database-systems-29",
    "commits": 9,
    "issues_active": 8,
    "response_speed": 3
  },
  {
    "name": "dev-database-systems-30",
    "commits": 4,
    "issues_active": 18,
    "response_speed": 7
  },
  {
    "name": "dev-database-systems-31",
    "commits": 14,
    "issues_active": 2,
    "response_speed": 24
  },
  {
    "name": "dev-database-systems-32",
    "commits": 42,
    "issues_active": 4,
    "response_speed": 33
  },
  {
    "name": "dev-database-systems-33",
    "commits": 21,
    "issues_active": 17,
    "response_speed": 12
  },
  {
    "name": "dev-database-systems-34",
    "commits": 19,
    "issues_active": 2,
    "response_speed": 57
  },
  {
    "name": "dev-database-systems-35",
    "commits": 23,
    "issues_active": 19,
    "response_speed": 26
  }
]