[
  {
    "name": "dev-blockchain-core-0",
    "commits": 916,
    "issues_active": 2,
    "response_speed": 30
  },
  {
    "name": "dev-blockchain-core-1",
    "commits": 616,
    "issues_active": 13,
    "response_speed": 60
  },
  {
    "name": "dev-blockchain-core-2",
    "commits": 27,
    "issues_active": 9,
    "response_speed": 64
  },
  {
    "name": "dev-blockchain-core-3",
    "commits": 39,
    "issues_active": 20,
    "response_speed": 55
  },
  {
    "name": "dev-blockchain-core-4",
    "commits": 31,
    "issues_active": 14,
    "response_speed": 64
  },
  {
    "name": "dev-blockchain-core-5",
    "commits": 32,
    "issues_active": 16,
    "response_speed": 64
  },
  {
    "name": "dev-blockchain-core-6",
    "commits": 12,
    "issues_active": 16,
    "response_speed": 59
  },
  {
    "name": "dev-blockchain-core-7",
    "commits": 7,
    "issues_active": 10,
    "response_speed": 54
  },
  {
    "name": "dev-blockchain-core-8",
    "commits": 5,
    "issues_active": 1,
    "response_speed": 27
  },
  {
    "name": "dev-blockchain-core-9",
    "commits": 14,
    "issues_active": 3,
    "response_speed": 65
  },
  {
    "name": "dev-blockchain-core-10",
    "commits": 42,
    "issues_active": 1,
    "response_speed": 49
  },
  {
    "name": "dev-blockchain-core-11",
    "commits": 14,
    "issues_active": 1,
    "response_speed": 43
  },
  {
    "name": "dev-blockchain-core-12",
    "commits": 26,
    "issues_active": 11,
    "response_speed": 32
  },
  {
    "name": "dev-blockchain-core-13",
    "commits": 21,
    "issues_active": 3,
    "response_speed": 8
  },
  {
    "name": "dev-blockchain-core-14",
    "commits": 33,
    "issues_active": 0,
    "response_speed": 31
  },
  {
    "name": "dev-blockchain-core-15",
    "commits": 23,
    "issues_active": 16,
    "response_speed": 17
  },
  {
    "name": "dev-blockchain-core-16",
    "commits": 25,
    "issues_active": 20,
    "response_speed": 53
  },
  {
    "name": "dev-blockchain-core-17",
    "commits": 25,
    "issues_active": 4,
    "response_speed": 29
  },
  {
    "name": "dev-blockchain-core-18",
    "commits": 41,
    "issues_active": 3,
    "response_speed": 21
  },
  {
    "name": "dev-blockchain-core-19",
    "commits": 36,
    "issues_active": 7,
    "response_speed": 6
  },
  {
    "name": "dev-blockchain-core-20",
    "commits": 6,
    "issues_active": 16,
    "response_speed": 20
  },
  {
    "name": "dev-blockchain-core-21",
    "commits": 19,
    "issues_active": 10,
    "response_speed": 17
  },
  {
    "name": "dev-blockchain-core-22",
    "commits": 7,
    "issues_active": 5,
    "response_speed": 67
  },
  {
    "name": "dev-blockchain-core-23",
    "commits": 46,
    "issues_active": 15,
    "response_speed": 21
  },
  {
    "name": "dev-blockchain-core-24",
    "commits": 34,
    "issues_active": 6,
    "response_speed": 4
  },
  {
    "name": "dev-blockchain-core-25",
    "commits": 12,
    "issues_active": 17,
    "response_speed": 30
  },
  {
    "name": "dev-blockchain-core-26",
    "commits": 49,
    "issues_active": 6,
    "response_speed": 16
  },
  {
    "name": "dev-blockchain-core-27",
    "commits": 34,
    "issues_active": 17,
    "response_speed": 16
  },
  {
    "name": "dev-blockchain-core-28",
    "commits": 19,
    "issues_active": 13,
    "response_speed": 55
  },
  {
    "name": "dev-blockchain-core-29",
    "commits": 25,
    "issues_active": 19,
    "response_speed": 51
  },
  {
    "name": "dev-blockchain-core-30",
    "commits": 35,
    "issues_active": 17,
    "response_speed": 32
  },
  {
    "name": "dev-blockchain-core-31",
    "commits": 6,
    "issues_active": 9,
    "response_speed": 39
  },
  {
    "name": "dev-blockchain-core-32",
    "commits": 14,
    "issues_active": 13,
    "response_speed": 37
  },
  {
    "name": "dev-blockchain-core-33",
    "commits": 38,
    "issues_active": 15,
    "response_speed": 58
  },
  {
    "name": "dev-blockchain-core-34",
    "commits": 24,
    "issues_active": 3,
    "response_speed": 55
  },
  {
    "name": "dev-blockchain-core-35",
    "commits": 30,
    "issues_active": 1,
    "response_speed": 46
  },
  {
    "name": "dev-blockchain-core-36",
    "commits": 10,
    "issues_active": 11,
    "response_speed": 30
  },
  {
    "name": "dev-blockchain-core-37",
    "commits": 47,
    "issues_active": 18,
    "response_speed": 69
  },
  {
    "name": "dev-blockchain-core-38",
    "commits": 21,
    "issues_active": 16,
    "response_speed": 70
  },
  {
    "name": "dev-blockchain-core-39",
    "commits": 34,
    "issues_active": 20,
    "response_speed": 26
  },
  {
    "name": "dev-blockchain-core-40",
    "commits": 27,
    "issues_active": 3,
    "response_speed": 72
  }
]