[
  {
    "name": "dev-cloud-native-0",
    "commits": 33,
    "issues_active": 0,
    "response_speed": 31
  },
  {
    "name": "dev-cloud-native-1",
    "commits": 49,
    "issues_active": 18,
    "response_speed": 2
  },
  {
    "name": "dev-cloud-native-2",
    "commits": 21,
    "issues_active": 9,
    "response_speed": 67
  },
  {
    "name": "dev-cloud-native-3",
    "commits": 14,
    "issues_active": 3,
    "response_speed": 29
  },
  {
    "name": "dev-cloud-native-4",
    "commits": 4,
    "issues_active": 9,
    "response_speed": 67
  },
  {
    "name": "dev-cloud-native-5",
    "commits": 15,
    "issues_active": 5,
    "response_speed": 9
  },
  {
    "name": "dev-cloud-native-6",
    "commits": 35,
    "issues_active": 6,
    "response_speed": 4
  },
  {
    "name": "dev-cloud-native-7",
    "commits": 9,
    "issues_active": 3,
    "response_speed": 13
  },
  {
    "name": "dev-cloud-native-8",
    "commits": 48,
    "issues_active": 9,
    "response_speed": 18
  },
  {
    "name": "dev-cloud-native-9",
    "commits": 43,
    "issues_active": 4,
    "response_speed": 18
  },
  {
    "name": "dev-cloud-native-10",
    "commits": 20,
    "issues_active": 20,
    "response_speed": 10
  },
  {
    "name": "dev-cloud-native-11",
    "commits": 23,
    "issues_active": 6,
    "response_speed": 43
  },
  {
    "name": "dev-cloud-native-12",
    "commits": 9,
    "issues_active": 18,
    "response_speed": 30
  },
  {
    "name": "dev-cloud-native-13",
    "commits": 1,
    "issues_active": 14,
    "response_speed": 70
  },
  {
    "name": "dev-cloud-native-14",
    "commits": 22,
    "issues_active": 5,
    "response_speed": 3
  },
  {
    "name": "dev-cloud-native-15",
    "commits": 17,
    "issues_active": 1,
    "response_speed": 9
  },
  {
    "name": "dev-cloud-native-16",
    "commits": 11,
    "issues_active": 16,
    "response_speed": 68
  },
  {
    "name": "dev-cloud-native-17",
    "commits": 47,
    "issues_active": 15,
    "response_speed": 32
  }
]