[
  {
    "name": "dev-ai-labs-0",
    "commits": 727,
    "issues_active": 11,
    "response_speed": 61
  },
  {
    "name": "dev-ai-labs-1",
    "commits": 663,
    "issues_active": 15,
    "response_speed": 71
  },
  {
    "name": "dev-ai-labs-2",
    "commits": 28,
    "issues_active": 9,
    "response_speed": 56
  },
  {
    "name": "dev-ai-labs-3",
    "commits": 50,
    "issues_active": 2,
    "response_speed": 57
  },
  {
    "name": "dev-ai-labs-4",
    "commits": 23,
    "issues_active": 15,
    "response_speed": 1
  },
  {
    "name": "dev-ai-labs-5",
    "commits": 44,
    "issues_active": 18,
    "response_speed": 10
  },
  {
    "name": "dev-ai-labs-6",
    "commits": 6,
    "issues_active": 17,
    "response_speed": 47
  },
  {
    "name": "dev-ai-labs-7",
    "commits": 39,
    "issues_active": 15,
    "response_speed": 45
  },
  {
    "name": "dev-ai-labs-8",
    "commits": 12,
    "issues_active": 15,
    "response_speed": 63
  },
  {
    "name": "dev-ai-labs-9",
    "commits": 44,
    "issues_active": 5,
    "response_speed": 22
  },
  {
    "name": "dev-ai-labs-10",
    "commits": 33,
    "issues_active": 11,
    "response_speed": 2
  }
]