[
  {
    "name": "dev-blockchain-core-0",
    "commits": 14,
    "issues_active": 7,
    "response_speed": 56
  },
  {
    "name": "dev-blockchain-core-1",
    "commits": 21,
    "issues_active": 15,
    "response_speed": 9
  },
  {
    "name": "dev-blockchain-core-2",
    "commits": 42,
    "issues_active": 7,
    "response_speed": 17
  },
  {
    "name": "dev-blockchain-core-3",
    "commits": 5,
    "issues_active": 6,
    "response_speed": 7
  },
  {
    "name": "dev-blockchain-core-4",
    "commits": 9,
    "issues_active": 18,
    "response_speed": 5
  },
  {
    "name": "dev-blockchain-core-5",
    "commits": 15,
    "issues_active": 4,
    "response_speed": 49
  },
  {
    "name": "dev-blockchain-core-6",
    "commits": 49,
    "issues_active": 3,
    "response_speed": 6
  },
  {
    "name": "dev-blockchain-core-7",
    "commits": 29,
    "issues_active": 20,
    "response_speed": 33
  },
  {
    "name": "dev-blockchain-core-8",
    "commits": 43,
    "issues_active": 13,
    "response_speed": 15
  },
  {
    "name": "dev-blockchain-core-9",
    "commits": 35,
    "issues_active": 3,
    "response_speed": 13
  },
  {
    "name": "dev-blockchain-core-10",
    "commits": 15,
    "issues_active": 3,
    "response_speed": 47
  },
  {
    "name": "dev-blockchain-core-11",
    "commits": 40,
    "issues_active": 19,
    "response_speed": 27
  },
  {
    "name": "dev-blockchain-core-12",
    "commits": 6,
    "issues_active": 10,
    "response_speed": 38
  },
  {
    "name": "dev-blockchain-core-13",
    "commits": 48,
    "issues_active": 9,
    "response_speed": 15
  },
  {
    "name": "dev-blockchain-core-14",
    "commits": 32,
    "issues_active": 9,
    "response_speed": 24
  },
  {
    "name": "dev-blockchain-core-15",
    "commits": 47,
    "issues_active": 11,
    "response_speed": 10
  },
  {
    "name": "dev-blockchain-core-16",
    "commits": 35,
    "issues_active": 10,
    "response_speed": 63
  },
  {
    "name": "dev-blockchain-core-17",
    "commits": 1,
    "issues_active": 15,
    "response_speed": 18
  },
  {
    "name": "dev-blockchain-core-18",
    "commits": 5,
    "issues_active": 6,
    "response_speed": 52
  },
  {
    "name": "dev-blockchain-core-19",
    "commits": 15,
    "issues_active": 9,
    "response_speed": 3
  },
  {
    "name": "dev-blockchain-core-20",
    "commits": 45,
    "issues_active": 19,
    "response_speed": 3
  },
  {
    "name": "dev-blockchain-core-21",
    "commits": 35,
    "issues_active": 3,
    "response_speed": 3
  },
  {
    "name": "dev-blockchain-core-22",
    "commits": 31,
    "issues_active": 4,
    "response_speed": 58
  }
]