[
  {
    "name": "dev-ai-labs-0",
    "commits": 861,
    "issues_active": 20,
    "response_speed": 31
  },
  {
    "name": "dev-ai-labs-1",
    "commits": 736,
    "issues_active": 11,
    "response_speed": 4
  },
  {
    "name": "dev-ai-labs-2",
    "commits": 18,
    "issues_active": 16,
    "response_speed": 39
  },
  {
    "name": "dev-ai-labs-3",
    "commits": 39,
    "issues_active": 2,
    "response_speed": 30
  },
  {
    "name": "dev-ai-labs-4",
    "commits": 43,
    "issues_active": 4,
    "response_speed": 47
  },
  {
    "name": "dev-ai-labs-5",
    "commits": 17,
    "issues_active": 8,
    "response_speed": 35
  },
  {
    "name": "dev-ai-labs-6",
    "commits": 16,
    "issues_active": 19,
    "response_speed": 31
  },
  {
    "name": "dev-ai-labs-7",
    "commits": 20,
    "issues_active": 5,
    "response_speed": 8
  },
  {
    "name": "dev-ai-labs-8",
    "commits": 11,
    "issues_active": 14,
    "response_speed": 42
  },
  {
    "name": "dev-ai-labs-9",
    "commits": 47,
    "issues_active": 10,
    "response_speed": 2
  },
  {
    "name": "dev-ai-labs-10",
    "commits": 2,
    "issues_active": 20,
    "response_speed": 40
  },
  {
    "name": "dev-ai-labs-11",
    "commits": 28,
    "issues_active": 17,
    "response_speed": 58
  },
  {
    "name": "dev-ai-labs-12",
    "commits": 11,
    "issues_active": 12,
    "response_speed": 16
  },
  {
    "name": "dev-ai-labs-13",
    "commits": 20,
    "issues_active": 16,
    "response_speed": 71
  },
  {
    "name": "dev-ai-labs-14",
    "commits": 41,
    "issues_active": 5,
    "response_speed": 67
  },
  {
    "name": "dev-ai-labs-15",
    "commits": 24,
    "issues_active": 16,
    "response_speed": 32
  },
  {
    "name": "dev-ai-labs-16",
    "commits": 28,
    "issues_active": 10,
    "response_speed": 32
  },
  {
    "name": "dev-ai-labs-17",
    "commits": 32,
    "issues_active": 13,
    "response_speed": 67
  },
  {
    "name": "dev-ai-labs-18",
    "commits": 39,
    "issues_active": 12,
    "response_speed": 58
  },
  {
    "name": "dev-ai-labs-19",
    "commits": 39,
    "issues_active": 6,
    "response_speed": 11
  },
  {
    "name": "dev-ai-labs-20",
    "commits": 10,
    "issues_active": 4,
    "response_speed": 8
  },
  {
    "name": "dev-ai-labs-21",
    "commits": 36,
    "issues_active": 8,
    "response_speed": 56
  },
  {
    "name": "dev-ai-labs-22",
    "commits": 2,
    "issues_active": 11,
    "response_speed": 61
  },
  {
    "name": "dev-ai-labs-23",
    "commits": 50,
    "issues_active": 14,
    "response_speed": 9
  },
  {
    "name": "dev-ai-labs-24",
    "commits": 2,
    "issues_active": 8,
    "response_speed": 54
  },
  {
    "name": "dev-ai-labs-25",
    "commits": 31,
    "issues_active": 10,
    "response_speed": 24
  },
  {
    "name": "dev-ai-labs-26",
    "commits": 47,
    "issues_active": 12,
    "response_speed": 46
  },
  {
    "name": "dev-ai-labs-27",
    "commits": 34,
    "issues_active": 15,
    "response_speed": 54
  },
  {
    "name": "dev-ai-labs-28",
    "commits": 24,
    "issues_active": 1,
    "response_speed": 39
  },
  {
    "name": "dev-ai-labs-29",
    "commits": 22,
    "issues_active": 17,
    "response_speed": 26
  },
  {
    "name": "dev-ai-labs-30",
    "commits": 25,
    "issues_active": 5,
    "response_speed": 62
  },
  {
    "name": "dev-ai-labs-31",
    "commits": 29,
    "issues_active": 3,
    "response_speed": 32
  },
  {
    "name": "dev-ai-labs-32",
    "commits": 35,
    "issues_active": 8,
    "response_speed": 42
  },
  {
    "name": "dev-ai-labs-33",
    "commits": 9,
    "issues_active": 15,
    "response_speed": 39
  },
  {
    "name": "dev-ai-labs-34",
    "commits": 45,
    "issues_active": 10,
    "response_speed": 34
  },
  {
    "name": "dev-ai-labs-35",
    "commits": 41,
    "issues_active": 8,
    "response_speed": 45
  },
  {
    "name": "dev-ai-labs-36",
    "commits": 6,
    "issues_active": 14,
    "response_speed": 53
  },
  {
    "name": "dev-ai-labs-37",
    "commits": 50,
    "issues_active": 6,
    "response_speed": 9
  },
  {
    "name": "dev-ai-labs-38",
    "commits": 36,
    "issues_active": 14,
    "response_speed": 71
  },
  {
    "name": "dev-ai-labs-39",
    "commits": 20,
    "issues_active": 13,
    "response_speed": 23
  },
  {
    "name": "dev-ai-labs-40",
    "commits": 32,
    "issues_active": 8,
    "response_speed": 26
  },
  {
    "name": "dev-ai-labs-41",
    "commits": 15,
    "issues_active": 5,
    "response_speed": 4
  },
  {
    "name": "dev-ai-labs-42",
    "commits": 17,
    "issues_active": 11,
    "response_speed": 29
  },
  {
    "name": "dev-ai-labs-43",
    "commits": 35,
    "issues_active": 0,
    "response_speed": 32
  }
]