[
  {
    "name": "dev-cloud-native-0",
    "commits": 33,
    "issues_active": 0,
    "response_speed": 15
  },
  {
    "name": "dev-cloud-native-1",
    "commits": 8,
    "issues_active": 18,
    "response_speed": 26
  },
  {
    "name": "dev-cloud-native-2",
    "commits": 1,
    "issues_active": 14,
    "response_speed": 26
  },
  {
    "name": "dev-cloud-native-3",
    "commits": 6,
    "issues_active": 5,
    "response_speed": 63
  },
  {
    "name": "dev-cloud-native-4",
    "commits": 17,
    "issues_active": 3,
    "response_speed": 60
  },
  {
    "name": "dev-cloud-native-5",
    "commits": 35,
    "issues_active": 6,
    "response_speed": 40
  },
  {
    "name": "dev-cloud-native-6",
    "commits": 15,
    "issues_active": 19,
    "response_speed": 8
  },
  {
    "name": "dev-cloud-native-7",
    "commits": 31,
    "issues_active": 17,
    "response_speed": 35
  },
  {
    "name": "dev-cloud-native-8",
    "commits": 48,
    "issues_active": 12,
    "response_speed": 21
  },
  {
    "name": "dev-cloud-native-9",
    "commits": 16,
    "issues_active": 2,
    "response_speed": 8
  },
  {
    "name": "dev-cloud-native-10",
    "commits": 42,
    "issues_active": 14,
    "response_speed": 34
  },
  {
    "name": "dev-cloud-native-11",
    "commits": 26,
    "issues_active": 4,
    "response_speed": 38
  },
  {
    "name": "dev-cloud-native-12",
    "commits": 41,
    "issues_active": 1,
    "response_speed": 70
  },
  {
    "name": "dev-cloud-native-13",
    "commits": 33,
    "issues_active": 7,
    "response_speed": 63
  },
  {
    "name": "dev-cloud-native-14",
    "commits": 43,
    "issues_active": 7,
    "response_speed": 26
  },
  {
    "name": "dev-cloud-native-15",
    "commits": 25,
    "issues_active": 17,
    "response_speed": 20
  },
  {
    "name": "dev-cloud-native-16",
    "commits": 11,
    "issues_active": 20,
    "response_speed": 3
  },
  {
    "name": "dev-cloud-native-17",
    "commits": 3,
    "issues_active": 6,
    "response_speed": 45
  },
  {
    "name": "dev-cloud-native-18",
    "commits": 29,
    "issues_active": 16,
    "response_speed": 15
  },
  {
    "name": "dev-cloud-native-19",
    "commits": 42,
    "issues_active": 9,
    "response_speed": 32
  }
]