[
  {
    "name": "dev-devops-platform-0",
    "commits": 1,
    "issues_active": 2,
    "response_speed": 19
  },
  {
    "name": "dev-devops-platform-1",
    "commits": 25,
    "issues_active": 0,
    "response_speed": 27
  },
  {
    "name": "dev-devops-platform-2",
    "commits": 8,
    "issues_active": 2,
    "response_speed": 32
  },
  {
    "name": "dev-devops-platform-3",
    "commits": 20,
    "issues_active": 16,
    "response_speed": 22
  },
  {
    "name": "dev-devops-platform-4",
    "commits": 17,
    "issues_active": 18,
    "response_speed": 40
  },
  {
    "name": "dev-devops-platform-5",
    "commits": 10,
    "issues_active": 13,
    "response_speed": 24
  },
  {
    "name": "dev-devops-platform-6",
    "commits": 47,
    "issues_active": 20,
    "response_speed": 18
  },
  {
    "name": "dev-devops-platform-7",
    "commits": 32,
    "issues_active": 20,
    "response_speed": 13
  },
  {
    "name": "dev-devops-platform-8",
    "commits": 9,
    "issues_active": 20,
    "response_speed": 61
  },
  {
    "name": "dev-devops-platform-9",
    "commits": 24,
    "issues_active": 10,
    "response_speed": 5
  },
  {
    "name": "dev-devops-platform-10",
    "commits": 36,
    "issues_active": 16,
    "response_speed": 36
  },
  {
    "name": "dev-devops-platform-11",
    "commits": 37,
    "issues_active": 20,
    "response_speed": 57
  },
  {
    "name": "dev-devops-platform-12",
    "commits": 46,
    "issues_active": 17,
    "response_speed": 36
  },
  {
    "name": "dev-devops-platform-13",
    "commits": 25,
    "issues_active": 20,
    "response_speed": 57
  },
  {
    "name": "dev-devops-platform-14",
    "commits": 16,
    "issues_active": 6,
    "response_speed": 10
  },
  {
    "name": "dev-devops-platform-15",
    "commits": 15,
    "issues_active": 10,
    "response_speed": 38
  },
  {
    "name": "dev-devops-platform-16",
    "commits": 49,
    "issues_active": 19,
    "response_speed": 12
  },
  {
    "name": "dev-devops-platform-17",
    "commits": 35,
    "issues_active": 14,
    "response_speed": 40
  },
  {
    "name": "dev-devops-platform-18",
    "commits": 15,
    "issues_active": 9,
    "response_speed": 45
  },
  {
    "name": "dev-devops-platform-19",
    "commits": 16,
    "issues_active": 3,
    "response_speed": 63
  },
  {
    "name": "dev-devops-platform-20",
    "commits": 21,
    "issues_active": 0,
    "response_speed": 33
  },
  {
    "name": "dev-devops-platform-21",
    "commits": 47,
    "issues_active": 17,
    "response_speed": 25
  },
  {
    "name": "dev-devops-platform-22",
    "commits": 34,
    "issues_active": 5,
    "response_speed": 24
  },
  {
    "name": "dev-devops-platform-23",
    "commits": 36,
    "issues_active": 20,
    "response_speed": 60
  },
  {
    "name": "dev-devops-platform-24",
    "commits": 17,
    "issues_active": 6,
    "response_speed": 15
  },
  {
    "name": "dev-devops-platform-25",
    "commits": 1,
    "issues_active": 14,
    "response_speed": 50
  },
  {
    "name": "dev-devops-platform-26",
    "commits": 4,
    "issues_active": 9,
    "response_speed": 39
  },
  {
    "name": "dev-devops-platform-27",
    "commits": 32,
    "issues_active": 14,
    "response_speed": 53
  },
  {
    "name": "dev-devops-platform-28",
    "commits": 31,
    "issues_active": 10,
    "response_speed": 26
  },
  {
    "name": "dev-devops-platform-29",
    "commits": 10,
    "issues_active": 3,
    "response_speed": 69
  },
  {
    "name": "dev-devops-platform-30",
    "commits": 17,
    "issues_active": 18,
    "response_speed": 29
  },
  {
    "name": "dev-devops-platform-31",
    "commits": 8,
    "issues_active": 12,
    "response_speed": 24
  },
  {
    "name": "dev-devops-platform-32",
    "commits": 34,
    "issues_active": 17,
    "response_speed": 28
  },
  {
    "name": "dev-devops-platform-33",
    "commits": 38,
    "issues_active": 7,
    "response_speed": 66
  },
  {
    "name": "dev-devops-platform-34",
    "commits": 40,
    "issues_active": 4,
    "response_speed": 55
  },
  {
    "name": "dev-devops-platform-35",
    "commits": 26,
    "issues_active": 10,
    "response_speed": 15
  },
  {
    "name": "dev-devops-platform-36",
    "commits": 50,
    "issues_active": 1,
    "response_speed": 48
  }
]