[
  {
    "name": "dev-cloud-native-0",
    "commits": 8,
    "issues_active": 16,
    "response_speed": 43
  },
  {
    "name": "dev-cloud-native-1",
    "commits": 26,
    "issues_active": 8,
    "response_speed": 8
  },
  {
    "name": "dev-cloud-native-2",
    "commits": 47,
    "issues_active": 10,
    "response_speed": 45
  },
  {
    "name": "dev-cloud-native-3",
    "commits": 3,
    "issues_active": 1,
    "response_speed": 50
  },
  {
    "name": "dev-cloud-native-4",
    "commits": 27,
    "issues_active": 19,
    "response_speed": 22
  },
  {
    "name": "dev-cloud-native-5",
    "commits": 23,
    "issues_active": 8,
    "response_speed": 27
  },
  {
    "name": "dev-cloud-native-6",
    "commits": 40,
    "issues_active": 1,
    "response_speed": 70
  },
  {
    "name": "dev-cloud-native-7",
    "commits": 29,
    "issues_active": 10,
    "response_speed": 24
  },
  {
    "name": "dev-cloud-native-8",
    "commits": 36,
    "issues_active": 16,
    "response_speed": 40
  },
  {
    "name": "dev-cloud-native-9",
    "commits": 41,
    "issues_active": 0,
    "response_speed": 41
  },
  {
    "name": "dev-cloud-native-10",
    "commits": 1,
    "issues_active": 1,
    "response_speed": 43
  },
  {
    "name": "dev-cloud-native-11",
    "commits": 27,
    "issues_active": 6,
    "response_speed": 49
  },
  {
    "name": "dev-cloud-native-12",
    "commits": 8,
    "issues_active": 2,
    "response_speed": 45
  },
  {
    "name": "dev-cloud-native-13",
    "commits": 3,
    "issues_active": 3,
    "response_speed": 23
  },
  {
    "name": "dev-cloud-native-14",
    "commits": 25,
    "issues_active": 17,
    "response_speed": 55
  },
  {
    "name": "dev-cloud-native-15",
    "commits": 19,
    "issues_active": 7,
    "response_speed": 35
  },
  {
    "name": "dev-cloud-native-16",
    "commits": 7,
    "issues_active": 19,
    "response_speed": 26
  },
  {
    "name": "dev-cloud-native-17",
    "commits": 28,
    "issues_active": 5,
    "response_speed": 43
  },
  {
    "name": "dev-cloud-native-18",
    "commits": 24,
    "issues_active": 9,
    "response_speed": 3
  },
  {
    "name": "dev-cloud-native-19",
    "commits": 28,
    "issues_active": 10,
    "response_speed": 32
  },
  {
    "name": "dev-cloud-native-20",
    "commits": 11,
    "issues_active": 0,
    "response_speed": 48
  },
  {
    "name": "dev-cloud-native-21",
    "commits": 10,
    "issues_active": 7,
    "response_speed": 47
  },
  {
    "name": "dev-cloud-native-22",
    "commits": 45,
    "issues_active": 9,
    "response_speed": 47
  },
  {
    "name": "dev-cloud-native-23",
    "commits": 39,
    "issues_active": 2,
    "response_speed": 39
  },
  {
    "name": "dev-cloud-native-24",
    "commits": 8,
    "issues_active": 7,
    "response_speed": 58
  },
  {
    "name": "dev-cloud-native-25",
    "commits": 32,
    "issues_active": 15,
    "response_speed": 30
  },
  {
    "name": "dev-cloud-native-26",
    "commits": 43,
    "issues_active": 9,
    "response_speed": 42
  },
  {
    "name": "dev-cloud-native-27",
    "commits": 9,
    "issues_active": 1,
    "response_speed": 23
  },
  {
    "name": "dev-cloud-native-28",
    "commits": 50,
    "issues_active": 18,
    "response_speed": 31
  },
  {
    "name": "dev-cloud-native-29",
    "commits": 16,
    "issues_active": 15,
    "response_speed": 15
  },
  {
    "name": "dev-cloud-native-30",
    "commits": 17,
    "issues_active": 16,
    "response_speed": 29
  },
  {
    "name": "dev-cloud-native-31",
    "commits": 2,
    "issues_active": 7,
    "response_speed": 13
  },
  {
    "name": "dev-cloud-native-32",
    "commits": 21,
    "issues_active": 9,
    "response_speed": 39
  },
  {
    "name": "dev-cloud-native-33",
    "commits": 6,
    "issues_active": 8,
    "response_speed": 19
  },
  {
    "name": "dev-cloud-native-34",
    "commits": 33,
    "issues_active": 7,
    "response_speed": 29
  },
  {
    "name": "dev-cloud-native-35",
    "commits": 34,
    "issues_active": 17,
    "response_speed": 34
  },
  {
    "name": "dev-cloud-native-36",
    "commits": 28,
    "issues_active": 13,
    "response_speed": 34
  },
  {
    "name": "dev-cloud-native-37",
    "commits": 50,
    "issues_active": 2,
    "response_speed": 28
  },
  {
    "name": "dev-cloud-native-38",
    "commits": 19,
    "issues_active": 17,
    "response_speed": 20
  },
  {
    "name": "dev-cloud-native-39",
    "commits": 30,
    "issues_active": 8,
    "response_speed": 20
  },
  {
    "name": "dev-cloud-native-40",
    "commits": 26,
    "issues_active": 19,
    "response_speed": 20
  }
]