[
  {
    "name": "dev-blockchain-core-0",
    "commits": 35,
    "issues_active": 1,
    "response_speed": 34
  },
  {
    "name": "dev-blockchain-core-1",
    "commits": 19,
    "issues_active": 17,
    "response_speed": 39
  },
  {
    "name": "dev-blockchain-core-2",
    "commits": 43,
    "issues_active": 3,
    "response_speed": 61
  },
  {
    "name": "dev-blockchain-core-3",
    "commits": 1,
    "issues_active": 7,
    "response_speed": 38
  },
  {
    "name": "dev-blockchain-core-4",
    "commits": 33,
    "issues_active": 0,
    "response_speed": 7
  },
  {
    "name": "dev-blockchain-core-5",
    "commits": 23,
    "issues_active": 15,
    "response_speed": 53
  },
  {
    "name": "dev-blockchain-core-6",
    "commits": 13,
    "issues_active": 12,
    "response_speed": 14
  },
  {
    "name": "dev-blockchain-core-7",
    "commits": 2,
    "issues_active": 4,
    "response_speed": 67
  },
  {
    "name": "dev-blockchain-core-8",
    "commits": 21,
    "issues_active": 14,
    "response_speed": 4
  },
  {
    "name": "dev-blockchain-core-9",
    "commits": 50,
    "issues_active": 4,
    "response_speed": 35
  },
  {
    "name": "dev-blockchain-core-10",
    "commits": 34,
    "issues_active": 11,
    "response_speed": 54
  },
  {
    "name": "dev-blockchain-core-11",
    "commits": 32,
    "issues_active": 10,
    "response_speed": 47
  },
  {
    "name": "dev-blockchain-core-12",
    "commits": 30,
    "issues_active": 7,
    "response_speed": 41
  }
]