{
  "avg": {
    "2015": 85.04,
    "2016": 39.14,
    "2017": 5.65,
    "2018": 23.09,
    "2019": 15.75,
    "2020": 10.62,
    "2021": 16.53,
    "2022": 3.46,
    "2023": 6.02,
    "2024": 8.8,
    "2025": 4.51,
    "2015-01": 73.64,
    "2015-02": 48.42,
    "2015-03": 92.93,
    "2015-04": 131.08,
    "2015-05": 92.47,
    "2015-06": 82.05,
    "2015-07": 142.1,
    "2015-08": 180.2,
    "2015-09": 212.5,
    "2015-10": 60.17,
    "2015-11": 87.07,
    "2015-12": 10.1,
    "2016-01": 132,
    "2016-02": 23.58,
    "2016-03": 4.59,
    "2016-04": 9.38,
    "2016-05": 15.25,
    "2016-06": 60.24,
    "2016-07": 58.06,
    "2016-08": 24.64,
    "2016-09": 12.61,
    "2016-10": 45.93,
    "2016-11": 40.05,
    "2016-12": 23.88,
    "2017-01": 25.2,
    "2017-02": 6.11,
    "2017-03": 11.81,
    "2017-04": 5.56,
    "2017-05": 0.31,
    "2017-06": 1.09,
    "2017-07": 2.58,
    "2017-08": 6.89,
    "2017-09": 10.57,
    "2017-10": 1.55,
    "2017-11": 13.22,
    "2017-12": 5.5,
    "2018-01": 0.23,
    "2018-02": 1.29,
    "2018-03": 7,
    "2018-04": 0.25,
    "2018-05": 45.44,
    "2018-06": 36,
    "2018-07": 33.17,
    "2018-08": 90.33,
    "2018-09": 41.45,
    "2018-10": 37.9,
    "2018-11": 33.44,
    "2018-12": 10.5,
    "2019-01": 36.29,
    "2019-02": 57.2,
    "2019-03": 37.22,
    "2019-04": 23.21,
    "2019-05": 3.27,
    "2019-06": 1.25,
    "2019-07": 0.44,
    "2019-08": 6.5,
    "2019-09": 5.86,
    "2019-10": 14.64,
    "2019-11": 53,
    "2019-12": 25.5,
    "2020-01": 19.4,
    "2020-02": 3.61,
    "2020-03": 10.44,
    "2020-04": 15.17,
    "2020-05": 53.06,
    "2020-06": 3,
    "2020-07": 1.24,
    "2020-08": 17.59,
    "2020-09": 10.83,
    "2020-10": 4.91,
    "2020-11": 0.93,
    "2020-12": 9.33,
    "2021-01": 0.93,
    "2021-02": 4.48,
    "2021-03": 123,
    "2021-04": 11.19,
    "2021-05": 20.42,
    "2021-06": 13.54,
    "2021-07": 18.06,
    "2021-08": 5.47,
    "2021-09": 11.73,
    "2021-10": 7.38,
    "2021-11": 4.53,
    "2021-12": 10.5,
    "2022-01": 9.92,
    "2022-02": 2.41,
    "2022-03": 1.31,
    "2022-04": 1.92,
    "2022-05": 8.35,
    "2022-06": 0.44,
    "2022-07": 0.39,
    "2022-08": 4.33,
    "2022-09": 0.56,
    "2022-10": 9.69,
    "2022-11": 0.2,
    "2022-12": 2.74,
    "2023-01": 2.64,
    "2023-02": 3.15,
    "2023-03": 4.07,
    "2023-04": 0.36,
    "2023-05": 5.47,
    "2023-06": 0.1,
    "2023-07": 0.12,
    "2023-08": 0.67,
    "2023-09": 5.67,
    "2023-10": 22.47,
    "2023-11": 25.87,
    "2023-12": 3.33,
    "2024-01": 6,
    "2024-02": 5.56,
    "2024-03": 10.67,
    "2024-04": 4.14,
    "2024-05": 1.82,
    "2024-06": 16.22,
    "2024-07": 12.56,
    "2024-08": 17.33,
    "2024-09": 13.12,
    "2024-10": 0.56,
    "2024-11": 8.19,
    "2024-12": 97,
    "2025-01": 30.25,
    "2025-02": 0,
    "2025-03": 0.83,
    "2025-04": 0.29,
    "2025-05": 8.08,
    "2025-06": 0,
    "2025-07": 5.5,
    "2025-08": 1.71,
    "2025-09": 2.25,
    "2015Q1": 77.75,
    "2015Q2": 97.24,
    "2015Q3": 166.95,
    "2015Q4": 46.59,
    "2016Q1": 45.32,
    "2016Q2": 43.23,
    "2016Q3": 29.51,
    "2016Q4": 36.46,
    "2017Q1": 15.55,
    "2017Q2": 1.48,
    "2017Q3": 5.96,
    "2017Q4": 6.12,
    "2018Q1": 1.8,
    "2018Q2": 26.43,
    "2018Q3": 43.27,
    "2018Q4": 27.5,
    "2019Q1": 39.94,
    "2019Q2": 6.32,
    "2019Q3": 3.43,
    "2019Q4": 31.43,
    "2020Q1": 8,
    "2020Q2": 21.94,
    "2020Q3": 8.02,
    "2020Q4": 3.98,
    "2021Q1": 30.38,
    "2021Q2": 16.82,
    "2021Q3": 11.62,
    "2021Q4": 7.82,
    "2022Q1": 4.35,
    "2022Q2": 3.16,
    "2022Q3": 2.49,
    "2022Q4": 4.29,
    "2023Q1": 3.33,
    "2023Q2": 2.11,
    "2023Q3": 1.2,
    "2023Q4": 20.69,
    "2024Q1": 6.92,
    "2024Q2": 6.59,
    "2024Q3": 14,
    "2024Q4": 8.96,
    "2025Q1": 6.55,
    "2025Q2": 3.81,
    "2025Q3": 3.18
  },
  "levels": {
    "2015": [
      101,
      7,
      7,
      52
    ],
    "2016": [
      168,
      11,
      7,
      57
    ],
    "2017": [
      178,
      5,
      10,
      19
    ],
    "2018": [
      129,
      5,
      13,
      32
    ],
    "2019": [
      120,
      10,
      15,
      34
    ],
    "2020": [
      151,
      7,
      9,
      23
    ],
    "2021": [
      221,
      10,
      8,
      38
    ],
    "2022": [
      162,
      10,
      14,
      12
    ],
    "2023": [
      147,
      10,
      8,
      11
    ],
    "2024": [
      82,
      9,
      4,
      14
    ],
    "2025": [
      55,
      3,
      1,
      4
    ],
    "2015-01": [
      10,
      0,
      0,
      4
    ],
    "2015-02": [
      7,
      1,
      2,
      2
    ],
    "2015-03": [
      13,
      2,
      1,
      11
    ],
    "2015-04": [
      7,
      0,
      0,
      5
    ],
    "2015-05": [
      11,
      1,
      0,
      3
    ],
    "2015-06": [
      14,
      0,
      2,
      6
    ],
    "2015-07": [
      6,
      1,
      0,
      3
    ],
    "2015-08": [
      1,
      0,
      0,
      4
    ],
    "2015-09": [
      2,
      0,
      0,
      2
    ],
    "2015-10": [
      3,
      2,
      2,
      5
    ],
    "2015-11": [
      11,
      0,
      0,
      3
    ],
    "2015-12": [
      16,
      0,
      0,
      4
    ],
    "2016-01": [
      5,
      0,
      1,
      5
    ],
    "2016-02": [
      8,
      0,
      0,
      4
    ],
    "2016-03": [
      14,
      0,
      0,
      3
    ],
    "2016-04": [
      6,
      0,
      0,
      2
    ],
    "2016-05": [
      21,
      5,
      1,
      1
    ],
    "2016-06": [
      42,
      2,
      2,
      16
    ],
    "2016-07": [
      8,
      0,
      0,
      8
    ],
    "2016-08": [
      9,
      1,
      1,
      3
    ],
    "2016-09": [
      19,
      2,
      0,
      2
    ],
    "2016-10": [
      9,
      1,
      2,
      3
    ],
    "2016-11": [
      14,
      0,
      0,
      6
    ],
    "2016-12": [
      13,
      0,
      0,
      4
    ],
    "2017-01": [
      11,
      0,
      0,
      4
    ],
    "2017-02": [
      8,
      0,
      0,
      1
    ],
    "2017-03": [
      9,
      1,
      2,
      4
    ],
    "2017-04": [
      16,
      0,
      0,
      2
    ],
    "2017-05": [
      52,
      0,
      0,
      0
    ],
    "2017-06": [
      31,
      0,
      0,
      1
    ],
    "2017-07": [
      10,
      1,
      1,
      0
    ],
    "2017-08": [
      7,
      0,
      1,
      1
    ],
    "2017-09": [
      2,
      2,
      1,
      2
    ],
    "2017-10": [
      10,
      0,
      1,
      0
    ],
    "2017-11": [
      7,
      0,
      0,
      2
    ],
    "2017-12": [
      15,
      1,
      4,
      2
    ],
    "2018-01": [
      22,
      0,
      0,
      0
    ],
    "2018-02": [
      12,
      1,
      1,
      0
    ],
    "2018-03": [
      5,
      0,
      1,
      2
    ],
    "2018-04": [
      24,
      0,
      0,
      0
    ],
    "2018-05": [
      18,
      2,
      2,
      5
    ],
    "2018-06": [
      9,
      0,
      0,
      3
    ],
    "2018-07": [
      8,
      0,
      1,
      3
    ],
    "2018-08": [
      1,
      1,
      0,
      1
    ],
    "2018-09": [
      7,
      1,
      0,
      3
    ],
    "2018-10": [
      10,
      0,
      2,
      9
    ],
    "2018-11": [
      7,
      0,
      0,
      2
    ],
    "2018-12": [
      6,
      0,
      6,
      4
    ],
    "2019-01": [
      13,
      0,
      0,
      4
    ],
    "2019-02": [
      2,
      0,
      0,
      3
    ],
    "2019-03": [
      4,
      0,
      0,
      5
    ],
    "2019-04": [
      4,
      0,
      0,
      10
    ],
    "2019-05": [
      35,
      5,
      11,
      0
    ],
    "2019-06": [
      14,
      1,
      1,
      0
    ],
    "2019-07": [
      17,
      1,
      0,
      0
    ],
    "2019-08": [
      8,
      0,
      1,
      3
    ],
    "2019-09": [
      5,
      0,
      0,
      2
    ],
    "2019-10": [
      10,
      1,
      0,
      3
    ],
    "2019-11": [
      6,
      2,
      2,
      2
    ],
    "2019-12": [
      2,
      0,
      0,
      2
    ],
    "2020-01": [
      2,
      0,
      0,
      3
    ],
    "2020-02": [
      15,
      1,
      1,
      1
    ],
    "2020-03": [
      4,
      0,
      3,
      2
    ],
    "2020-04": [
      10,
      0,
      0,
      2
    ],
    "2020-05": [
      11,
      1,
      0,
      4
    ],
    "2020-06": [
      19,
      1,
      0,
      2
    ],
    "2020-07": [
      26,
      2,
      1,
      0
    ],
    "2020-08": [
      12,
      0,
      1,
      4
    ],
    "2020-09": [
      9,
      0,
      1,
      2
    ],
    "2020-10": [
      27,
      2,
      1,
      2
    ],
    "2020-11": [
      14,
      0,
      1,
      0
    ],
    "2020-12": [
      2,
      0,
      0,
      1
    ],
    "2021-01": [
      13,
      1,
      0,
      0
    ],
    "2021-02": [
      22,
      1,
      1,
      3
    ],
    "2021-03": [
      9,
      0,
      0,
      3
    ],
    "2021-04": [
      25,
      1,
      0,
      1
    ],
    "2021-05": [
      57,
      5,
      1,
      1
    ],
    "2021-06": [
      17,
      0,
      1,
      6
    ],
    "2021-07": [
      13,
      0,
      0,
      3
    ],
    "2021-08": [
      15,
      0,
      0,
      2
    ],
    "2021-09": [
      11,
      1,
      2,
      1
    ],
    "2021-10": [
      12,
      0,
      0,
      4
    ],
    "2021-11": [
      15,
      1,
      1,
      2
    ],
    "2021-12": [
      12,
      0,
      2,
      12
    ],
    "2022-01": [
      5,
      0,
      6,
      2
    ],
    "2022-02": [
      12,
      5,
      0,
      0
    ],
    "2022-03": [
      12,
      0,
      0,
      1
    ],
    "2022-04": [
      9,
      2,
      1,
      0
    ],
    "2022-05": [
      9,
      0,
      4,
      4
    ],
    "2022-06": [
      26,
      0,
      1,
      0
    ],
    "2022-07": [
      17,
      1,
      0,
      0
    ],
    "2022-08": [
      29,
      0,
      0,
      1
    ],
    "2022-09": [
      9,
      0,
      0,
      0
    ],
    "2022-10": [
      8,
      1,
      1,
      3
    ],
    "2022-11": [
      10,
      0,
      0,
      0
    ],
    "2022-12": [
      16,
      1,
      1,
      1
    ],
    "2023-01": [
      9,
      0,
      2,
      0
    ],
    "2023-02": [
      19,
      0,
      0,
      1
    ],
    "2023-03": [
      10,
      3,
      0,
      2
    ],
    "2023-04": [
      24,
      1,
      0,
      0
    ],
    "2023-05": [
      17,
      1,
      0,
      1
    ],
    "2023-06": [
      10,
      0,
      0,
      0
    ],
    "2023-07": [
      16,
      0,
      0,
      0
    ],
    "2023-08": [
      16,
      1,
      1,
      0
    ],
    "2023-09": [
      1,
      4,
      1,
      0
    ],
    "2023-10": [
      10,
      0,
      0,
      5
    ],
    "2023-11": [
      11,
      0,
      2,
      2
    ],
    "2023-12": [
      4,
      0,
      2,
      0
    ],
    "2024-01": [
      6,
      0,
      4,
      1
    ],
    "2024-02": [
      7,
      1,
      0,
      1
    ],
    "2024-03": [
      4,
      0,
      0,
      2
    ],
    "2024-04": [
      10,
      3,
      0,
      1
    ],
    "2024-05": [
      7,
      4,
      0,
      0
    ],
    "2024-06": [
      8,
      0,
      0,
      1
    ],
    "2024-07": [
      8,
      0,
      0,
      1
    ],
    "2024-08": [
      4,
      0,
      0,
      2
    ],
    "2024-09": [
      5,
      0,
      0,
      3
    ],
    "2024-10": [
      9,
      0,
      0,
      0
    ],
    "2024-11": [
      14,
      1,
      0,
      1
    ],
    "2024-12": [
      0,
      0,
      0,
      1
    ],
    "2025-01": [
      2,
      0,
      0,
      2
    ],
    "2025-02": [
      4,
      0,
      0,
      0
    ],
    "2025-03": [
      10,
      2,
      0,
      0
    ],
    "2025-04": [
      7,
      0,
      0,
      0
    ],
    "2025-05": [
      11,
      0,
      0,
      1
    ],
    "2025-06": [
      7,
      0,
      0,
      0
    ],
    "2025-07": [
      5,
      0,
      0,
      1
    ],
    "2025-08": [
      6,
      0,
      1,
      0
    ],
    "2025-09": [
      3,
      1,
      0,
      0
    ],
    "2015Q1": [
      30,
      3,
      3,
      17
    ],
    "2015Q2": [
      32,
      1,
      2,
      14
    ],
    "2015Q3": [
      9,
      1,
      0,
      9
    ],
    "2015Q4": [
      30,
      2,
      2,
      12
    ],
    "2016Q1": [
      27,
      0,
      1,
      12
    ],
    "2016Q2": [
      69,
      7,
      3,
      19
    ],
    "2016Q3": [
      36,
      3,
      1,
      13
    ],
    "2016Q4": [
      36,
      1,
      2,
      13
    ],
    "2017Q1": [
      28,
      1,
      2,
      9
    ],
    "2017Q2": [
      99,
      0,
      0,
      3
    ],
    "2017Q3": [
      19,
      3,
      3,
      3
    ],
    "2017Q4": [
      32,
      1,
      5,
      4
    ],
    "2018Q1": [
      39,
      1,
      2,
      2
    ],
    "2018Q2": [
      51,
      2,
      2,
      8
    ],
    "2018Q3": [
      16,
      2,
      1,
      7
    ],
    "2018Q4": [
      23,
      0,
      8,
      15
    ],
    "2019Q1": [
      19,
      0,
      0,
      12
    ],
    "2019Q2": [
      53,
      6,
      12,
      10
    ],
    "2019Q3": [
      30,
      1,
      1,
      5
    ],
    "2019Q4": [
      18,
      3,
      2,
      7
    ],
    "2020Q1": [
      21,
      1,
      4,
      6
    ],
    "2020Q2": [
      40,
      2,
      0,
      8
    ],
    "2020Q3": [
      47,
      2,
      3,
      6
    ],
    "2020Q4": [
      43,
      2,
      2,
      3
    ],
    "2021Q1": [
      44,
      2,
      1,
      6
    ],
    "2021Q2": [
      99,
      6,
      2,
      8
    ],
    "2021Q3": [
      39,
      1,
      2,
      6
    ],
    "2021Q4": [
      39,
      1,
      3,
      18
    ],
    "2022Q1": [
      29,
      5,
      6,
      3
    ],
    "2022Q2": [
      44,
      2,
      6,
      4
    ],
    "2022Q3": [
      55,
      1,
      0,
      1
    ],
    "2022Q4": [
      34,
      2,
      2,
      4
    ],
    "2023Q1": [
      38,
      3,
      2,
      3
    ],
    "2023Q2": [
      51,
      2,
      0,
      1
    ],
    "2023Q3": [
      33,
      5,
      2,
      0
    ],
    "2023Q4": [
      25,
      0,
      4,
      7
    ],
    "2024Q1": [
      17,
      1,
      4,
      4
    ],
    "2024Q2": [
      25,
      7,
      0,
      2
    ],
    "2024Q3": [
      17,
      0,
      0,
      6
    ],
    "2024Q4": [
      23,
      1,
      0,
      2
    ],
    "2025Q1": [
      16,
      2,
      0,
      2
    ],
    "2025Q2": [
      25,
      0,
      0,
      1
    ],
    "2025Q3": [
      14,
      1,
      1,
      1
    ]
  },
  "quantile_0": {
    "2015": 0,
    "2016": 0,
    "2017": 0,
    "2018": 0,
    "2019": 0,
    "2020": 0,
    "2021": 0,
    "2022": 0,
    "2023": 0,
    "2024": 0,
    "2025": 0,
    "2015-01": 0,
    "2015-02": 0,
    "2015-03": 0,
    "2015-04": 0,
    "2015-05": 0,
    "2015-06": 0,
    "2015-07": 0,
    "2015-08": 1,
    "2015-09": 0,
    "2015-10": 0,
    "2015-11": 0,
    "2015-12": 0,
    "2016-01": 0,
    "2016-02": 0,
    "2016-03": 0,
    "2016-04": 0,
    "2016-05": 0,
    "2016-06": 0,
    "2016-07": 0,
    "2016-08": 0,
    "2016-09": 0,
    "2016-10": 0,
    "2016-11": 0,
    "2016-12": 0,
    "2017-01": 0,
    "2017-02": 0,
    "2017-03": 0,
    "2017-04": 0,
    "2017-05": 0,
    "2017-06": 0,
    "2017-07": 0,
    "2017-08": 0,
    "2017-09": 0,
    "2017-10": 0,
    "2017-11": 0,
    "2017-12": 0,
    "2018-01": 0,
    "2018-02": 0,
    "2018-03": 0,
    "2018-04": 0,
    "2018-05": 0,
    "2018-06": 0,
    "2018-07": 0,
    "2018-08": 0,
    "2018-09": 0,
    "2018-10": 0,
    "2018-11": 0,
    "2018-12": 0,
    "2019-01": 0,
    "2019-02": 0,
    "2019-03": 0,
    "2019-04": 0,
    "2019-05": 0,
    "2019-06": 0,
    "2019-07": 0,
    "2019-08": 0,
    "2019-09": 0,
    "2019-10": 0,
    "2019-11": 0,
    "2019-12": 0,
    "2020-01": 0,
    "2020-02": 0,
    "2020-03": 0,
    "2020-04": 0,
    "2020-05": 0,
    "2020-06": 0,
    "2020-07": 0,
    "2020-08": 0,
    "2020-09": 0,
    "2020-10": 0,
    "2020-11": 0,
    "2020-12": 0,
    "2021-01": 0,
    "2021-02": 0,
    "2021-03": 0,
    "2021-04": 0,
    "2021-05": 0,
    "2021-06": 0,
    "2021-07": 0,
    "2021-08": 0,
    "2021-09": 0,
    "2021-10": 0,
    "2021-11": 0,
    "2021-12": 0,
    "2022-01": 0,
    "2022-02": 0,
    "2022-03": 0,
    "2022-04": 0,
    "2022-05": 0,
    "2022-06": 0,
    "2022-07": 0,
    "2022-08": 0,
    "2022-09": 0,
    "2022-10": 0,
    "2022-11": 0,
    "2022-12": 0,
    "2023-01": 0,
    "2023-02": 0,
    "2023-03": 0,
    "2023-04": 0,
    "2023-05": 0,
    "2023-06": 0,
    "2023-07": 0,
    "2023-08": 0,
    "2023-09": 2,
    "2023-10": 0,
    "2023-11": 0,
    "2023-12": 0,
    "2024-01": 0,
    "2024-02": 0,
    "2024-03": 0,
    "2024-04": 0,
    "2024-05": 0,
    "2024-06": 0,
    "2024-07": 0,
    "2024-08": 0,
    "2024-09": 0,
    "2024-10": 0,
    "2024-11": 0,
    "2024-12": 97,
    "2025-01": 0,
    "2025-02": 0,
    "2025-03": 0,
    "2025-04": 0,
    "2025-05": 0,
    "2025-06": 0,
    "2025-07": 0,
    "2025-08": 0,
    "2025-09": 0,
    "2015Q1": 0,
    "2015Q2": 0,
    "2015Q3": 0,
    "2015Q4": 0,
    "2016Q1": 0,
    "2016Q2": 0,
    "2016Q3": 0,
    "2016Q4": 0,
    "2017Q1": 0,
    "2017Q2": 0,
    "2017Q3": 0,
    "2017Q4": 0,
    "2018Q1": 0,
    "2018Q2": 0,
    "2018Q3": 0,
    "2018Q4": 0,
    "2019Q1": 0,
    "2019Q2": 0,
    "2019Q3": 0,
    "2019Q4": 0,
    "2020Q1": 0,
    "2020Q2": 0,
    "2020Q3": 0,
    "2020Q4": 0,
    "2021Q1": 0,
    "2021Q2": 0,
    "2021Q3": 0,
    "2021Q4": 0,
    "2022Q1": 0,
    "2022Q2": 0,
    "2022Q3": 0,
    "2022Q4": 0,
    "2023Q1": 0,
    "2023Q2": 0,
    "2023Q3": 0,
    "2023Q4": 0,
    "2024Q1": 0,
    "2024Q2": 0,
    "2024Q3": 0,
    "2024Q4": 0,
    "2025Q1": 0,
    "2025Q2": 0,
    "2025Q3": 0
  },
  "quantile_1": {
    "2015": 0,
    "2016": 0,
    "2017": 0,
    "2018": 0,
    "2019": 0,
    "2020": 0,
    "2021": 0,
    "2022": 0,
    "2023": 0,
    "2024": 0,
    "2025": 0,
    "2015-01": 0,
    "2015-02": 0,
    "2015-03": 0,
    "2015-04": 0,
    "2015-05": 0,
    "2015-06": 0,
    "2015-07": 0,
    "2015-08": 65,
    "2015-09": 0,
    "2015-10": 4.75,
    "2015-11": 0,
    "2015-12": 0,
    "2016-01": 0.5,
    "2016-02": 0,
    "2016-03": 0,
    "2016-04": 0,
    "2016-05": 0,
    "2016-06": 0,
    "2016-07": 0,
    "2016-08": 0,
    "2016-09": 0,
    "2016-10": 0,
    "2016-11": 0,
    "2016-12": 0,
    "2017-01": 0,
    "2017-02": 0,
    "2017-03": 0,
    "2017-04": 0,
    "2017-05": 0,
    "2017-06": 0,
    "2017-07": 0,
    "2017-08": 0,
    "2017-09": 2,
    "2017-10": 0,
    "2017-11": 0,
    "2017-12": 0,
    "2018-01": 0,
    "2018-02": 0,
    "2018-03": 0,
    "2018-04": 0,
    "2018-05": 0,
    "2018-06": 0,
    "2018-07": 0,
    "2018-08": 2.5,
    "2018-09": 0,
    "2018-10": 0,
    "2018-11": 0,
    "2018-12": 0,
    "2019-01": 0,
    "2019-02": 0,
    "2019-03": 0,
    "2019-04": 5,
    "2019-05": 0,
    "2019-06": 0,
    "2019-07": 0,
    "2019-08": 0,
    "2019-09": 0,
    "2019-10": 0,
    "2019-11": 0,
    "2019-12": 0,
    "2020-01": 0,
    "2020-02": 0,
    "2020-03": 0,
    "2020-04": 0,
    "2020-05": 0,
    "2020-06": 0,
    "2020-07": 0,
    "2020-08": 0,
    "2020-09": 0,
    "2020-10": 0,
    "2020-11": 0,
    "2020-12": 0.5,
    "2021-01": 0,
    "2021-02": 0,
    "2021-03": 0,
    "2021-04": 0,
    "2021-05": 0,
    "2021-06": 0,
    "2021-07": 0,
    "2021-08": 0,
    "2021-09": 0,
    "2021-10": 0,
    "2021-11": 0,
    "2021-12": 0,
    "2022-01": 0,
    "2022-02": 0,
    "2022-03": 0,
    "2022-04": 0,
    "2022-05": 0,
    "2022-06": 0,
    "2022-07": 0,
    "2022-08": 0,
    "2022-09": 0,
    "2022-10": 0,
    "2022-11": 0,
    "2022-12": 0,
    "2023-01": 0,
    "2023-02": 0,
    "2023-03": 0,
    "2023-04": 0,
    "2023-05": 0,
    "2023-06": 0,
    "2023-07": 0,
    "2023-08": 0,
    "2023-09": 4,
    "2023-10": 0,
    "2023-11": 0,
    "2023-12": 0,
    "2024-01": 0,
    "2024-02": 0,
    "2024-03": 0,
    "2024-04": 0,
    "2024-05": 0,
    "2024-06": 0,
    "2024-07": 0,
    "2024-08": 0.25,
    "2024-09": 0,
    "2024-10": 0,
    "2024-11": 0,
    "2024-12": 97,
    "2025-01": 0,
    "2025-02": 0,
    "2025-03": 0,
    "2025-04": 0,
    "2025-05": 0,
    "2025-06": 0,
    "2025-07": 0,
    "2025-08": 0,
    "2025-09": 0,
    "2015Q1": 0,
    "2015Q2": 0,
    "2015Q3": 0,
    "2015Q4": 0,
    "2016Q1": 0,
    "2016Q2": 0,
    "2016Q3": 0,
    "2016Q4": 0,
    "2017Q1": 0,
    "2017Q2": 0,
    "2017Q3": 0,
    "2017Q4": 0,
    "2018Q1": 0,
    "2018Q2": 0,
    "2018Q3": 0,
    "2018Q4": 0,
    "2019Q1": 0,
    "2019Q2": 0,
    "2019Q3": 0,
    "2019Q4": 0,
    "2020Q1": 0,
    "2020Q2": 0,
    "2020Q3": 0,
    "2020Q4": 0,
    "2021Q1": 0,
    "2021Q2": 0,
    "2021Q3": 0,
    "2021Q4": 0,
    "2022Q1": 0,
    "2022Q2": 0,
    "2022Q3": 0,
    "2022Q4": 0,
    "2023Q1": 0,
    "2023Q2": 0,
    "2023Q3": 0,
    "2023Q4": 0,
    "2024Q1": 0,
    "2024Q2": 0,
    "2024Q3": 0,
    "2024Q4": 0,
    "2025Q1": 0,
    "2025Q2": 0,
    "2025Q3": 0
  },
  "quantile_2": {
    "2015": 1,
    "2016": 0,
    "2017": 0,
    "2018": 0,
    "2019": 0,
    "2020": 0,
    "2021": 0,
    "2022": 0,
    "2023": 0,
    "2024": 0,
    "2025": 0,
    "2015-01": 0,
    "2015-02": 0.5,
    "2015-03": 6,
    "2015-04": 0,
    "2015-05": 1,
    "2015-06": 0.5,
    "2015-07": 1,
    "2015-08": 83,
    "2015-09": 130.5,
    "2015-10": 8.5,
    "2015-11": 0,
    "2015-12": 0,
    "2016-01": 9,
    "2016-02": 0,
    "2016-03": 0,
    "2016-04": 0.5,
    "2016-05": 0,
    "2016-06": 1,
    "2016-07": 10,
    "2016-08": 0.5,
    "2016-09": 0,
    "2016-10": 1,
    "2016-11": 0,
    "2016-12": 0,
    "2017-01": 0,
    "2017-02": 0,
    "2017-03": 2,
    "2017-04": 0,
    "2017-05": 0,
    "2017-06": 0,
    "2017-07": 1,
    "2017-08": 0,
    "2017-09": 5,
    "2017-10": 0,
    "2017-11": 0,
    "2017-12": 1,
    "2018-01": 0,
    "2018-02": 0,
    "2018-03": 1,
    "2018-04": 0,
    "2018-05": 0,
    "2018-06": 0,
    "2018-07": 0,
    "2018-08": 5,
    "2018-09": 0,
    "2018-10": 8,
    "2018-11": 1,
    "2018-12": 9.5,
    "2019-01": 0,
    "2019-02": 84,
    "2019-03": 54,
    "2019-04": 28,
    "2019-05": 0,
    "2019-06": 0,
    "2019-07": 0,
    "2019-08": 0,
    "2019-09": 0,
    "2019-10": 0.5,
    "2019-11": 2.5,
    "2019-12": 24,
    "2020-01": 20,
    "2020-02": 0,
    "2020-03": 9,
    "2020-04": 0,
    "2020-05": 0,
    "2020-06": 0,
    "2020-07": 0,
    "2020-08": 0,
    "2020-09": 0,
    "2020-10": 0,
    "2020-11": 0,
    "2020-12": 1,
    "2021-01": 0,
    "2021-02": 1,
    "2021-03": 0,
    "2021-04": 0,
    "2021-05": 0,
    "2021-06": 1,
    "2021-07": 0,
    "2021-08": 0,
    "2021-09": 0,
    "2021-10": 0,
    "2021-11": 0,
    "2021-12": 12.5,
    "2022-01": 12,
    "2022-02": 0,
    "2022-03": 0,
    "2022-04": 0,
    "2022-05": 3,
    "2022-06": 0,
    "2022-07": 0,
    "2022-08": 0,
    "2022-09": 0,
    "2022-10": 1,
    "2022-11": 0,
    "2022-12": 0,
    "2023-01": 0,
    "2023-02": 0,
    "2023-03": 0,
    "2023-04": 0,
    "2023-05": 0,
    "2023-06": 0,
    "2023-07": 0,
    "2023-08": 0,
    "2023-09": 4,
    "2023-10": 0,
    "2023-11": 0,
    "2023-12": 0,
    "2024-01": 3,
    "2024-02": 0,
    "2024-03": 1,
    "2024-04": 0,
    "2024-05": 0,
    "2024-06": 0,
    "2024-07": 0,
    "2024-08": 1.5,
    "2024-09": 0,
    "2024-10": 0,
    "2024-11": 0,
    "2024-12": 97,
    "2025-01": 29,
    "2025-02": 0,
    "2025-03": 0,
    "2025-04": 0,
    "2025-05": 0,
    "2025-06": 0,
    "2025-07": 0,
    "2025-08": 0,
    "2025-09": 1,
    "2015Q1": 1,
    "2015Q2": 0,
    "2015Q3": 5,
    "2015Q4": 0,
    "2016Q1": 0,
    "2016Q2": 1,
    "2016Q3": 0,
    "2016Q4": 0,
    "2017Q1": 0,
    "2017Q2": 0,
    "2017Q3": 1,
    "2017Q4": 0,
    "2018Q1": 0,
    "2018Q2": 0,
    "2018Q3": 0,
    "2018Q4": 4.5,
    "2019Q1": 0,
    "2019Q2": 0,
    "2019Q3": 0,
    "2019Q4": 1,
    "2020Q1": 0,
    "2020Q2": 0,
    "2020Q3": 0,
    "2020Q4": 0,
    "2021Q1": 0,
    "2021Q2": 0,
    "2021Q3": 0,
    "2021Q4": 0,
    "2022Q1": 0,
    "2022Q2": 0,
    "2022Q3": 0,
    "2022Q4": 0,
    "2023Q1": 0,
    "2023Q2": 0,
    "2023Q3": 0,
    "2023Q4": 0,
    "2024Q1": 1,
    "2024Q2": 0,
    "2024Q3": 0,
    "2024Q4": 0,
    "2025Q1": 0,
    "2025Q2": 0,
    "2025Q3": 0
  },
  "quantile_3": {
    "2015": 60.5,
    "2016": 12.5,
    "2017": 1,
    "2018": 7,
    "2019": 10,
    "2020": 1,
    "2021": 1,
    "2022": 1,
    "2023": 0,
    "2024": 3,
    "2025": 0,
    "2015-01": 32.5,
    "2015-02": 12.5,
    "2015-03": 87.5,
    "2015-04": 102.25,
    "2015-05": 3.5,
    "2015-06": 21.25,
    "2015-07": 260,
    "2015-08": 159,
    "2015-09": 343,
    "2015-10": 100.25,
    "2015-11": 1,
    "2015-12": 1,
    "2016-01": 234,
    "2016-02": 29.5,
    "2016-03": 0,
    "2016-04": 6,
    "2016-05": 1.75,
    "2016-06": 24.75,
    "2016-07": 59,
    "2016-08": 10.5,
    "2016-09": 1.5,
    "2016-10": 12.5,
    "2016-11": 31.75,
    "2016-12": 1,
    "2017-01": 28.5,
    "2017-02": 0,
    "2017-03": 10.75,
    "2017-04": 0,
    "2017-05": 1,
    "2017-06": 0,
    "2017-07": 2.25,
    "2017-08": 3,
    "2017-09": 17.5,
    "2017-10": 1.5,
    "2017-11": 1,
    "2017-12": 10,
    "2018-01": 0,
    "2018-02": 0.75,
    "2018-03": 13.5,
    "2018-04": 0,
    "2018-05": 8,
    "2018-06": 5,
    "2018-07": 17.25,
    "2018-08": 135.5,
    "2018-09": 55.5,
    "2018-10": 71,
    "2018-11": 1,
    "2018-12": 14.75,
    "2019-01": 1,
    "2019-02": 93,
    "2019-03": 68,
    "2019-04": 35.75,
    "2019-05": 5.5,
    "2019-06": 1.25,
    "2019-07": 0,
    "2019-08": 12.5,
    "2019-09": 10,
    "2019-10": 3.75,
    "2019-11": 9,
    "2019-12": 49.5,
    "2020-01": 38,
    "2020-02": 0,
    "2020-03": 15,
    "2020-04": 1.25,
    "2020-05": 13,
    "2020-06": 0.75,
    "2020-07": 2,
    "2020-08": 13,
    "2020-09": 3.25,
    "2020-10": 0,
    "2020-11": 0,
    "2020-12": 14,
    "2021-01": 1,
    "2021-02": 1,
    "2021-03": 6.75,
    "2021-04": 1,
    "2021-05": 1,
    "2021-06": 17.25,
    "2021-07": 0.25,
    "2021-08": 1,
    "2021-09": 2.5,
    "2021-10": 5.25,
    "2021-11": 0,
    "2021-12": 21,
    "2022-01": 12,
    "2022-02": 7,
    "2022-03": 0,
    "2022-04": 1.25,
    "2022-05": 12,
    "2022-06": 0,
    "2022-07": 0,
    "2022-08": 0,
    "2022-09": 1,
    "2022-10": 15,
    "2022-11": 0,
    "2022-12": 2,
    "2023-01": 2,
    "2023-02": 0,
    "2023-03": 5,
    "2023-04": 0,
    "2023-05": 0,
    "2023-06": 0,
    "2023-07": 0,
    "2023-08": 0,
    "2023-09": 5.5,
    "2023-10": 34,
    "2023-11": 5,
    "2023-12": 6,
    "2024-01": 12.5,
    "2024-02": 2,
    "2024-03": 23.75,
    "2024-04": 4.5,
    "2024-05": 4.5,
    "2024-06": 0,
    "2024-07": 1,
    "2024-08": 17.75,
    "2024-09": 20.75,
    "2024-10": 0,
    "2024-11": 0.25,
    "2024-12": 97,
    "2025-01": 59.25,
    "2025-02": 0,
    "2025-03": 0,
    "2025-04": 0.5,
    "2025-05": 0.25,
    "2025-06": 0,
    "2025-07": 0,
    "2025-08": 0,
    "2025-09": 3.25,
    "2015Q1": 60,
    "2015Q2": 49,
    "2015Q3": 303,
    "2015Q4": 21.75,
    "2016Q1": 19,
    "2016Q2": 4.75,
    "2016Q3": 12,
    "2016Q4": 14.5,
    "2017Q1": 8.25,
    "2017Q2": 0,
    "2017Q3": 5.5,
    "2017Q4": 3,
    "2018Q1": 1,
    "2018Q2": 1,
    "2018Q3": 33.75,
    "2018Q4": 29,
    "2019Q1": 75,
    "2019Q2": 10,
    "2019Q3": 1,
    "2019Q4": 11,
    "2020Q1": 14.25,
    "2020Q2": 1,
    "2020Q3": 2,
    "2020Q4": 0,
    "2021Q1": 1,
    "2021Q2": 1,
    "2021Q3": 1,
    "2021Q4": 21,
    "2022Q1": 7,
    "2022Q2": 1.25,
    "2022Q3": 0,
    "2022Q4": 2,
    "2023Q1": 0.75,
    "2023Q2": 0,
    "2023Q3": 0,
    "2023Q4": 8,
    "2024Q1": 10.25,
    "2024Q2": 3.5,
    "2024Q3": 10.5,
    "2024Q4": 0.75,
    "2025Q1": 0,
    "2025Q2": 0,
    "2025Q3": 0
  },
  "quantile_4": {
    "2015": 866,
    "2016": 479,
    "2017": 135,
    "2018": 668,
    "2019": 523,
    "2020": 644,
    "2021": 1319,
    "2022": 125,
    "2023": 351,
    "2024": 144,
    "2025": 94,
    "2015-01": 866,
    "2015-02": 428,
    "2015-03": 763,
    "2015-04": 731,
    "2015-05": 759,
    "2015-06": 683,
    "2015-07": 640,
    "2015-08": 593,
    "2015-09": 589,
    "2015-10": 208,
    "2015-11": 552,
    "2015-12": 107,
    "2016-01": 479,
    "2016-02": 108,
    "2016-03": 36,
    "2016-04": 52,
    "2016-05": 390,
    "2016-06": 365,
    "2016-07": 311,
    "2016-08": 289,
    "2016-09": 223,
    "2016-10": 230,
    "2016-11": 202,
    "2016-12": 161,
    "2017-01": 135,
    "2017-02": 53,
    "2017-03": 53,
    "2017-04": 53,
    "2017-05": 2,
    "2017-06": 27,
    "2017-07": 14,
    "2017-08": 51,
    "2017-09": 30,
    "2017-10": 11,
    "2017-11": 65,
    "2017-12": 32,
    "2018-01": 2,
    "2018-02": 12,
    "2018-03": 22,
    "2018-04": 3,
    "2018-05": 668,
    "2018-06": 210,
    "2018-07": 184,
    "2018-08": 266,
    "2018-09": 233,
    "2018-10": 220,
    "2018-11": 230,
    "2018-12": 36,
    "2019-01": 167,
    "2019-02": 109,
    "2019-03": 82,
    "2019-04": 43,
    "2019-05": 14,
    "2019-06": 10,
    "2019-07": 4,
    "2019-08": 26,
    "2019-09": 21,
    "2019-10": 138,
    "2019-11": 523,
    "2019-12": 54,
    "2020-01": 39,
    "2020-02": 44,
    "2020-03": 28,
    "2020-04": 102,
    "2020-05": 644,
    "2020-06": 28,
    "2020-07": 12,
    "2020-08": 87,
    "2020-09": 63,
    "2020-10": 108,
    "2020-11": 12,
    "2020-12": 27,
    "2021-01": 5,
    "2021-02": 49,
    "2021-03": 1319,
    "2021-04": 286,
    "2021-05": 1252,
    "2021-06": 62,
    "2021-07": 218,
    "2021-08": 56,
    "2021-09": 152,
    "2021-10": 39,
    "2021-11": 34,
    "2021-12": 21,
    "2022-01": 34,
    "2022-02": 7,
    "2022-03": 17,
    "2022-04": 12,
    "2022-05": 34,
    "2022-06": 9,
    "2022-07": 7,
    "2022-08": 125,
    "2022-09": 2,
    "2022-10": 65,
    "2022-11": 1,
    "2022-12": 23,
    "2023-01": 15,
    "2023-02": 62,
    "2023-03": 26,
    "2023-04": 7,
    "2023-05": 97,
    "2023-06": 1,
    "2023-07": 2,
    "2023-08": 8,
    "2023-09": 14,
    "2023-10": 189,
    "2023-11": 351,
    "2023-12": 12,
    "2024-01": 16,
    "2024-02": 39,
    "2024-03": 31,
    "2024-04": 40,
    "2024-05": 6,
    "2024-06": 144,
    "2024-07": 110,
    "2024-08": 78,
    "2024-09": 60,
    "2024-10": 3,
    "2024-11": 122,
    "2024-12": 97,
    "2025-01": 63,
    "2025-02": 0,
    "2025-03": 5,
    "2025-04": 1,
    "2025-05": 94,
    "2025-06": 0,
    "2025-07": 33,
    "2025-08": 12,
    "2025-09": 7,
    "2015Q1": 866,
    "2015Q2": 759,
    "2015Q3": 640,
    "2015Q4": 552,
    "2016Q1": 479,
    "2016Q2": 390,
    "2016Q3": 311,
    "2016Q4": 230,
    "2017Q1": 135,
    "2017Q2": 53,
    "2017Q3": 51,
    "2017Q4": 65,
    "2018Q1": 22,
    "2018Q2": 668,
    "2018Q3": 266,
    "2018Q4": 230,
    "2019Q1": 167,
    "2019Q2": 43,
    "2019Q3": 26,
    "2019Q4": 523,
    "2020Q1": 44,
    "2020Q2": 644,
    "2020Q3": 87,
    "2020Q4": 108,
    "2021Q1": 1319,
    "2021Q2": 1252,
    "2021Q3": 218,
    "2021Q4": 39,
    "2022Q1": 34,
    "2022Q2": 34,
    "2022Q3": 125,
    "2022Q4": 65,
    "2023Q1": 62,
    "2023Q2": 97,
    "2023Q3": 14,
    "2023Q4": 351,
    "2024Q1": 39,
    "2024Q2": 144,
    "2024Q3": 110,
    "2024Q4": 122,
    "2025Q1": 63,
    "2025Q2": 94,
    "2025Q3": 33
  }
}