{
  "avg": {
    "2015": 13.3,
    "2016": 11.68,
    "2017": 3.29,
    "2018": 7.68,
    "2019": 6.72,
    "2020": 5.11,
    "2021": 3.07,
    "2022": 2.48,
    "2023": 3.64,
    "2024": 6.49,
    "2025": 5.84,
    "2015-01": 5.43,
    "2015-02": 12.92,
    "2015-03": 24.52,
    "2015-04": 23.33,
    "2015-05": 21.67,
    "2015-06": 2.5,
    "2015-07": 1.7,
    "2015-08": 56.4,
    "2015-09": 3.75,
    "2015-10": 20.08,
    "2015-11": 3.21,
    "2015-12": 3.4,
    "2016-01": 2.18,
    "2016-02": 1.17,
    "2016-03": 1.18,
    "2016-04": 0.12,
    "2016-05": 0.58,
    "2016-06": 24.02,
    "2016-07": 33.94,
    "2016-08": 2,
    "2016-09": 2.26,
    "2016-10": 13.5,
    "2016-11": 20.5,
    "2016-12": 0.12,
    "2017-01": 20.47,
    "2017-02": 5.89,
    "2017-03": 7.31,
    "2017-04": 0.11,
    "2017-05": 0.21,
    "2017-06": 0.19,
    "2017-07": 1.55,
    "2017-08": 6.89,
    "2017-09": 6.5,
    "2017-10": 1.55,
    "2017-11": 0.22,
    "2017-12": 2.64,
    "2018-01": 0.09,
    "2018-02": 0.36,
    "2018-03": 0.29,
    "2018-04": 1.07,
    "2018-05": 2.87,
    "2018-06": 4.38,
    "2018-07": 29.69,
    "2018-08": 2.67,
    "2018-09": 11.83,
    "2018-10": 25.79,
    "2018-11": 6.64,
    "2018-12": 10.88,
    "2019-01": 12.07,
    "2019-02": 35.4,
    "2019-03": 18.78,
    "2019-04": 17.93,
    "2019-05": 1.43,
    "2019-06": 0.81,
    "2019-07": 0.32,
    "2019-08": 4.17,
    "2019-09": 2.22,
    "2019-10": 8.86,
    "2019-11": 7.75,
    "2019-12": 12,
    "2020-01": 19.4,
    "2020-02": 0.78,
    "2020-03": 9.44,
    "2020-04": 7.55,
    "2020-05": 8.86,
    "2020-06": 2.92,
    "2020-07": 1.21,
    "2020-08": 14.8,
    "2020-09": 11.9,
    "2020-10": 0.86,
    "2020-11": 0.12,
    "2020-12": 0,
    "2021-01": 0.78,
    "2021-02": 0.29,
    "2021-03": 6.86,
    "2021-04": 8.6,
    "2021-05": 0.89,
    "2021-06": 2.25,
    "2021-07": 14.2,
    "2021-08": 2.83,
    "2021-09": 2.36,
    "2021-10": 0,
    "2021-11": 4.54,
    "2021-12": 1.73,
    "2022-01": 8.88,
    "2022-02": 1.67,
    "2022-03": 2.64,
    "2022-04": 1.62,
    "2022-05": 6.9,
    "2022-06": 1.35,
    "2022-07": 1.85,
    "2022-08": 0.7,
    "2022-09": 0.43,
    "2022-10": 3.7,
    "2022-11": 2,
    "2022-12": 0.94,
    "2023-01": 3,
    "2023-02": 0.94,
    "2023-03": 1.75,
    "2023-04": 2.26,
    "2023-05": 7.82,
    "2023-06": 4.29,
    "2023-07": 1.25,
    "2023-08": 1.19,
    "2023-09": 7,
    "2023-10": 14.5,
    "2023-11": 2,
    "2023-12": 2,
    "2024-01": 5.43,
    "2024-02": 0,
    "2024-03": 0.5,
    "2024-04": 6.67,
    "2024-05": 0.5,
    "2024-06": 0.17,
    "2024-07": 18.17,
    "2024-08": 0,
    "2024-09": 9.88,
    "2024-10": 0.71,
    "2024-11": 7.75,
    "2024-12": 55.5,
    "2025-01": 24.2,
    "2025-02": 0,
    "2025-03": 1.92,
    "2025-04": 0.86,
    "2025-05": 1.75,
    "2025-06": 7.5,
    "2025-07": 6.43,
    "2025-08": 7.5,
    "2025-09": 5.29,
    "2025-10": 7.5,
    "2025-11": 10,
    "2025-12": 10.71,
    "2015Q1": 16.85,
    "2015Q2": 13.47,
    "2015Q3": 16.53,
    "2015Q4": 7.7,
    "2016Q1": 1.45,
    "2016Q2": 15.68,
    "2016Q3": 11.75,
    "2016Q4": 12.08,
    "2017Q1": 11.92,
    "2017Q2": 0.19,
    "2017Q3": 4.54,
    "2017Q4": 1.83,
    "2018Q1": 0.21,
    "2018Q2": 2.52,
    "2018Q3": 19.14,
    "2018Q4": 15.91,
    "2019Q1": 18.39,
    "2019Q2": 4.23,
    "2019Q3": 1.9,
    "2019Q4": 8.83,
    "2020Q1": 6.12,
    "2020Q2": 6.45,
    "2020Q3": 7.44,
    "2020Q4": 0.67,
    "2021Q1": 1.82,
    "2021Q2": 2.68,
    "2021Q3": 6.12,
    "2021Q4": 2.5,
    "2022Q1": 3.76,
    "2022Q2": 3.39,
    "2022Q3": 1.09,
    "2022Q4": 1.94,
    "2023Q1": 1.7,
    "2023Q2": 4.57,
    "2023Q3": 1.77,
    "2023Q4": 7.21,
    "2024Q1": 2.35,
    "2024Q2": 2.25,
    "2024Q3": 11.06,
    "2024Q4": 9.6,
    "2025Q1": 6.64,
    "2025Q2": 2.48,
    "2025Q3": 6.22,
    "2025Q4": 9.64
  },
  "levels": {
    "2015": [
      127,
      5,
      16,
      19
    ],
    "2016": [
      208,
      8,
      5,
      20
    ],
    "2017": [
      191,
      5,
      5,
      9
    ],
    "2018": [
      148,
      4,
      25,
      16
    ],
    "2019": [
      144,
      7,
      6,
      20
    ],
    "2020": [
      123,
      5,
      6,
      14
    ],
    "2021": [
      182,
      4,
      6,
      9
    ],
    "2022": [
      150,
      5,
      20,
      5
    ],
    "2023": [
      113,
      7,
      16,
      3
    ],
    "2024": [
      68,
      1,
      3,
      7
    ],
    "2025": [
      50,
      5,
      20,
      2
    ],
    "2015-01": [
      12,
      0,
      1,
      1
    ],
    "2015-02": [
      8,
      1,
      2,
      1
    ],
    "2015-03": [
      21,
      0,
      1,
      5
    ],
    "2015-04": [
      9,
      1,
      0,
      2
    ],
    "2015-05": [
      12,
      0,
      1,
      2
    ],
    "2015-06": [
      18,
      1,
      2,
      1
    ],
    "2015-07": [
      8,
      1,
      1,
      0
    ],
    "2015-08": [
      1,
      0,
      1,
      3
    ],
    "2015-09": [
      3,
      0,
      1,
      0
    ],
    "2015-10": [
      6,
      1,
      3,
      2
    ],
    "2015-11": [
      11,
      0,
      3,
      0
    ],
    "2015-12": [
      18,
      0,
      0,
      2
    ],
    "2016-01": [
      9,
      0,
      2,
      0
    ],
    "2016-02": [
      11,
      0,
      1,
      0
    ],
    "2016-03": [
      15,
      1,
      1,
      0
    ],
    "2016-04": [
      8,
      0,
      0,
      0
    ],
    "2016-05": [
      23,
      3,
      0,
      0
    ],
    "2016-06": [
      52,
      2,
      0,
      8
    ],
    "2016-07": [
      10,
      0,
      0,
      6
    ],
    "2016-08": [
      12,
      1,
      0,
      1
    ],
    "2016-09": [
      22,
      0,
      0,
      1
    ],
    "2016-10": [
      13,
      1,
      1,
      1
    ],
    "2016-11": [
      17,
      0,
      0,
      3
    ],
    "2016-12": [
      16,
      0,
      0,
      0
    ],
    "2017-01": [
      12,
      0,
      0,
      3
    ],
    "2017-02": [
      8,
      0,
      0,
      1
    ],
    "2017-03": [
      12,
      2,
      0,
      2
    ],
    "2017-04": [
      18,
      0,
      0,
      0
    ],
    "2017-05": [
      53,
      0,
      0,
      0
    ],
    "2017-06": [
      31,
      0,
      0,
      0
    ],
    "2017-07": [
      10,
      0,
      1,
      0
    ],
    "2017-08": [
      7,
      0,
      1,
      1
    ],
    "2017-09": [
      3,
      2,
      0,
      1
    ],
    "2017-10": [
      10,
      0,
      1,
      0
    ],
    "2017-11": [
      9,
      0,
      0,
      0
    ],
    "2017-12": [
      18,
      1,
      2,
      1
    ],
    "2018-01": [
      22,
      0,
      0,
      0
    ],
    "2018-02": [
      14,
      0,
      0,
      0
    ],
    "2018-03": [
      7,
      0,
      0,
      0
    ],
    "2018-04": [
      26,
      0,
      2,
      0
    ],
    "2018-05": [
      25,
      2,
      3,
      1
    ],
    "2018-06": [
      10,
      2,
      4,
      0
    ],
    "2018-07": [
      8,
      0,
      3,
      2
    ],
    "2018-08": [
      2,
      0,
      1,
      0
    ],
    "2018-09": [
      9,
      0,
      2,
      1
    ],
    "2018-10": [
      11,
      0,
      2,
      6
    ],
    "2018-11": [
      8,
      0,
      2,
      1
    ],
    "2018-12": [
      6,
      0,
      6,
      5
    ],
    "2019-01": [
      13,
      0,
      0,
      1
    ],
    "2019-02": [
      3,
      0,
      0,
      2
    ],
    "2019-03": [
      5,
      1,
      0,
      3
    ],
    "2019-04": [
      6,
      0,
      0,
      8
    ],
    "2019-05": [
      42,
      3,
      4,
      0
    ],
    "2019-06": [
      15,
      0,
      1,
      0
    ],
    "2019-07": [
      18,
      1,
      0,
      0
    ],
    "2019-08": [
      10,
      0,
      0,
      2
    ],
    "2019-09": [
      8,
      0,
      0,
      1
    ],
    "2019-10": [
      12,
      0,
      1,
      1
    ],
    "2019-11": [
      9,
      2,
      0,
      1
    ],
    "2019-12": [
      3,
      0,
      0,
      1
    ],
    "2020-01": [
      2,
      0,
      0,
      3
    ],
    "2020-02": [
      17,
      0,
      1,
      0
    ],
    "2020-03": [
      5,
      0,
      2,
      2
    ],
    "2020-04": [
      9,
      1,
      0,
      1
    ],
    "2020-05": [
      10,
      1,
      0,
      3
    ],
    "2020-06": [
      11,
      1,
      0,
      1
    ],
    "2020-07": [
      17,
      1,
      1,
      0
    ],
    "2020-08": [
      7,
      0,
      1,
      2
    ],
    "2020-09": [
      8,
      0,
      0,
      2
    ],
    "2020-10": [
      27,
      1,
      1,
      0
    ],
    "2020-11": [
      8,
      0,
      0,
      0
    ],
    "2020-12": [
      2,
      0,
      0,
      0
    ],
    "2021-01": [
      9,
      0,
      0,
      0
    ],
    "2021-02": [
      17,
      0,
      0,
      0
    ],
    "2021-03": [
      6,
      0,
      0,
      1
    ],
    "2021-04": [
      18,
      1,
      0,
      1
    ],
    "2021-05": [
      56,
      3,
      2,
      0
    ],
    "2021-06": [
      19,
      0,
      0,
      1
    ],
    "2021-07": [
      7,
      0,
      0,
      3
    ],
    "2021-08": [
      11,
      0,
      0,
      1
    ],
    "2021-09": [
      10,
      0,
      0,
      1
    ],
    "2021-10": [
      6,
      0,
      0,
      0
    ],
    "2021-11": [
      10,
      0,
      2,
      1
    ],
    "2021-12": [
      13,
      0,
      2,
      0
    ],
    "2022-01": [
      5,
      0,
      1,
      2
    ],
    "2022-02": [
      11,
      0,
      1,
      0
    ],
    "2022-03": [
      11,
      1,
      2,
      0
    ],
    "2022-04": [
      11,
      1,
      1,
      0
    ],
    "2022-05": [
      11,
      0,
      6,
      3
    ],
    "2022-06": [
      21,
      0,
      2,
      0
    ],
    "2022-07": [
      17,
      1,
      2,
      0
    ],
    "2022-08": [
      26,
      0,
      1,
      0
    ],
    "2022-09": [
      7,
      0,
      0,
      0
    ],
    "2022-10": [
      6,
      2,
      2,
      0
    ],
    "2022-11": [
      7,
      0,
      1,
      0
    ],
    "2022-12": [
      17,
      0,
      1,
      0
    ],
    "2023-01": [
      7,
      0,
      2,
      0
    ],
    "2023-02": [
      15,
      0,
      1,
      0
    ],
    "2023-03": [
      9,
      2,
      1,
      0
    ],
    "2023-04": [
      19,
      1,
      3,
      0
    ],
    "2023-05": [
      13,
      1,
      2,
      1
    ],
    "2023-06": [
      5,
      0,
      2,
      0
    ],
    "2023-07": [
      11,
      0,
      1,
      0
    ],
    "2023-08": [
      13,
      2,
      1,
      0
    ],
    "2023-09": [
      1,
      1,
      1,
      0
    ],
    "2023-10": [
      8,
      0,
      1,
      1
    ],
    "2023-11": [
      9,
      0,
      0,
      1
    ],
    "2023-12": [
      3,
      0,
      1,
      0
    ],
    "2024-01": [
      4,
      0,
      2,
      1
    ],
    "2024-02": [
      6,
      0,
      0,
      0
    ],
    "2024-03": [
      4,
      0,
      0,
      0
    ],
    "2024-04": [
      5,
      0,
      0,
      1
    ],
    "2024-05": [
      7,
      1,
      0,
      0
    ],
    "2024-06": [
      6,
      0,
      0,
      0
    ],
    "2024-07": [
      5,
      0,
      0,
      1
    ],
    "2024-08": [
      3,
      0,
      0,
      0
    ],
    "2024-09": [
      6,
      0,
      0,
      2
    ],
    "2024-10": [
      7,
      0,
      0,
      0
    ],
    "2024-11": [
      15,
      0,
      0,
      1
    ],
    "2024-12": [
      0,
      0,
      1,
      1
    ],
    "2025-01": [
      3,
      0,
      0,
      2
    ],
    "2025-02": [
      4,
      0,
      0,
      0
    ],
    "2025-03": [
      10,
      2,
      1,
      0
    ],
    "2025-04": [
      6,
      1,
      0,
      0
    ],
    "2025-05": [
      10,
      1,
      1,
      0
    ],
    "2025-06": [
      2,
      0,
      2,
      0
    ],
    "2025-07": [
      4,
      0,
      3,
      0
    ],
    "2025-08": [
      2,
      0,
      2,
      0
    ],
    "2025-09": [
      4,
      1,
      2,
      0
    ],
    "2025-10": [
      2,
      0,
      2,
      0
    ],
    "2025-11": [
      1,
      0,
      2,
      0
    ],
    "2025-12": [
      2,
      0,
      5,
      0
    ],
    "2015Q1": [
      41,
      1,
      4,
      7
    ],
    "2015Q2": [
      39,
      2,
      3,
      5
    ],
    "2015Q3": [
      12,
      1,
      3,
      3
    ],
    "2015Q4": [
      35,
      1,
      6,
      4
    ],
    "2016Q1": [
      35,
      1,
      4,
      0
    ],
    "2016Q2": [
      83,
      5,
      0,
      8
    ],
    "2016Q3": [
      44,
      1,
      0,
      8
    ],
    "2016Q4": [
      46,
      1,
      1,
      4
    ],
    "2017Q1": [
      32,
      2,
      0,
      6
    ],
    "2017Q2": [
      102,
      0,
      0,
      0
    ],
    "2017Q3": [
      20,
      2,
      2,
      2
    ],
    "2017Q4": [
      37,
      1,
      3,
      1
    ],
    "2018Q1": [
      43,
      0,
      0,
      0
    ],
    "2018Q2": [
      61,
      4,
      9,
      1
    ],
    "2018Q3": [
      19,
      0,
      6,
      3
    ],
    "2018Q4": [
      25,
      0,
      10,
      12
    ],
    "2019Q1": [
      21,
      1,
      0,
      6
    ],
    "2019Q2": [
      63,
      3,
      5,
      8
    ],
    "2019Q3": [
      36,
      1,
      0,
      3
    ],
    "2019Q4": [
      24,
      2,
      1,
      3
    ],
    "2020Q1": [
      24,
      0,
      3,
      5
    ],
    "2020Q2": [
      30,
      3,
      0,
      5
    ],
    "2020Q3": [
      32,
      1,
      2,
      4
    ],
    "2020Q4": [
      37,
      1,
      1,
      0
    ],
    "2021Q1": [
      32,
      0,
      0,
      1
    ],
    "2021Q2": [
      93,
      4,
      2,
      2
    ],
    "2021Q3": [
      28,
      0,
      0,
      5
    ],
    "2021Q4": [
      29,
      0,
      4,
      1
    ],
    "2022Q1": [
      27,
      1,
      4,
      2
    ],
    "2022Q2": [
      43,
      1,
      9,
      3
    ],
    "2022Q3": [
      50,
      1,
      3,
      0
    ],
    "2022Q4": [
      30,
      2,
      4,
      0
    ],
    "2023Q1": [
      31,
      2,
      4,
      0
    ],
    "2023Q2": [
      37,
      2,
      7,
      1
    ],
    "2023Q3": [
      25,
      3,
      3,
      0
    ],
    "2023Q4": [
      20,
      0,
      2,
      2
    ],
    "2024Q1": [
      14,
      0,
      2,
      1
    ],
    "2024Q2": [
      18,
      1,
      0,
      1
    ],
    "2024Q3": [
      14,
      0,
      0,
      3
    ],
    "2024Q4": [
      22,
      0,
      1,
      2
    ],
    "2025Q1": [
      17,
      2,
      1,
      2
    ],
    "2025Q2": [
      18,
      2,
      3,
      0
    ],
    "2025Q3": [
      10,
      1,
      7,
      0
    ],
    "2025Q4": [
      5,
      0,
      9,
      0
    ]
  },
  "quantile_0": {
    "2015": 0,
    "2016": 0,
    "2017": 0,
    "2018": 0,
    "2019": 0,
    "2020": 0,
    "2021": 0,
    "2022": 0,
    "2023": 0,
    "2024": 0,
    "2025": 0,
    "2015-01": 0,
    "2015-02": 0,
    "2015-03": 0,
    "2015-04": 0,
    "2015-05": 0,
    "2015-06": 0,
    "2015-07": 0,
    "2015-08": 0,
    "2015-09": 0,
    "2015-10": 0,
    "2015-11": 0,
    "2015-12": 0,
    "2016-01": 0,
    "2016-02": 0,
    "2016-03": 0,
    "2016-04": 0,
    "2016-05": 0,
    "2016-06": 0,
    "2016-07": 0,
    "2016-08": 0,
    "2016-09": 0,
    "2016-10": 0,
    "2016-11": 0,
    "2016-12": 0,
    "2017-01": 0,
    "2017-02": 0,
    "2017-03": 0,
    "2017-04": 0,
    "2017-05": 0,
    "2017-06": 0,
    "2017-07": 0,
    "2017-08": 0,
    "2017-09": 0,
    "2017-10": 0,
    "2017-11": 0,
    "2017-12": 0,
    "2018-01": 0,
    "2018-02": 0,
    "2018-03": 0,
    "2018-04": 0,
    "2018-05": 0,
    "2018-06": 0,
    "2018-07": 0,
    "2018-08": 0,
    "2018-09": 0,
    "2018-10": 0,
    "2018-11": 0,
    "2018-12": 0,
    "2019-01": 0,
    "2019-02": 0,
    "2019-03": 0,
    "2019-04": 0,
    "2019-05": 0,
    "2019-06": 0,
    "2019-07": 0,
    "2019-08": 0,
    "2019-09": 0,
    "2019-10": 0,
    "2019-11": 0,
    "2019-12": 0,
    "2020-01": 0,
    "2020-02": 0,
    "2020-03": 0,
    "2020-04": 0,
    "2020-05": 0,
    "2020-06": 0,
    "2020-07": 0,
    "2020-08": 0,
    "2020-09": 0,
    "2020-10": 0,
    "2020-11": 0,
    "2020-12": 0,
    "2021-01": 0,
    "2021-02": 0,
    "2021-03": 0,
    "2021-04": 0,
    "2021-05": 0,
    "2021-06": 0,
    "2021-07": 0,
    "2021-08": 0,
    "2021-09": 0,
    "2021-10": 0,
    "2021-11": 0,
    "2021-12": 0,
    "2022-01": 0,
    "2022-02": 0,
    "2022-03": 0,
    "2022-04": 0,
    "2022-05": 0,
    "2022-06": 0,
    "2022-07": 0,
    "2022-08": 0,
    "2022-09": 0,
    "2022-10": 0,
    "2022-11": 0,
    "2022-12": 0,
    "2023-01": 0,
    "2023-02": 0,
    "2023-03": 0,
    "2023-04": 0,
    "2023-05": 0,
    "2023-06": 0,
    "2023-07": 0,
    "2023-08": 0,
    "2023-09": 2,
    "2023-10": 0,
    "2023-11": 0,
    "2023-12": 0,
    "2024-01": 0,
    "2024-02": 0,
    "2024-03": 0,
    "2024-04": 0,
    "2024-05": 0,
    "2024-06": 0,
    "2024-07": 0,
    "2024-08": 0,
    "2024-09": 0,
    "2024-10": 0,
    "2024-11": 0,
    "2024-12": 15,
    "2025-01": 0,
    "2025-02": 0,
    "2025-03": 0,
    "2025-04": 0,
    "2025-05": 0,
    "2025-06": 0,
    "2025-07": 0,
    "2025-08": 0,
    "2025-09": 0,
    "2025-10": 0,
    "2025-11": 0,
    "2025-12": 0,
    "2015Q1": 0,
    "2015Q2": 0,
    "2015Q3": 0,
    "2015Q4": 0,
    "2016Q1": 0,
    "2016Q2": 0,
    "2016Q3": 0,
    "2016Q4": 0,
    "2017Q1": 0,
    "2017Q2": 0,
    "2017Q3": 0,
    "2017Q4": 0,
    "2018Q1": 0,
    "2018Q2": 0,
    "2018Q3": 0,
    "2018Q4": 0,
    "2019Q1": 0,
    "2019Q2": 0,
    "2019Q3": 0,
    "2019Q4": 0,
    "2020Q1": 0,
    "2020Q2": 0,
    "2020Q3": 0,
    "2020Q4": 0,
    "2021Q1": 0,
    "2021Q2": 0,
    "2021Q3": 0,
    "2021Q4": 0,
    "2022Q1": 0,
    "2022Q2": 0,
    "2022Q3": 0,
    "2022Q4": 0,
    "2023Q1": 0,
    "2023Q2": 0,
    "2023Q3": 0,
    "2023Q4": 0,
    "2024Q1": 0,
    "2024Q2": 0,
    "2024Q3": 0,
    "2024Q4": 0,
    "2025Q1": 0,
    "2025Q2": 0,
    "2025Q3": 0,
    "2025Q4": 0
  },
  "quantile_1": {
    "2015": 0,
    "2016": 0,
    "2017": 0,
    "2018": 0,
    "2019": 0,
    "2020": 0,
    "2021": 0,
    "2022": 0,
    "2023": 0,
    "2024": 0,
    "2025": 0,
    "2015-01": 0,
    "2015-02": 0,
    "2015-03": 0,
    "2015-04": 0,
    "2015-05": 0,
    "2015-06": 0,
    "2015-07": 0,
    "2015-08": 15,
    "2015-09": 0,
    "2015-10": 0,
    "2015-11": 0,
    "2015-12": 0,
    "2016-01": 0,
    "2016-02": 0,
    "2016-03": 0,
    "2016-04": 0,
    "2016-05": 0,
    "2016-06": 0,
    "2016-07": 0,
    "2016-08": 0,
    "2016-09": 0,
    "2016-10": 0,
    "2016-11": 0,
    "2016-12": 0,
    "2017-01": 0,
    "2017-02": 0,
    "2017-03": 0,
    "2017-04": 0,
    "2017-05": 0,
    "2017-06": 0,
    "2017-07": 0,
    "2017-08": 0,
    "2017-09": 0,
    "2017-10": 0,
    "2017-11": 0,
    "2017-12": 0,
    "2018-01": 0,
    "2018-02": 0,
    "2018-03": 0,
    "2018-04": 0,
    "2018-05": 0,
    "2018-06": 0,
    "2018-07": 0,
    "2018-08": 0,
    "2018-09": 0,
    "2018-10": 0,
    "2018-11": 0,
    "2018-12": 0,
    "2019-01": 0,
    "2019-02": 0,
    "2019-03": 0,
    "2019-04": 0,
    "2019-05": 0,
    "2019-06": 0,
    "2019-07": 0,
    "2019-08": 0,
    "2019-09": 0,
    "2019-10": 0,
    "2019-11": 0,
    "2019-12": 0,
    "2020-01": 0,
    "2020-02": 0,
    "2020-03": 0,
    "2020-04": 0,
    "2020-05": 0,
    "2020-06": 0,
    "2020-07": 0,
    "2020-08": 0,
    "2020-09": 0,
    "2020-10": 0,
    "2020-11": 0,
    "2020-12": 0,
    "2021-01": 0,
    "2021-02": 0,
    "2021-03": 0,
    "2021-04": 0,
    "2021-05": 0,
    "2021-06": 0,
    "2021-07": 0,
    "2021-08": 0,
    "2021-09": 0,
    "2021-10": 0,
    "2021-11": 0,
    "2021-12": 0,
    "2022-01": 0,
    "2022-02": 0,
    "2022-03": 0,
    "2022-04": 0,
    "2022-05": 0,
    "2022-06": 0,
    "2022-07": 0,
    "2022-08": 0,
    "2022-09": 0,
    "2022-10": 0,
    "2022-11": 0,
    "2022-12": 0,
    "2023-01": 0,
    "2023-02": 0,
    "2023-03": 0,
    "2023-04": 0,
    "2023-05": 0,
    "2023-06": 0,
    "2023-07": 0,
    "2023-08": 0,
    "2023-09": 3.5,
    "2023-10": 0,
    "2023-11": 0,
    "2023-12": 0,
    "2024-01": 0,
    "2024-02": 0,
    "2024-03": 0,
    "2024-04": 0,
    "2024-05": 0,
    "2024-06": 0,
    "2024-07": 0,
    "2024-08": 0,
    "2024-09": 0,
    "2024-10": 0,
    "2024-11": 0,
    "2024-12": 35.25,
    "2025-01": 0,
    "2025-02": 0,
    "2025-03": 0,
    "2025-04": 0,
    "2025-05": 0,
    "2025-06": 0,
    "2025-07": 0,
    "2025-08": 0,
    "2025-09": 0,
    "2025-10": 0,
    "2025-11": 7.5,
    "2025-12": 7.5,
    "2015Q1": 0,
    "2015Q2": 0,
    "2015Q3": 0,
    "2015Q4": 0,
    "2016Q1": 0,
    "2016Q2": 0,
    "2016Q3": 0,
    "2016Q4": 0,
    "2017Q1": 0,
    "2017Q2": 0,
    "2017Q3": 0,
    "2017Q4": 0,
    "2018Q1": 0,
    "2018Q2": 0,
    "2018Q3": 0,
    "2018Q4": 0,
    "2019Q1": 0,
    "2019Q2": 0,
    "2019Q3": 0,
    "2019Q4": 0,
    "2020Q1": 0,
    "2020Q2": 0,
    "2020Q3": 0,
    "2020Q4": 0,
    "2021Q1": 0,
    "2021Q2": 0,
    "2021Q3": 0,
    "2021Q4": 0,
    "2022Q1": 0,
    "2022Q2": 0,
    "2022Q3": 0,
    "2022Q4": 0,
    "2023Q1": 0,
    "2023Q2": 0,
    "2023Q3": 0,
    "2023Q4": 0,
    "2024Q1": 0,
    "2024Q2": 0,
    "2024Q3": 0,
    "2024Q4": 0,
    "2025Q1": 0,
    "2025Q2": 0,
    "2025Q3": 0,
    "2025Q4": 0
  },
  "quantile_2": {
    "2015": 0,
    "2016": 0,
    "2017": 0,
    "2018": 0,
    "2019": 0,
    "2020": 0,
    "2021": 0,
    "2022": 0,
    "2023": 0,
    "2024": 0,
    "2025": 0,
    "2015-01": 0,
    "2015-02": 0,
    "2015-03": 0,
    "2015-04": 0,
    "2015-05": 0,
    "2015-06": 0,
    "2015-07": 0,
    "2015-08": 43,
    "2015-09": 0,
    "2015-10": 3,
    "2015-11": 0,
    "2015-12": 0,
    "2016-01": 0,
    "2016-02": 0,
    "2016-03": 0,
    "2016-04": 0,
    "2016-05": 0,
    "2016-06": 0,
    "2016-07": 0,
    "2016-08": 0,
    "2016-09": 0,
    "2016-10": 0,
    "2016-11": 0,
    "2016-12": 0,
    "2017-01": 0,
    "2017-02": 0,
    "2017-03": 0,
    "2017-04": 0,
    "2017-05": 0,
    "2017-06": 0,
    "2017-07": 0,
    "2017-08": 0,
    "2017-09": 2,
    "2017-10": 0,
    "2017-11": 0,
    "2017-12": 0,
    "2018-01": 0,
    "2018-02": 0,
    "2018-03": 0,
    "2018-04": 0,
    "2018-05": 0,
    "2018-06": 0,
    "2018-07": 0,
    "2018-08": 0,
    "2018-09": 0,
    "2018-10": 0,
    "2018-11": 1,
    "2018-12": 10,
    "2019-01": 0,
    "2019-02": 0,
    "2019-03": 1,
    "2019-04": 21,
    "2019-05": 0,
    "2019-06": 0,
    "2019-07": 0,
    "2019-08": 0,
    "2019-09": 0,
    "2019-10": 0,
    "2019-11": 0,
    "2019-12": 0.5,
    "2020-01": 20,
    "2020-02": 0,
    "2020-03": 0,
    "2020-04": 0,
    "2020-05": 0,
    "2020-06": 0,
    "2020-07": 0,
    "2020-08": 0,
    "2020-09": 0,
    "2020-10": 0,
    "2020-11": 0,
    "2020-12": 0,
    "2021-01": 0,
    "2021-02": 0,
    "2021-03": 0,
    "2021-04": 0,
    "2021-05": 0,
    "2021-06": 0,
    "2021-07": 0,
    "2021-08": 0,
    "2021-09": 0,
    "2021-10": 0,
    "2021-11": 0,
    "2021-12": 0,
    "2022-01": 1.5,
    "2022-02": 0,
    "2022-03": 0,
    "2022-04": 0,
    "2022-05": 2,
    "2022-06": 0,
    "2022-07": 0,
    "2022-08": 0,
    "2022-09": 0,
    "2022-10": 1,
    "2022-11": 0,
    "2022-12": 0,
    "2023-01": 0,
    "2023-02": 0,
    "2023-03": 0,
    "2023-04": 0,
    "2023-05": 0,
    "2023-06": 0,
    "2023-07": 0,
    "2023-08": 0,
    "2023-09": 5,
    "2023-10": 0,
    "2023-11": 0,
    "2023-12": 0,
    "2024-01": 3,
    "2024-02": 0,
    "2024-03": 0,
    "2024-04": 0,
    "2024-05": 0,
    "2024-06": 0,
    "2024-07": 0.5,
    "2024-08": 0,
    "2024-09": 0,
    "2024-10": 0,
    "2024-11": 0,
    "2024-12": 55.5,
    "2025-01": 0,
    "2025-02": 0,
    "2025-03": 0,
    "2025-04": 0,
    "2025-05": 0,
    "2025-06": 7.5,
    "2025-07": 0,
    "2025-08": 7.5,
    "2025-09": 0,
    "2025-10": 7.5,
    "2025-11": 15,
    "2025-12": 15,
    "2015Q1": 0,
    "2015Q2": 0,
    "2015Q3": 0,
    "2015Q4": 0,
    "2016Q1": 0,
    "2016Q2": 0,
    "2016Q3": 0,
    "2016Q4": 0,
    "2017Q1": 0,
    "2017Q2": 0,
    "2017Q3": 0,
    "2017Q4": 0,
    "2018Q1": 0,
    "2018Q2": 0,
    "2018Q3": 0,
    "2018Q4": 1,
    "2019Q1": 0,
    "2019Q2": 0,
    "2019Q3": 0,
    "2019Q4": 0,
    "2020Q1": 0,
    "2020Q2": 0,
    "2020Q3": 0,
    "2020Q4": 0,
    "2021Q1": 0,
    "2021Q2": 0,
    "2021Q3": 0,
    "2021Q4": 0,
    "2022Q1": 0,
    "2022Q2": 0,
    "2022Q3": 0,
    "2022Q4": 0,
    "2023Q1": 0,
    "2023Q2": 0,
    "2023Q3": 0,
    "2023Q4": 0,
    "2024Q1": 0,
    "2024Q2": 0,
    "2024Q3": 0,
    "2024Q4": 0,
    "2025Q1": 0,
    "2025Q2": 0,
    "2025Q3": 0,
    "2025Q4": 15
  },
  "quantile_3": {
    "2015": 2,
    "2016": 0,
    "2017": 0,
    "2018": 1,
    "2019": 1,
    "2020": 1,
    "2021": 0,
    "2022": 1,
    "2023": 0,
    "2024": 0.5,
    "2025": 15,
    "2015-01": 0,
    "2015-02": 6.5,
    "2015-03": 1.5,
    "2015-04": 1.75,
    "2015-05": 2.5,
    "2015-06": 1,
    "2015-07": 1,
    "2015-08": 65,
    "2015-09": 3.75,
    "2015-10": 10.5,
    "2015-11": 0,
    "2015-12": 0,
    "2016-01": 0,
    "2016-02": 0,
    "2016-03": 0,
    "2016-04": 0,
    "2016-05": 0,
    "2016-06": 1,
    "2016-07": 19.25,
    "2016-08": 1,
    "2016-09": 0,
    "2016-10": 0.25,
    "2016-11": 0.25,
    "2016-12": 0,
    "2017-01": 0.5,
    "2017-02": 0,
    "2017-03": 1.5,
    "2017-04": 0,
    "2017-05": 0,
    "2017-06": 0,
    "2017-07": 0.5,
    "2017-08": 3,
    "2017-09": 4.75,
    "2017-10": 1.5,
    "2017-11": 0,
    "2017-12": 1,
    "2018-01": 0,
    "2018-02": 0,
    "2018-03": 0.5,
    "2018-04": 0,
    "2018-05": 0.5,
    "2018-06": 7.5,
    "2018-07": 15,
    "2018-08": 4,
    "2018-09": 5.25,
    "2018-10": 70.5,
    "2018-11": 6,
    "2018-12": 16,
    "2019-01": 0,
    "2019-02": 84,
    "2019-03": 31,
    "2019-04": 34.5,
    "2019-05": 1,
    "2019-06": 0.25,
    "2019-07": 0,
    "2019-08": 0,
    "2019-09": 1,
    "2019-10": 1.75,
    "2019-11": 1.75,
    "2019-12": 12.5,
    "2020-01": 38,
    "2020-02": 0,
    "2020-03": 15,
    "2020-04": 0.5,
    "2020-05": 4,
    "2020-06": 1,
    "2020-07": 1.5,
    "2020-08": 9.75,
    "2020-09": 0.75,
    "2020-10": 0,
    "2020-11": 0,
    "2020-12": 0,
    "2021-01": 1,
    "2021-02": 0,
    "2021-03": 0.5,
    "2021-04": 1,
    "2021-05": 0,
    "2021-06": 0.25,
    "2021-07": 14.25,
    "2021-08": 0.25,
    "2021-09": 0,
    "2021-10": 0,
    "2021-11": 1,
    "2021-12": 0,
    "2022-01": 14.5,
    "2022-02": 0.5,
    "2022-03": 0,
    "2022-04": 0,
    "2022-05": 12.75,
    "2022-06": 0,
    "2022-07": 0,
    "2022-08": 0,
    "2022-09": 0.5,
    "2022-10": 4.75,
    "2022-11": 0.25,
    "2022-12": 1,
    "2023-01": 2,
    "2023-02": 0,
    "2023-03": 1.25,
    "2023-04": 0,
    "2023-05": 0,
    "2023-06": 7.5,
    "2023-07": 0,
    "2023-08": 0,
    "2023-09": 9.5,
    "2023-10": 0,
    "2023-11": 0,
    "2023-12": 2,
    "2024-01": 9.5,
    "2024-02": 0,
    "2024-03": 0.5,
    "2024-04": 0,
    "2024-05": 0,
    "2024-06": 0,
    "2024-07": 1.75,
    "2024-08": 0,
    "2024-09": 4.75,
    "2024-10": 1,
    "2024-11": 0,
    "2024-12": 75.75,
    "2025-01": 58,
    "2025-02": 0,
    "2025-03": 0,
    "2025-04": 0.5,
    "2025-05": 0.25,
    "2025-06": 15,
    "2025-07": 15,
    "2025-08": 15,
    "2025-09": 11,
    "2025-10": 15,
    "2025-11": 15,
    "2025-12": 15,
    "2015Q1": 1,
    "2015Q2": 1,
    "2015Q3": 13,
    "2015Q4": 0.75,
    "2016Q1": 0,
    "2016Q2": 1,
    "2016Q3": 1,
    "2016Q4": 0,
    "2017Q1": 0,
    "2017Q2": 0,
    "2017Q3": 2.75,
    "2017Q4": 1,
    "2018Q1": 0,
    "2018Q2": 0,
    "2018Q3": 10.5,
    "2018Q4": 15.5,
    "2019Q1": 2.5,
    "2019Q2": 1,
    "2019Q3": 0,
    "2019Q4": 1.75,
    "2020Q1": 4,
    "2020Q2": 1,
    "2020Q3": 1.5,
    "2020Q4": 0,
    "2021Q1": 1,
    "2021Q2": 0,
    "2021Q3": 0,
    "2021Q4": 0,
    "2022Q1": 2.75,
    "2022Q2": 1.5,
    "2022Q3": 0,
    "2022Q4": 1.25,
    "2023Q1": 0,
    "2023Q2": 0,
    "2023Q3": 0,
    "2023Q4": 0,
    "2024Q1": 2,
    "2024Q2": 0,
    "2024Q3": 1,
    "2024Q4": 1,
    "2025Q1": 0,
    "2025Q2": 1,
    "2025Q3": 15,
    "2025Q4": 15
  },
  "quantile_4": {
    "2015": 304,
    "2016": 320,
    "2017": 135,
    "2018": 184,
    "2019": 167,
    "2020": 77,
    "2021": 160,
    "2022": 34,
    "2023": 130,
    "2024": 122,
    "2025": 63,
    "2015-01": 60,
    "2015-02": 121,
    "2015-03": 304,
    "2015-04": 226,
    "2015-05": 283,
    "2015-06": 25,
    "2015-07": 11,
    "2015-08": 159,
    "2015-09": 15,
    "2015-10": 104,
    "2015-11": 15,
    "2015-12": 41,
    "2016-01": 15,
    "2016-02": 14,
    "2016-03": 15,
    "2016-04": 1,
    "2016-05": 4,
    "2016-06": 320,
    "2016-07": 311,
    "2016-08": 20,
    "2016-09": 48,
    "2016-10": 196,
    "2016-11": 195,
    "2016-12": 1,
    "2017-01": 135,
    "2017-02": 53,
    "2017-03": 53,
    "2017-04": 2,
    "2017-05": 1,
    "2017-06": 3,
    "2017-07": 14,
    "2017-08": 51,
    "2017-09": 30,
    "2017-10": 11,
    "2017-11": 1,
    "2017-12": 20,
    "2018-01": 1,
    "2018-02": 3,
    "2018-03": 1,
    "2018-04": 15,
    "2018-05": 37,
    "2018-06": 15,
    "2018-07": 184,
    "2018-08": 8,
    "2018-09": 110,
    "2018-10": 100,
    "2018-11": 44,
    "2018-12": 36,
    "2019-01": 167,
    "2019-02": 93,
    "2019-03": 68,
    "2019-04": 43,
    "2019-05": 12,
    "2019-06": 10,
    "2019-07": 4,
    "2019-08": 26,
    "2019-09": 17,
    "2019-10": 110,
    "2019-11": 81,
    "2019-12": 47,
    "2020-01": 39,
    "2020-02": 13,
    "2020-03": 28,
    "2020-04": 77,
    "2020-05": 49,
    "2020-06": 28,
    "2020-07": 11,
    "2020-08": 74,
    "2020-09": 63,
    "2020-10": 15,
    "2020-11": 1,
    "2020-12": 0,
    "2021-01": 3,
    "2021-02": 2,
    "2021-03": 47,
    "2021-04": 160,
    "2021-05": 15,
    "2021-06": 39,
    "2021-07": 91,
    "2021-08": 32,
    "2021-09": 25,
    "2021-10": 0,
    "2021-11": 33,
    "2021-12": 14,
    "2022-01": 34,
    "2022-02": 15,
    "2022-03": 15,
    "2022-04": 15,
    "2022-05": 21,
    "2022-06": 15,
    "2022-07": 15,
    "2022-08": 15,
    "2022-09": 2,
    "2022-10": 15,
    "2022-11": 15,
    "2022-12": 9,
    "2023-01": 15,
    "2023-02": 15,
    "2023-03": 9,
    "2023-04": 15,
    "2023-05": 96,
    "2023-06": 15,
    "2023-07": 15,
    "2023-08": 8,
    "2023-09": 14,
    "2023-10": 130,
    "2023-11": 19,
    "2023-12": 8,
    "2024-01": 16,
    "2024-02": 0,
    "2024-03": 2,
    "2024-04": 40,
    "2024-05": 4,
    "2024-06": 1,
    "2024-07": 106,
    "2024-08": 0,
    "2024-09": 60,
    "2024-10": 3,
    "2024-11": 122,
    "2024-12": 96,
    "2025-01": 63,
    "2025-02": 0,
    "2025-03": 15,
    "2025-04": 5,
    "2025-05": 15,
    "2025-06": 15,
    "2025-07": 15,
    "2025-08": 15,
    "2025-09": 15,
    "2025-10": 15,
    "2025-11": 15,
    "2025-12": 15,
    "2015Q1": 304,
    "2015Q2": 283,
    "2015Q3": 159,
    "2015Q4": 104,
    "2016Q1": 15,
    "2016Q2": 320,
    "2016Q3": 311,
    "2016Q4": 196,
    "2017Q1": 135,
    "2017Q2": 3,
    "2017Q3": 51,
    "2017Q4": 20,
    "2018Q1": 3,
    "2018Q2": 37,
    "2018Q3": 184,
    "2018Q4": 100,
    "2019Q1": 167,
    "2019Q2": 43,
    "2019Q3": 26,
    "2019Q4": 110,
    "2020Q1": 39,
    "2020Q2": 77,
    "2020Q3": 74,
    "2020Q4": 15,
    "2021Q1": 47,
    "2021Q2": 160,
    "2021Q3": 91,
    "2021Q4": 33,
    "2022Q1": 34,
    "2022Q2": 21,
    "2022Q3": 15,
    "2022Q4": 15,
    "2023Q1": 15,
    "2023Q2": 96,
    "2023Q3": 15,
    "2023Q4": 130,
    "2024Q1": 16,
    "2024Q2": 40,
    "2024Q3": 106,
    "2024Q4": 122,
    "2025Q1": 63,
    "2025Q2": 15,
    "2025Q3": 15,
    "2025Q4": 15
  }
}