[
  {
    "name": "dev-devops-platform-0",
    "commits": 48,
    "issues_active": 19,
    "response_speed": 52
  },
  {
    "name": "dev-devops-platform-1",
    "commits": 1,
    "issues_active": 8,
    "response_speed": 57
  },
  {
    "name": "dev-devops-platform-2",
    "commits": 3,
    "issues_active": 5,
    "response_speed": 40
  },
  {
    "name": "dev-devops-platform-3",
    "commits": 16,
    "issues_active": 12,
    "response_speed": 65
  },
  {
    "name": "dev-devops-platform-4",
    "commits": 11,
    "issues_active": 5,
    "response_speed": 15
  },
  {
    "name": "dev-devops-platform-5",
    "commits": 21,
    "issues_active": 20,
    "response_speed": 6
  },
  {
    "name": "dev-devops-platform-6",
    "commits": 13,
    "issues_active": 14,
    "response_speed": 25
  },
  {
    "name": "dev-devops-platform-7",
    "commits": 31,
    "issues_active": 5,
    "response_speed": 7
  }
]