{
  "avg": {
    "2020": 213.33,
    "2021": 578.33,
    "2022": 943.33,
    "2023": 1308.33,
    "2024": 1674.33,
    "2025": 2039.33,
    "2020-04": 4,
    "2020-05": 30.67,
    "2020-06": 49.25,
    "2020-07": 60.33,
    "2020-08": 91.33,
    "2020-09": 121.33,
    "2020-10": 152.33,
    "2020-11": 182.33,
    "2020-12": 213.33,
    "2021-01": 244.33,
    "2021-02": 272.33,
    "2021-03": 303.33,
    "2021-04": 333.33,
    "2021-05": 364.33,
    "2021-06": 394.33,
    "2021-07": 425.33,
    "2021-08": 456.33,
    "2021-09": 486.33,
    "2021-10": 517.33,
    "2021-11": 547.33,
    "2021-12": 578.33,
    "2022-01": 609.33,
    "2022-02": 637.33,
    "2022-03": 668.33,
    "2022-04": 698.33,
    "2022-05": 729.33,
    "2022-06": 759.33,
    "2022-07": 790.33,
    "2022-08": 821.33,
    "2022-09": 851.33,
    "2022-10": 882.33,
    "2022-11": 912.33,
    "2022-12": 943.33,
    "2023-01": 974.33,
    "2023-02": 1002.33,
    "2023-03": 1033.33,
    "2023-04": 1063.33,
    "2023-05": 1094.33,
    "2023-06": 1124.33,
    "2023-07": 1155.33,
    "2023-08": 1186.33,
    "2023-09": 1216.33,
    "2023-10": 1247.33,
    "2023-11": 1277.33,
    "2023-12": 1308.33,
    "2024-01": 1339.33,
    "2024-02": 1368.33,
    "2024-03": 1399.33,
    "2024-04": 1429.33,
    "2024-05": 1460.33,
    "2024-06": 1490.33,
    "2024-07": 1521.33,
    "2024-08": 1552.33,
    "2024-09": 1582.33,
    "2024-10": 1613.33,
    "2024-11": 1643.33,
    "2024-12": 1674.33,
    "2025-01": 1705.33,
    "2025-02": 1733.33,
    "2025-03": 1764.33,
    "2025-04": 1794.33,
    "2025-05": 1825.33,
    "2025-06": 1855.33,
    "2025-07": 1886.33,
    "2025-08": 1917.33,
    "2025-09": 1947.33,
    "2025-10": 1978.33,
    "2025-11": 2008.33,
    "2025-12": 2039.33,
    "2020Q2": 49.25,
    "2020Q3": 121.33,
    "2020Q4": 213.33,
    "2021Q1": 303.33,
    "2021Q2": 394.33,
    "2021Q3": 486.33,
    "2021Q4": 578.33,
    "2022Q1": 668.33,
    "2022Q2": 759.33,
    "2022Q3": 851.33,
    "2022Q4": 943.33,
    "2023Q1": 1033.33,
    "2023Q2": 1124.33,
    "2023Q3": 1216.33,
    "2023Q4": 1308.33,
    "2024Q1": 1399.33,
    "2024Q2": 1490.33,
    "2024Q3": 1582.33,
    "2024Q4": 1674.33,
    "2025Q1": 1764.33,
    "2025Q2": 1855.33,
    "2025Q3": 1947.33,
    "2025Q4": 2039.33
  },
  "levels": {
    "2020": [
      0,
      0,
      0,
      6
    ],
    "2021": [
      0,
      0,
      0,
      6
    ],
    "2022": [
      0,
      0,
      0,
      6
    ],
    "2023": [
      0,
      0,
      0,
      6
    ],
    "2024": [
      0,
      0,
      0,
      6
    ],
    "2025": [
      0,
      0,
      0,
      6
    ],
    "2020-04": [
      1,
      0,
      0,
      0
    ],
    "2020-05": [
      0,
      2,
      1,
      0
    ],
    "2020-06": [
      1,
      0,
      2,
      1
    ],
    "2020-07": [
      0,
      2,
      1,
      3
    ],
    "2020-08": [
      0,
      0,
      2,
      4
    ],
    "2020-09": [
      0,
      0,
      0,
      6
    ],
    "2020-10": [
      0,
      0,
      0,
      6
    ],
    "2020-11": [
      0,
      0,
      0,
      6
    ],
    "2020-12": [
      0,
      0,
      0,
      6
    ],
    "2021-01": [
      0,
      0,
      0,
      6
    ],
    "2021-02": [
      0,
      0,
      0,
      6
    ],
    "2021-03": [
      0,
      0,
      0,
      6
    ],
    "2021-04": [
      0,
      0,
      0,
      6
    ],
    "2021-05": [
      0,
      0,
      0,
      6
    ],
    "2021-06": [
      0,
      0,
      0,
      6
    ],
    "2021-07": [
      0,
      0,
      0,
      6
    ],
    "2021-08": [
      0,
      0,
      0,
      6
    ],
    "2021-09": [
      0,
      0,
      0,
      6
    ],
    "2021-10": [
      0,
      0,
      0,
      6
    ],
    "2021-11": [
      0,
      0,
      0,
      6
    ],
    "2021-12": [
      0,
      0,
      0,
      6
    ],
    "2022-01": [
      0,
      0,
      0,
      6
    ],
    "2022-02": [
      0,
      0,
      0,
      6
    ],
    "2022-03": [
      0,
      0,
      0,
      6
    ],
    "2022-04": [
      0,
      0,
      0,
      6
    ],
    "2022-05": [
      0,
      0,
      0,
      6
    ],
    "2022-06": [
      0,
      0,
      0,
      6
    ],
    "2022-07": [
      0,
      0,
      0,
      6
    ],
    "2022-08": [
      0,
      0,
      0,
      6
    ],
    "2022-09": [
      0,
      0,
      0,
      6
    ],
    "2022-10": [
      0,
      0,
      0,
      6
    ],
    "2022-11": [
      0,
      0,
      0,
      6
    ],
    "2022-12": [
      0,
      0,
      0,
      6
    ],
    "2023-01": [
      0,
      0,
      0,
      6
    ],
    "2023-02": [
      0,
      0,
      0,
      6
    ],
    "2023-03": [
      0,
      0,
      0,
      6
    ],
    "2023-04": [
      0,
      0,
      0,
      6
    ],
    "2023-05": [
      0,
      0,
      0,
      6
    ],
    "2023-06": [
      0,
      0,
      0,
      6
    ],
    "2023-07": [
      0,
      0,
      0,
      6
    ],
    "2023-08": [
      0,
      0,
      0,
      6
    ],
    "2023-09": [
      0,
      0,
      0,
      6
    ],
    "2023-10": [
      0,
      0,
      0,
      6
    ],
    "2023-11": [
      0,
      0,
      0,
      6
    ],
    "2023-12": [
      0,
      0,
      0,
      6
    ],
    "2024-01": [
      0,
      0,
      0,
      6
    ],
    "2024-02": [
      0,
      0,
      0,
      6
    ],
    "2024-03": [
      0,
      0,
      0,
      6
    ],
    "2024-04": [
      0,
      0,
      0,
      6
    ],
    "2024-05": [
      0,
      0,
      0,
      6
    ],
    "2024-06": [
      0,
      0,
      0,
      6
    ],
    "2024-07": [
      0,
      0,
      0,
      6
    ],
    "2024-08": [
      0,
      0,
      0,
      6
    ],
    "2024-09": [
      0,
      0,
      0,
      6
    ],
    "2024-10": [
      0,
      0,
      0,
      6
    ],
    "2024-11": [
      0,
      0,
      0,
      6
    ],
    "2024-12": [
      0,
      0,
      0,
      6
    ],
    "2025-01": [
      0,
      0,
      0,
      6
    ],
    "2025-02": [
      0,
      0,
      0,
      6
    ],
    "2025-03": [
      0,
      0,
      0,
      6
    ],
    "2025-04": [
      0,
      0,
      0,
      6
    ],
    "2025-05": [
      0,
      0,
      0,
      6
    ],
    "2025-06": [
      0,
      0,
      0,
      6
    ],
    "2025-07": [
      0,
      0,
      0,
      6
    ],
    "2025-08": [
      0,
      0,
      0,
      6
    ],
    "2025-09": [
      0,
      0,
      0,
      6
    ],
    "2025-10": [
      0,
      0,
      0,
      6
    ],
    "2025-11": [
      0,
      0,
      0,
      6
    ],
    "2025-12": [
      0,
      0,
      0,
      6
    ],
    "2020Q2": [
      1,
      0,
      2,
      1
    ],
    "2020Q3": [
      0,
      0,
      0,
      6
    ],
    "2020Q4": [
      0,
      0,
      0,
      6
    ],
    "2021Q1": [
      0,
      0,
      0,
      6
    ],
    "2021Q2": [
      0,
      0,
      0,
      6
    ],
    "2021Q3": [
      0,
      0,
      0,
      6
    ],
    "2021Q4": [
      0,
      0,
      0,
      6
    ],
    "2022Q1": [
      0,
      0,
      0,
      6
    ],
    "2022Q2": [
      0,
      0,
      0,
      6
    ],
    "2022Q3": [
      0,
      0,
      0,
      6
    ],
    "2022Q4": [
      0,
      0,
      0,
      6
    ],
    "2023Q1": [
      0,
      0,
      0,
      6
    ],
    "2023Q2": [
      0,
      0,
      0,
      6
    ],
    "2023Q3": [
      0,
      0,
      0,
      6
    ],
    "2023Q4": [
      0,
      0,
      0,
      6
    ],
    "2024Q1": [
      0,
      0,
      0,
      6
    ],
    "2024Q2": [
      0,
      0,
      0,
      6
    ],
    "2024Q3": [
      0,
      0,
      0,
      6
    ],
    "2024Q4": [
      0,
      0,
      0,
      6
    ],
    "2025Q1": [
      0,
      0,
      0,
      6
    ],
    "2025Q2": [
      0,
      0,
      0,
      6
    ],
    "2025Q3": [
      0,
      0,
      0,
      6
    ],
    "2025Q4": [
      0,
      0,
      0,
      6
    ]
  },
  "quantile_0": {
    "2020": 170,
    "2021": 535,
    "2022": 900,
    "2023": 1265,
    "2024": 1631,
    "2025": 1996,
    "2020-04": 4,
    "2020-05": 28,
    "2020-06": 15,
    "2020-07": 17,
    "2020-08": 48,
    "2020-09": 78,
    "2020-10": 109,
    "2020-11": 139,
    "2020-12": 170,
    "2021-01": 201,
    "2021-02": 229,
    "2021-03": 260,
    "2021-04": 290,
    "2021-05": 321,
    "2021-06": 351,
    "2021-07": 382,
    "2021-08": 413,
    "2021-09": 443,
    "2021-10": 474,
    "2021-11": 504,
    "2021-12": 535,
    "2022-01": 566,
    "2022-02": 594,
    "2022-03": 625,
    "2022-04": 655,
    "2022-05": 686,
    "2022-06": 716,
    "2022-07": 747,
    "2022-08": 778,
    "2022-09": 808,
    "2022-10": 839,
    "2022-11": 869,
    "2022-12": 900,
    "2023-01": 931,
    "2023-02": 959,
    "2023-03": 990,
    "2023-04": 1020,
    "2023-05": 1051,
    "2023-06": 1081,
    "2023-07": 1112,
    "2023-08": 1143,
    "2023-09": 1173,
    "2023-10": 1204,
    "2023-11": 1234,
    "2023-12": 1265,
    "2024-01": 1296,
    "2024-02": 1325,
    "2024-03": 1356,
    "2024-04": 1386,
    "2024-05": 1417,
    "2024-06": 1447,
    "2024-07": 1478,
    "2024-08": 1509,
    "2024-09": 1539,
    "2024-10": 1570,
    "2024-11": 1600,
    "2024-12": 1631,
    "2025-01": 1662,
    "2025-02": 1690,
    "2025-03": 1721,
    "2025-04": 1751,
    "2025-05": 1782,
    "2025-06": 1812,
    "2025-07": 1843,
    "2025-08": 1874,
    "2025-09": 1904,
    "2025-10": 1935,
    "2025-11": 1965,
    "2025-12": 1996,
    "2020Q2": 15,
    "2020Q3": 78,
    "2020Q4": 170,
    "2021Q1": 260,
    "2021Q2": 351,
    "2021Q3": 443,
    "2021Q4": 535,
    "2022Q1": 625,
    "2022Q2": 716,
    "2022Q3": 808,
    "2022Q4": 900,
    "2023Q1": 990,
    "2023Q2": 1081,
    "2023Q3": 1173,
    "2023Q4": 1265,
    "2024Q1": 1356,
    "2024Q2": 1447,
    "2024Q3": 1539,
    "2024Q4": 1631,
    "2025Q1": 1721,
    "2025Q2": 1812,
    "2025Q3": 1904,
    "2025Q4": 1996
  },
  "quantile_1": {
    "2020": 182.5,
    "2021": 547.5,
    "2022": 912.5,
    "2023": 1277.5,
    "2024": 1643.5,
    "2025": 2008.5,
    "2020-04": 4,
    "2020-05": 28.5,
    "2020-06": 47.25,
    "2020-07": 29.5,
    "2020-08": 60.5,
    "2020-09": 90.5,
    "2020-10": 121.5,
    "2020-11": 151.5,
    "2020-12": 182.5,
    "2021-01": 213.5,
    "2021-02": 241.5,
    "2021-03": 272.5,
    "2021-04": 302.5,
    "2021-05": 333.5,
    "2021-06": 363.5,
    "2021-07": 394.5,
    "2021-08": 425.5,
    "2021-09": 455.5,
    "2021-10": 486.5,
    "2021-11": 516.5,
    "2021-12": 547.5,
    "2022-01": 578.5,
    "2022-02": 606.5,
    "2022-03": 637.5,
    "2022-04": 667.5,
    "2022-05": 698.5,
    "2022-06": 728.5,
    "2022-07": 759.5,
    "2022-08": 790.5,
    "2022-09": 820.5,
    "2022-10": 851.5,
    "2022-11": 881.5,
    "2022-12": 912.5,
    "2023-01": 943.5,
    "2023-02": 971.5,
    "2023-03": 1002.5,
    "2023-04": 1032.5,
    "2023-05": 1063.5,
    "2023-06": 1093.5,
    "2023-07": 1124.5,
    "2023-08": 1155.5,
    "2023-09": 1185.5,
    "2023-10": 1216.5,
    "2023-11": 1246.5,
    "2023-12": 1277.5,
    "2024-01": 1308.5,
    "2024-02": 1337.5,
    "2024-03": 1368.5,
    "2024-04": 1398.5,
    "2024-05": 1429.5,
    "2024-06": 1459.5,
    "2024-07": 1490.5,
    "2024-08": 1521.5,
    "2024-09": 1551.5,
    "2024-10": 1582.5,
    "2024-11": 1612.5,
    "2024-12": 1643.5,
    "2025-01": 1674.5,
    "2025-02": 1702.5,
    "2025-03": 1733.5,
    "2025-04": 1763.5,
    "2025-05": 1794.5,
    "2025-06": 1824.5,
    "2025-07": 1855.5,
    "2025-08": 1886.5,
    "2025-09": 1916.5,
    "2025-10": 1947.5,
    "2025-11": 1977.5,
    "2025-12": 2008.5,
    "2020Q2": 47.25,
    "2020Q3": 90.5,
    "2020Q4": 182.5,
    "2021Q1": 272.5,
    "2021Q2": 363.5,
    "2021Q3": 455.5,
    "2021Q4": 547.5,
    "2022Q1": 637.5,
    "2022Q2": 728.5,
    "2022Q3": 820.5,
    "2022Q4": 912.5,
    "2023Q1": 1002.5,
    "2023Q2": 1093.5,
    "2023Q3": 1185.5,
    "2023Q4": 1277.5,
    "2024Q1": 1368.5,
    "2024Q2": 1459.5,
    "2024Q3": 1551.5,
    "2024Q4": 1643.5,
    "2025Q1": 1733.5,
    "2025Q2": 1824.5,
    "2025Q3": 1916.5,
    "2025Q4": 2008.5
  },
  "quantile_2": {
    "2020": 220.5,
    "2021": 585.5,
    "2022": 950.5,
    "2023": 1315.5,
    "2024": 1681.5,
    "2025": 2046.5,
    "2020-04": 4,
    "2020-05": 29,
    "2020-06": 58.5,
    "2020-07": 67.5,
    "2020-08": 98.5,
    "2020-09": 128.5,
    "2020-10": 159.5,
    "2020-11": 189.5,
    "2020-12": 220.5,
    "2021-01": 251.5,
    "2021-02": 279.5,
    "2021-03": 310.5,
    "2021-04": 340.5,
    "2021-05": 371.5,
    "2021-06": 401.5,
    "2021-07": 432.5,
    "2021-08": 463.5,
    "2021-09": 493.5,
    "2021-10": 524.5,
    "2021-11": 554.5,
    "2021-12": 585.5,
    "2022-01": 616.5,
    "2022-02": 644.5,
    "2022-03": 675.5,
    "2022-04": 705.5,
    "2022-05": 736.5,
    "2022-06": 766.5,
    "2022-07": 797.5,
    "2022-08": 828.5,
    "2022-09": 858.5,
    "2022-10": 889.5,
    "2022-11": 919.5,
    "2022-12": 950.5,
    "2023-01": 981.5,
    "2023-02": 1009.5,
    "2023-03": 1040.5,
    "2023-04": 1070.5,
    "2023-05": 1101.5,
    "2023-06": 1131.5,
    "2023-07": 1162.5,
    "2023-08": 1193.5,
    "2023-09": 1223.5,
    "2023-10": 1254.5,
    "2023-11": 1284.5,
    "2023-12": 1315.5,
    "2024-01": 1346.5,
    "2024-02": 1375.5,
    "2024-03": 1406.5,
    "2024-04": 1436.5,
    "2024-05": 1467.5,
    "2024-06": 1497.5,
    "2024-07": 1528.5,
    "2024-08": 1559.5,
    "2024-09": 1589.5,
    "2024-10": 1620.5,
    "2024-11": 1650.5,
    "2024-12": 1681.5,
    "2025-01": 1712.5,
    "2025-02": 1740.5,
    "2025-03": 1771.5,
    "2025-04": 1801.5,
    "2025-05": 1832.5,
    "2025-06": 1862.5,
    "2025-07": 1893.5,
    "2025-08": 1924.5,
    "2025-09": 1954.5,
    "2025-10": 1985.5,
    "2025-11": 2015.5,
    "2025-12": 2046.5,
    "2020Q2": 58.5,
    "2020Q3": 128.5,
    "2020Q4": 220.5,
    "2021Q1": 310.5,
    "2021Q2": 401.5,
    "2021Q3": 493.5,
    "2021Q4": 585.5,
    "2022Q1": 675.5,
    "2022Q2": 766.5,
    "2022Q3": 858.5,
    "2022Q4": 950.5,
    "2023Q1": 1040.5,
    "2023Q2": 1131.5,
    "2023Q3": 1223.5,
    "2023Q4": 1315.5,
    "2024Q1": 1406.5,
    "2024Q2": 1497.5,
    "2024Q3": 1589.5,
    "2024Q4": 1681.5,
    "2025Q1": 1771.5,
    "2025Q2": 1862.5,
    "2025Q3": 1954.5,
    "2025Q4": 2046.5
  },
  "quantile_3": {
    "2020": 242.75,
    "2021": 607.75,
    "2022": 972.75,
    "2023": 1337.75,
    "2024": 1703.75,
    "2025": 2068.75,
    "2020-04": 4,
    "2020-05": 32,
    "2020-06": 60.5,
    "2020-07": 89.75,
    "2020-08": 120.75,
    "2020-09": 150.75,
    "2020-10": 181.75,
    "2020-11": 211.75,
    "2020-12": 242.75,
    "2021-01": 273.75,
    "2021-02": 301.75,
    "2021-03": 332.75,
    "2021-04": 362.75,
    "2021-05": 393.75,
    "2021-06": 423.75,
    "2021-07": 454.75,
    "2021-08": 485.75,
    "2021-09": 515.75,
    "2021-10": 546.75,
    "2021-11": 576.75,
    "2021-12": 607.75,
    "2022-01": 638.75,
    "2022-02": 666.75,
    "2022-03": 697.75,
    "2022-04": 727.75,
    "2022-05": 758.75,
    "2022-06": 788.75,
    "2022-07": 819.75,
    "2022-08": 850.75,
    "2022-09": 880.75,
    "2022-10": 911.75,
    "2022-11": 941.75,
    "2022-12": 972.75,
    "2023-01": 1003.75,
    "2023-02": 1031.75,
    "2023-03": 1062.75,
    "2023-04": 1092.75,
    "2023-05": 1123.75,
    "2023-06": 1153.75,
    "2023-07": 1184.75,
    "2023-08": 1215.75,
    "2023-09": 1245.75,
    "2023-10": 1276.75,
    "2023-11": 1306.75,
    "2023-12": 1337.75,
    "2024-01": 1368.75,
    "2024-02": 1397.75,
    "2024-03": 1428.75,
    "2024-04": 1458.75,
    "2024-05": 1489.75,
    "2024-06": 1519.75,
    "2024-07": 1550.75,
    "2024-08": 1581.75,
    "2024-09": 1611.75,
    "2024-10": 1642.75,
    "2024-11": 1672.75,
    "2024-12": 1703.75,
    "2025-01": 1734.75,
    "2025-02": 1762.75,
    "2025-03": 1793.75,
    "2025-04": 1823.75,
    "2025-05": 1854.75,
    "2025-06": 1884.75,
    "2025-07": 1915.75,
    "2025-08": 1946.75,
    "2025-09": 1976.75,
    "2025-10": 2007.75,
    "2025-11": 2037.75,
    "2025-12": 2068.75,
    "2020Q2": 60.5,
    "2020Q3": 150.75,
    "2020Q4": 242.75,
    "2021Q1": 332.75,
    "2021Q2": 423.75,
    "2021Q3": 515.75,
    "2021Q4": 607.75,
    "2022Q1": 697.75,
    "2022Q2": 788.75,
    "2022Q3": 880.75,
    "2022Q4": 972.75,
    "2023Q1": 1062.75,
    "2023Q2": 1153.75,
    "2023Q3": 1245.75,
    "2023Q4": 1337.75,
    "2024Q1": 1428.75,
    "2024Q2": 1519.75,
    "2024Q3": 1611.75,
    "2024Q4": 1703.75,
    "2025Q1": 1793.75,
    "2025Q2": 1884.75,
    "2025Q3": 1976.75,
    "2025Q4": 2068.75
  },
  "quantile_4": {
    "2020": 249,
    "2021": 614,
    "2022": 979,
    "2023": 1344,
    "2024": 1710,
    "2025": 2075,
    "2020-04": 4,
    "2020-05": 35,
    "2020-06": 65,
    "2020-07": 96,
    "2020-08": 127,
    "2020-09": 157,
    "2020-10": 188,
    "2020-11": 218,
    "2020-12": 249,
    "2021-01": 280,
    "2021-02": 308,
    "2021-03": 339,
    "2021-04": 369,
    "2021-05": 400,
    "2021-06": 430,
    "2021-07": 461,
    "2021-08": 492,
    "2021-09": 522,
    "2021-10": 553,
    "2021-11": 583,
    "2021-12": 614,
    "2022-01": 645,
    "2022-02": 673,
    "2022-03": 704,
    "2022-04": 734,
    "2022-05": 765,
    "2022-06": 795,
    "2022-07": 826,
    "2022-08": 857,
    "2022-09": 887,
    "2022-10": 918,
    "2022-11": 948,
    "2022-12": 979,
    "2023-01": 1010,
    "2023-02": 1038,
    "2023-03": 1069,
    "2023-04": 1099,
    "2023-05": 1130,
    "2023-06": 1160,
    "2023-07": 1191,
    "2023-08": 1222,
    "2023-09": 1252,
    "2023-10": 1283,
    "2023-11": 1313,
    "2023-12": 1344,
    "2024-01": 1375,
    "2024-02": 1404,
    "2024-03": 1435,
    "2024-04": 1465,
    "2024-05": 1496,
    "2024-06": 1526,
    "2024-07": 1557,
    "2024-08": 1588,
    "2024-09": 1618,
    "2024-10": 1649,
    "2024-11": 1679,
    "2024-12": 1710,
    "2025-01": 1741,
    "2025-02": 1769,
    "2025-03": 1800,
    "2025-04": 1830,
    "2025-05": 1861,
    "2025-06": 1891,
    "2025-07": 1922,
    "2025-08": 1953,
    "2025-09": 1983,
    "2025-10": 2014,
    "2025-11": 2044,
    "2025-12": 2075,
    "2020Q2": 65,
    "2020Q3": 157,
    "2020Q4": 249,
    "2021Q1": 339,
    "2021Q2": 430,
    "2021Q3": 522,
    "2021Q4": 614,
    "2022Q1": 704,
    "2022Q2": 795,
    "2022Q3": 887,
    "2022Q4": 979,
    "2023Q1": 1069,
    "2023Q2": 1160,
    "2023Q3": 1252,
    "2023Q4": 1344,
    "2024Q1": 1435,
    "2024Q2": 1526,
    "2024Q3": 1618,
    "2024Q4": 1710,
    "2025Q1": 1800,
    "2025Q2": 1891,
    "2025Q3": 1983,
    "2025Q4": 2075
  }
}