{
  "avg": {
    "2020": 15,
    "2020-04": 15,
    "2020-05": 15,
    "2020-06": 15,
    "2020-07": 15,
    "2020Q2": 15,
    "2020Q3": 15
  },
  "levels": {
    "2020": [
      0,
      0,
      6,
      0
    ],
    "2020-04": [
      0,
      0,
      1,
      0
    ],
    "2020-05": [
      0,
      0,
      2,
      0
    ],
    "2020-06": [
      0,
      0,
      1,
      0
    ],
    "2020-07": [
      0,
      0,
      2,
      0
    ],
    "2020Q2": [
      0,
      0,
      4,
      0
    ],
    "2020Q3": [
      0,
      0,
      2,
      0
    ]
  },
  "quantile_0": {
    "2020": 15,
    "2020-04": 15,
    "2020-05": 15,
    "2020-06": 15,
    "2020-07": 15,
    "2020Q2": 15,
    "2020Q3": 15
  },
  "quantile_1": {
    "2020": 15,
    "2020-04": 15,
    "2020-05": 15,
    "2020-06": 15,
    "2020-07": 15,
    "2020Q2": 15,
    "2020Q3": 15
  },
  "quantile_2": {
    "2020": 15,
    "2020-04": 15,
    "2020-05": 15,
    "2020-06": 15,
    "2020-07": 15,
    "2020Q2": 15,
    "2020Q3": 15
  },
  "quantile_3": {
    "2020": 15,
    "2020-04": 15,
    "2020-05": 15,
    "2020-06": 15,
    "2020-07": 15,
    "2020Q2": 15,
    "2020Q3": 15
  },
  "quantile_4": {
    "2020": 15,
    "2020-04": 15,
    "2020-05": 15,
    "2020-06": 15,
    "2020-07": 15,
    "2020Q2": 15,
    "2020Q3": 15
  }
}