[
  {
    "name": "dev-ai-labs-0",
    "commits": 45,
    "issues_active": 10,
    "response_speed": 17
  },
  {
    "name": "dev-ai-labs-1",
    "commits": 15,
    "issues_active": 10,
    "response_speed": 60
  },
  {
    "name": "dev-ai-labs-2",
    "commits": 7,
    "issues_active": 14,
    "response_speed": 53
  },
  {
    "name": "dev-ai-labs-3",
    "commits": 8,
    "issues_active": 20,
    "response_speed": 3
  },
  {
    "name": "dev-ai-labs-4",
    "commits": 31,
    "issues_active": 18,
    "response_speed": 49
  },
  {
    "name": "dev-ai-labs-5",
    "commits": 4,
    "issues_active": 13,
    "response_speed": 25
  },
  {
    "name": "dev-ai-labs-6",
    "commits": 48,
    "issues_active": 1,
    "response_speed": 57
  },
  {
    "name": "dev-ai-labs-7",
    "commits": 8,
    "issues_active": 1,
    "response_speed": 19
  },
  {
    "name": "dev-ai-labs-8",
    "commits": 1,
    "issues_active": 4,
    "response_speed": 26
  },
  {
    "name": "dev-ai-labs-9",
    "commits": 6,
    "issues_active": 9,
    "response_speed": 23
  },
  {
    "name": "dev-ai-labs-10",
    "commits": 40,
    "issues_active": 20,
    "response_speed": 15
  },
  {
    "name": "dev-ai-labs-11",
    "commits": 25,
    "issues_active": 7,
    "response_speed": 72
  },
  {
    "name": "dev-ai-labs-12",
    "commits": 6,
    "issues_active": 5,
    "response_speed": 37
  },
  {
    "name": "dev-ai-labs-13",
    "commits": 34,
    "issues_active": 12,
    "response_speed": 13
  },
  {
    "name": "dev-ai-labs-14",
    "commits": 15,
    "issues_active": 14,
    "response_speed": 50
  },
  {
    "name": "dev-ai-labs-15",
    "commits": 50,
    "issues_active": 5,
    "response_speed": 69
  },
  {
    "name": "dev-ai-labs-16",
    "commits": 39,
    "issues_active": 15,
    "response_speed": 67
  },
  {
    "name": "dev-ai-labs-17",
    "commits": 34,
    "issues_active": 11,
    "response_speed": 61
  },
  {
    "name": "dev-ai-labs-18",
    "commits": 2,
    "issues_active": 8,
    "response_speed": 35
  },
  {
    "name": "dev-ai-labs-19",
    "commits": 27,
    "issues_active": 10,
    "response_speed": 38
  },
  {
    "name": "dev-ai-labs-20",
    "commits": 42,
    "issues_active": 7,
    "response_speed": 63
  },
  {
    "name": "dev-ai-labs-21",
    "commits": 11,
    "issues_active": 2,
    "response_speed": 58
  },
  {
    "name": "dev-ai-labs-22",
    "commits": 41,
    "issues_active": 0,
    "response_speed": 3
  },
  {
    "name": "dev-ai-labs-23",
    "commits": 49,
    "issues_active": 18,
    "response_speed": 51
  },
  {
    "name": "dev-ai-labs-24",
    "commits": 33,
    "issues_active": 12,
    "response_speed": 35
  },
  {
    "name": "dev-ai-labs-25",
    "commits": 18,
    "issues_active": 19,
    "response_speed": 60
  },
  {
    "name": "dev-ai-labs-26",
    "commits": 30,
    "issues_active": 7,
    "response_speed": 58
  },
  {
    "name": "dev-ai-labs-27",
    "commits": 12,
    "issues_active": 20,
    "response_speed": 5
  },
  {
    "name": "dev-ai-labs-28",
    "commits": 47,
    "issues_active": 15,
    "response_speed": 43
  },
  {
    "name": "dev-ai-labs-29",
    "commits": 42,
    "issues_active": 5,
    "response_speed": 35
  },
  {
    "name": "dev-ai-labs-30",
    "commits": 42,
    "issues_active": 7,
    "response_speed": 23
  },
  {
    "name": "dev-ai-labs-31",
    "commits": 47,
    "issues_active": 19,
    "response_speed": 51
  },
  {
    "name": "dev-ai-labs-32",
    "commits": 14,
    "issues_active": 15,
    "response_speed": 26
  },
  {
    "name": "dev-ai-labs-33",
    "commits": 14,
    "issues_active": 6,
    "response_speed": 4
  }
]