[
  {
    "name": "dev-ai-labs-0",
    "commits": 808,
    "issues_active": 0,
    "response_speed": 49
  },
  {
    "name": "dev-ai-labs-1",
    "commits": 575,
    "issues_active": 4,
    "response_speed": 10
  },
  {
    "name": "dev-ai-labs-2",
    "commits": 30,
    "issues_active": 2,
    "response_speed": 19
  },
  {
    "name": "dev-ai-labs-3",
    "commits": 15,
    "issues_active": 20,
    "response_speed": 57
  },
  {
    "name": "dev-ai-labs-4",
    "commits": 50,
    "issues_active": 6,
    "response_speed": 57
  },
  {
    "name": "dev-ai-labs-5",
    "commits": 18,
    "issues_active": 19,
    "response_speed": 35
  },
  {
    "name": "dev-ai-labs-6",
    "commits": 33,
    "issues_active": 5,
    "response_speed": 67
  },
  {
    "name": "dev-ai-labs-7",
    "commits": 37,
    "issues_active": 17,
    "response_speed": 53
  },
  {
    "name": "dev-ai-labs-8",
    "commits": 27,
    "issues_active": 16,
    "response_speed": 16
  },
  {
    "name": "dev-ai-labs-9",
    "commits": 13,
    "issues_active": 8,
    "response_speed": 52
  },
  {
    "name": "dev-ai-labs-10",
    "commits": 16,
    "issues_active": 7,
    "response_speed": 27
  },
  {
    "name": "dev-ai-labs-11",
    "commits": 36,
    "issues_active": 7,
    "response_speed": 42
  },
  {
    "name": "dev-ai-labs-12",
    "commits": 8,
    "issues_active": 12,
    "response_speed": 48
  },
  {
    "name": "dev-ai-labs-13",
    "commits": 2,
    "issues_active": 7,
    "response_speed": 69
  },
  {
    "name": "dev-ai-labs-14",
    "commits": 30,
    "issues_active": 18,
    "response_speed": 48
  },
  {
    "name": "dev-ai-labs-15",
    "commits": 39,
    "issues_active": 14,
    "response_speed": 34
  }
]