[
  {
    "name": "dev-cloud-native-0",
    "commits": 896,
    "issues_active": 19,
    "response_speed": 37
  },
  {
    "name": "dev-cloud-native-1",
    "commits": 505,
    "issues_active": 7,
    "response_speed": 63
  },
  {
    "name": "dev-cloud-native-2",
    "commits": 3,
    "issues_active": 5,
    "response_speed": 39
  },
  {
    "name": "dev-cloud-native-3",
    "commits": 8,
    "issues_active": 1,
    "response_speed": 61
  },
  {
    "name": "dev-cloud-native-4",
    "commits": 38,
    "issues_active": 11,
    "response_speed": 16
  },
  {
    "name": "dev-cloud-native-5",
    "commits": 36,
    "issues_active": 11,
    "response_speed": 18
  },
  {
    "name": "dev-cloud-native-6",
    "commits": 20,
    "issues_active": 3,
    "response_speed": 43
  },
  {
    "name": "dev-cloud-native-7",
    "commits": 37,
    "issues_active": 10,
    "response_speed": 1
  },
  {
    "name": "dev-cloud-native-8",
    "commits": 13,
    "issues_active": 6,
    "response_speed": 2
  },
  {
    "name": "dev-cloud-native-9",
    "commits": 12,
    "issues_active": 17,
    "response_speed": 58
  },
  {
    "name": "dev-cloud-native-10",
    "commits": 17,
    "issues_active": 7,
    "response_speed": 35
  },
  {
    "name": "dev-cloud-native-11",
    "commits": 41,
    "issues_active": 2,
    "response_speed": 61
  },
  {
    "name": "dev-cloud-native-12",
    "commits": 47,
    "issues_active": 17,
    "response_speed": 13
  },
  {
    "name": "dev-cloud-native-13",
    "commits": 33,
    "issues_active": 2,
    "response_speed": 56
  },
  {
    "name": "dev-cloud-native-14",
    "commits": 7,
    "issues_active": 6,
    "response_speed": 12
  },
  {
    "name": "dev-cloud-native-15",
    "commits": 38,
    "issues_active": 6,
    "response_speed": 49
  },
  {
    "name": "dev-cloud-native-16",
    "commits": 31,
    "issues_active": 16,
    "response_speed": 6
  },
  {
    "name": "dev-cloud-native-17",
    "commits": 33,
    "issues_active": 15,
    "response_speed": 63
  },
  {
    "name": "dev-cloud-native-18",
    "commits": 43,
    "issues_active": 9,
    "response_speed": 17
  },
  {
    "name": "dev-cloud-native-19",
    "commits": 46,
    "issues_active": 12,
    "response_speed": 16
  },
  {
    "name": "dev-cloud-native-20",
    "commits": 8,
    "issues_active": 2,
    "response_speed": 15
  },
  {
    "name": "dev-cloud-native-21",
    "commits": 16,
    "issues_active": 18,
    "response_speed": 14
  },
  {
    "name": "dev-cloud-native-22",
    "commits": 41,
    "issues_active": 14,
    "response_speed": 23
  },
  {
    "name": "dev-cloud-native-23",
    "commits": 32,
    "issues_active": 20,
    "response_speed": 22
  },
  {
    "name": "dev-cloud-native-24",
    "commits": 13,
    "issues_active": 2,
    "response_speed": 62
  },
  {
    "name": "dev-cloud-native-25",
    "commits": 36,
    "issues_active": 15,
    "response_speed": 31
  },
  {
    "name": "dev-cloud-native-26",
    "commits": 34,
    "issues_active": 20,
    "response_speed": 10
  },
  {
    "name": "dev-cloud-native-27",
    "commits": 8,
    "issues_active": 11,
    "response_speed": 23
  },
  {
    "name": "dev-cloud-native-28",
    "commits": 14,
    "issues_active": 6,
    "response_speed": 50
  }
]