[
  {
    "name": "dev-cloud-native-0",
    "commits": 25,
    "issues_active": 18,
    "response_speed": 53
  },
  {
    "name": "dev-cloud-native-1",
    "commits": 39,
    "issues_active": 2,
    "response_speed": 68
  },
  {
    "name": "dev-cloud-native-2",
    "commits": 4,
    "issues_active": 18,
    "response_speed": 22
  },
  {
    "name": "dev-cloud-native-3",
    "commits": 10,
    "issues_active": 7,
    "response_speed": 69
  },
  {
    "name": "dev-cloud-native-4",
    "commits": 19,
    "issues_active": 11,
    "response_speed": 61
  },
  {
    "name": "dev-cloud-native-5",
    "commits": 35,
    "issues_active": 7,
    "response_speed": 61
  },
  {
    "name": "dev-cloud-native-6",
    "commits": 19,
    "issues_active": 5,
    "response_speed": 62
  },
  {
    "name": "dev-cloud-native-7",
    "commits": 19,
    "issues_active": 18,
    "response_speed": 5
  },
  {
    "name": "dev-cloud-native-8",
    "commits": 11,
    "issues_active": 18,
    "response_speed": 62
  },
  {
    "name": "dev-cloud-native-9",
    "commits": 42,
    "issues_active": 16,
    "response_speed": 32
  },
  {
    "name": "dev-cloud-native-10",
    "commits": 26,
    "issues_active": 5,
    "response_speed": 11
  },
  {
    "name": "dev-cloud-native-11",
    "commits": 48,
    "issues_active": 20,
    "response_speed": 69
  },
  {
    "name": "dev-cloud-native-12",
    "commits": 17,
    "issues_active": 5,
    "response_speed": 35
  },
  {
    "name": "dev-cloud-native-13",
    "commits": 26,
    "issues_active": 14,
    "response_speed": 30
  },
  {
    "name": "dev-cloud-native-14",
    "commits": 29,
    "issues_active": 6,
    "response_speed": 14
  },
  {
    "name": "dev-cloud-native-15",
    "commits": 11,
    "issues_active": 9,
    "response_speed": 68
  },
  {
    "name": "dev-cloud-native-16",
    "commits": 28,
    "issues_active": 15,
    "response_speed": 41
  },
  {
    "name": "dev-cloud-native-17",
    "commits": 3,
    "issues_active": 7,
    "response_speed": 51
  },
  {
    "name": "dev-cloud-native-18",
    "commits": 40,
    "issues_active": 6,
    "response_speed": 14
  },
  {
    "name": "dev-cloud-native-19",
    "commits": 34,
    "issues_active": 9,
    "response_speed": 63
  },
  {
    "name": "dev-cloud-native-20",
    "commits": 36,
    "issues_active": 18,
    "response_speed": 8
  },
  {
    "name": "dev-cloud-native-21",
    "commits": 12,
    "issues_active": 12,
    "response_speed": 30
  },
  {
    "name": "dev-cloud-native-22",
    "commits": 3,
    "issues_active": 6,
    "response_speed": 56
  },
  {
    "name": "dev-cloud-native-23",
    "commits": 9,
    "issues_active": 19,
    "response_speed": 50
  },
  {
    "name": "dev-cloud-native-24",
    "commits": 4,
    "issues_active": 14,
    "response_speed": 7
  },
  {
    "name": "dev-cloud-native-25",
    "commits": 39,
    "issues_active": 3,
    "response_speed": 23
  },
  {
    "name": "dev-cloud-native-26",
    "commits": 48,
    "issues_active": 5,
    "response_speed": 41
  },
  {
    "name": "dev-cloud-native-27",
    "commits": 15,
    "issues_active": 18,
    "response_speed": 17
  },
  {
    "name": "dev-cloud-native-28",
    "commits": 24,
    "issues_active": 7,
    "response_speed": 47
  },
  {
    "name": "dev-cloud-native-29",
    "commits": 4,
    "issues_active": 2,
    "response_speed": 72
  },
  {
    "name": "dev-cloud-native-30",
    "commits": 15,
    "issues_active": 4,
    "response_speed": 9
  },
  {
    "name": "dev-cloud-native-31",
    "commits": 18,
    "issues_active": 11,
    "response_speed": 47
  },
  {
    "name": "dev-cloud-native-32",
    "commits": 23,
    "issues_active": 14,
    "response_speed": 44
  }
]