[
  {
    "name": "dev-ai-labs-0",
    "commits": 718,
    "issues_active": 18,
    "response_speed": 21
  },
  {
    "name": "dev-ai-labs-1",
    "commits": 707,
    "issues_active": 4,
    "response_speed": 64
  },
  {
    "name": "dev-ai-labs-2",
    "commits": 29,
    "issues_active": 20,
    "response_speed": 58
  },
  {
    "name": "dev-ai-labs-3",
    "commits": 43,
    "issues_active": 3,
    "response_speed": 12
  },
  {
    "name": "dev-ai-labs-4",
    "commits": 43,
    "issues_active": 4,
    "response_speed": 42
  },
  {
    "name": "dev-ai-labs-5",
    "commits": 12,
    "issues_active": 6,
    "response_speed": 60
  },
  {
    "name": "dev-ai-labs-6",
    "commits": 30,
    "issues_active": 18,
    "response_speed": 7
  },
  {
    "name": "dev-ai-labs-7",
    "commits": 1,
    "issues_active": 11,
    "response_speed": 65
  },
  {
    "name": "dev-ai-labs-8",
    "commits": 10,
    "issues_active": 7,
    "response_speed": 1
  },
  {
    "name": "dev-ai-labs-9",
    "commits": 2,
    "issues_active": 8,
    "response_speed": 4
  },
  {
    "name": "dev-ai-labs-10",
    "commits": 32,
    "issues_active": 10,
    "response_speed": 67
  },
  {
    "name": "dev-ai-labs-11",
    "commits": 24,
    "issues_active": 1,
    "response_speed": 46
  },
  {
    "name": "dev-ai-labs-12",
    "commits": 21,
    "issues_active": 5,
    "response_speed": 9
  },
  {
    "name": "dev-ai-labs-13",
    "commits": 20,
    "issues_active": 19,
    "response_speed": 58
  },
  {
    "name": "dev-ai-labs-14",
    "commits": 10,
    "issues_active": 10,
    "response_speed": 33
  },
  {
    "name": "dev-ai-labs-15",
    "commits": 24,
    "issues_active": 19,
    "response_speed": 21
  },
  {
    "name": "dev-ai-labs-16",
    "commits": 44,
    "issues_active": 9,
    "response_speed": 15
  },
  {
    "name": "dev-ai-labs-17",
    "commits": 16,
    "issues_active": 15,
    "response_speed": 46
  },
  {
    "name": "dev-ai-labs-18",
    "commits": 13,
    "issues_active": 19,
    "response_speed": 69
  },
  {
    "name": "dev-ai-labs-19",
    "commits": 37,
    "issues_active": 4,
    "response_speed": 29
  },
  {
    "name": "dev-ai-labs-20",
    "commits": 30,
    "issues_active": 17,
    "response_speed": 45
  },
  {
    "name": "dev-ai-labs-21",
    "commits": 11,
    "issues_active": 8,
    "response_speed": 68
  },
  {
    "name": "dev-ai-labs-22",
    "commits": 19,
    "issues_active": 17,
    "response_speed": 33
  },
  {
    "name": "dev-ai-labs-23",
    "commits": 22,
    "issues_active": 20,
    "response_speed": 38
  },
  {
    "name": "dev-ai-labs-24",
    "commits": 23,
    "issues_active": 19,
    "response_speed": 67
  },
  {
    "name": "dev-ai-labs-25",
    "commits": 33,
    "issues_active": 18,
    "response_speed": 5
  },
  {
    "name": "dev-ai-labs-26",
    "commits": 12,
    "issues_active": 5,
    "response_speed": 10
  },
  {
    "name": "dev-ai-labs-27",
    "commits": 42,
    "issues_active": 16,
    "response_speed": 56
  },
  {
    "name": "dev-ai-labs-28",
    "commits": 8,
    "issues_active": 4,
    "response_speed": 14
  },
  {
    "name": "dev-ai-labs-29",
    "commits": 19,
    "issues_active": 8,
    "response_speed": 1
  }
]