[
  {
    "name": "dev-cloud-native-0",
    "commits": 33,
    "issues_active": 0,
    "response_speed": 38
  },
  {
    "name": "dev-cloud-native-1",
    "commits": 15,
    "issues_active": 5,
    "response_speed": 46
  },
  {
    "name": "dev-cloud-native-2",
    "commits": 8,
    "issues_active": 15,
    "response_speed": 72
  },
  {
    "name": "dev-cloud-native-3",
    "commits": 32,
    "issues_active": 11,
    "response_speed": 72
  },
  {
    "name": "dev-cloud-native-4",
    "commits": 21,
    "issues_active": 20,
    "response_speed": 17
  },
  {
    "name": "dev-cloud-native-5",
    "commits": 21,
    "issues_active": 12,
    "response_speed": 72
  },
  {
    "name": "dev-cloud-native-6",
    "commits": 41,
    "issues_active": 14,
    "response_speed": 10
  },
  {
    "name": "dev-cloud-native-7",
    "commits": 19,
    "issues_active": 7,
    "response_speed": 51
  },
  {
    "name": "dev-cloud-native-8",
    "commits": 44,
    "issues_active": 14,
    "response_speed": 31
  },
  {
    "name": "dev-cloud-native-9",
    "commits": 3,
    "issues_active": 19,
    "response_speed": 46
  },
  {
    "name": "dev-cloud-native-10",
    "commits": 1,
    "issues_active": 11,
    "response_speed": 67
  },
  {
    "name": "dev-cloud-native-11",
    "commits": 31,
    "issues_active": 18,
    "response_speed": 38
  },
  {
    "name": "dev-cloud-native-12",
    "commits": 31,
    "issues_active": 18,
    "response_speed": 63
  },
  {
    "name": "dev-cloud-native-13",
    "commits": 43,
    "issues_active": 4,
    "response_speed": 11
  },
  {
    "name": "dev-cloud-native-14",
    "commits": 7,
    "issues_active": 13,
    "response_speed": 42
  },
  {
    "name": "dev-cloud-native-15",
    "commits": 47,
    "issues_active": 9,
    "response_speed": 20
  },
  {
    "name": "dev-cloud-native-16",
    "commits": 7,
    "issues_active": 3,
    "response_speed": 1
  },
  {
    "name": "dev-cloud-native-17",
    "commits": 25,
    "issues_active": 3,
    "response_speed": 71
  },
  {
    "name": "dev-cloud-native-18",
    "commits": 3,
    "issues_active": 0,
    "response_speed": 42
  },
  {
    "name": "dev-cloud-native-19",
    "commits": 44,
    "issues_active": 12,
    "response_speed": 70
  },
  {
    "name": "dev-cloud-native-20",
    "commits": 40,
    "issues_active": 9,
    "response_speed": 59
  },
  {
    "name": "dev-cloud-native-21",
    "commits": 14,
    "issues_active": 11,
    "response_speed": 60
  },
  {
    "name": "dev-cloud-native-22",
    "commits": 16,
    "issues_active": 8,
    "response_speed": 48
  },
  {
    "name": "dev-cloud-native-23",
    "commits": 28,
    "issues_active": 16,
    "response_speed": 49
  },
  {
    "name": "dev-cloud-native-24",
    "commits": 16,
    "issues_active": 10,
    "response_speed": 72
  },
  {
    "name": "dev-cloud-native-25",
    "commits": 13,
    "issues_active": 3,
    "response_speed": 52
  },
  {
    "name": "dev-cloud-native-26",
    "commits": 29,
    "issues_active": 17,
    "response_speed": 38
  },
  {
    "name": "dev-cloud-native-27",
    "commits": 10,
    "issues_active": 0,
    "response_speed": 15
  },
  {
    "name": "dev-cloud-native-28",
    "commits": 14,
    "issues_active": 5,
    "response_speed": 16
  },
  {
    "name": "dev-cloud-native-29",
    "commits": 37,
    "issues_active": 7,
    "response_speed": 22
  },
  {
    "name": "dev-cloud-native-30",
    "commits": 1,
    "issues_active": 0,
    "response_speed": 61
  },
  {
    "name": "dev-cloud-native-31",
    "commits": 23,
    "issues_active": 14,
    "response_speed": 38
  },
  {
    "name": "dev-cloud-native-32",
    "commits": 34,
    "issues_active": 11,
    "response_speed": 53
  },
  {
    "name": "dev-cloud-native-33",
    "commits": 36,
    "issues_active": 16,
    "response_speed": 65
  },
  {
    "name": "dev-cloud-native-34",
    "commits": 22,
    "issues_active": 16,
    "response_speed": 38
  },
  {
    "name": "dev-cloud-native-35",
    "commits": 42,
    "issues_active": 3,
    "response_speed": 10
  },
  {
    "name": "dev-cloud-native-36",
    "commits": 42,
    "issues_active": 18,
    "response_speed": 62
  },
  {
    "name": "dev-cloud-native-37",
    "commits": 14,
    "issues_active": 14,
    "response_speed": 22
  },
  {
    "name": "dev-cloud-native-38",
    "commits": 7,
    "issues_active": 18,
    "response_speed": 39
  },
  {
    "name": "dev-cloud-native-39",
    "commits": 24,
    "issues_active": 5,
    "response_speed": 45
  },
  {
    "name": "dev-cloud-native-40",
    "commits": 5,
    "issues_active": 11,
    "response_speed": 62
  },
  {
    "name": "dev-cloud-native-41",
    "commits": 6,
    "issues_active": 18,
    "response_speed": 58
  },
  {
    "name": "dev-cloud-native-42",
    "commits": 11,
    "issues_active": 15,
    "response_speed": 4
  },
  {
    "name": "dev-cloud-native-43",
    "commits": 40,
    "issues_active": 3,
    "response_speed": 50
  },
  {
    "name": "dev-cloud-native-44",
    "commits": 17,
    "issues_active": 19,
    "response_speed": 58
  },
  {
    "name": "dev-cloud-native-45",
    "commits": 6,
    "issues_active": 9,
    "response_speed": 51
  },
  {
    "name": "dev-cloud-native-46",
    "commits": 29,
    "issues_active": 7,
    "response_speed": 40
  }
]