[
  {
    "name": "dev-devops-platform-0",
    "commits": 24,
    "issues_active": 12,
    "response_speed": 1
  },
  {
    "name": "dev-devops-platform-1",
    "commits": 13,
    "issues_active": 11,
    "response_speed": 19
  },
  {
    "name": "dev-devops-platform-2",
    "commits": 17,
    "issues_active": 15,
    "response_speed": 42
  },
  {
    "name": "dev-devops-platform-3",
    "commits": 33,
    "issues_active": 3,
    "response_speed": 10
  },
  {
    "name": "dev-devops-platform-4",
    "commits": 27,
    "issues_active": 13,
    "response_speed": 58
  },
  {
    "name": "dev-devops-platform-5",
    "commits": 2,
    "issues_active": 0,
    "response_speed": 3
  },
  {
    "name": "dev-devops-platform-6",
    "commits": 39,
    "issues_active": 19,
    "response_speed": 10
  },
  {
    "name": "dev-devops-platform-7",
    "commits": 13,
    "issues_active": 17,
    "response_speed": 55
  },
  {
    "name": "dev-devops-platform-8",
    "commits": 10,
    "issues_active": 9,
    "response_speed": 50
  },
  {
    "name": "dev-devops-platform-9",
    "commits": 11,
    "issues_active": 9,
    "response_speed": 70
  },
  {
    "name": "dev-devops-platform-10",
    "commits": 31,
    "issues_active": 2,
    "response_speed": 38
  }
]