[
  {
    "name": "dev-database-systems-0",
    "commits": 676,
    "issues_active": 3,
    "response_speed": 34
  },
  {
    "name": "dev-database-systems-1",
    "commits": 647,
    "issues_active": 2,
    "response_speed": 20
  },
  {
    "name": "dev-database-systems-2",
    "commits": 43,
    "issues_active": 18,
    "response_speed": 6
  },
  {
    "name": "dev-database-systems-3",
    "commits": 12,
    "issues_active": 17,
    "response_speed": 43
  },
  {
    "name": "dev-database-systems-4",
    "commits": 28,
    "issues_active": 16,
    "response_speed": 3
  },
  {
    "name": "dev-database-systems-5",
    "commits": 16,
    "issues_active": 16,
    "response_speed": 59
  },
  {
    "name": "dev-database-systems-6",
    "commits": 22,
    "issues_active": 18,
    "response_speed": 52
  },
  {
    "name": "dev-database-systems-7",
    "commits": 19,
    "issues_active": 2,
    "response_speed": 37
  },
  {
    "name": "dev-database-systems-8",
    "commits": 41,
    "issues_active": 10,
    "response_speed": 14
  },
  {
    "name": "dev-database-systems-9",
    "commits": 9,
    "issues_active": 13,
    "response_speed": 53
  },
  {
    "name": "dev-database-systems-10",
    "commits": 35,
    "issues_active": 0,
    "response_speed": 64
  },
  {
    "name": "dev-database-systems-11",
    "commits": 34,
    "issues_active": 13,
    "response_speed": 69
  },
  {
    "name": "dev-database-systems-12",
    "commits": 12,
    "issues_active": 1,
    "response_speed": 37
  },
  {
    "name": "dev-database-systems-13",
    "commits": 14,
    "issues_active": 1,
    "response_speed": 25
  },
  {
    "name": "dev-database-systems-14",
    "commits": 27,
    "issues_active": 11,
    "response_speed": 63
  },
  {
    "name": "dev-database-systems-15",
    "commits": 49,
    "issues_active": 2,
    "response_speed": 58
  },
  {
    "name": "dev-database-systems-16",
    "commits": 12,
    "issues_active": 15,
    "response_speed": 14
  },
  {
    "name": "dev-database-systems-17",
    "commits": 12,
    "issues_active": 13,
    "response_speed": 53
  },
  {
    "name": "dev-database-systems-18",
    "commits": 11,
    "issues_active": 7,
    "response_speed": 41
  },
  {
    "name": "dev-database-systems-19",
    "commits": 26,
    "issues_active": 10,
    "response_speed": 48
  },
  {
    "name": "dev-database-systems-20",
    "commits": 32,
    "issues_active": 12,
    "response_speed": 11
  },
  {
    "name": "dev-database-systems-21",
    "commits": 36,
    "issues_active": 3,
    "response_speed": 31
  },
  {
    "name": "dev-database-systems-22",
    "commits": 15,
    "issues_active": 16,
    "response_speed": 70
  },
  {
    "name": "dev-database-systems-23",
    "commits": 30,
    "issues_active": 1,
    "response_speed": 55
  },
  {
    "name": "dev-database-systems-24",
    "commits": 3,
    "issues_active": 15,
    "response_speed": 62
  },
  {
    "name": "dev-database-systems-25",
    "commits": 23,
    "issues_active": 1,
    "response_speed": 42
  },
  {
    "name": "dev-database-systems-26",
    "commits": 45,
    "issues_active": 17,
    "response_speed": 62
  },
  {
    "name": "dev-database-systems-27",
    "commits": 3,
    "issues_active": 9,
    "response_speed": 64
  },
  {
    "name": "dev-database-systems-28",
    "commits": 41,
    "issues_active": 0,
    "response_speed": 59
  },
  {
    "name": "dev-database-systems-29",
    "commits": 8,
    "issues_active": 15,
    "response_speed": 24
  },
  {
    "name": "dev-database-systems-30",
    "commits": 22,
    "issues_active": 9,
    "response_speed": 2
  },
  {
    "name": "dev-database-systems-31",
    "commits": 47,
    "issues_active": 12,
    "response_speed": 34
  },
  {
    "name": "dev-database-systems-32",
    "commits": 33,
    "issues_active": 7,
    "response_speed": 12
  }
]