[
  {
    "name": "dev-database-systems-0",
    "commits": 47,
    "issues_active": 5,
    "response_speed": 25
  },
  {
    "name": "dev-database-systems-1",
    "commits": 47,
    "issues_active": 19,
    "response_speed": 37
  },
  {
    "name": "dev-database-systems-2",
    "commits": 10,
    "issues_active": 13,
    "response_speed": 66
  },
  {
    "name": "dev-database-systems-3",
    "commits": 30,
    "issues_active": 7,
    "response_speed": 24
  },
  {
    "name": "dev-database-systems-4",
    "commits": 13,
    "issues_active": 17,
    "response_speed": 71
  },
  {
    "name": "dev-database-systems-5",
    "commits": 49,
    "issues_active": 8,
    "response_speed": 7
  },
  {
    "name": "dev-database-systems-6",
    "commits": 6,
    "issues_active": 0,
    "response_speed": 53
  },
  {
    "name": "dev-database-systems-7",
    "commits": 31,
    "issues_active": 14,
    "response_speed": 17
  },
  {
    "name": "dev-database-systems-8",
    "commits": 38,
    "issues_active": 17,
    "response_speed": 33
  },
  {
    "name": "dev-database-systems-9",
    "commits": 6,
    "issues_active": 15,
    "response_speed": 53
  },
  {
    "name": "dev-database-systems-10",
    "commits": 31,
    "issues_active": 12,
    "response_speed": 44
  },
  {
    "name": "dev-database-systems-11",
    "commits": 13,
    "issues_active": 17,
    "response_speed": 71
  },
  {
    "name": "dev-database-systems-12",
    "commits": 48,
    "issues_active": 7,
    "response_speed": 18
  },
  {
    "name": "dev-database-systems-13",
    "commits": 44,
    "issues_active": 12,
    "response_speed": 12
  }
]