[
  {
    "name": "dev-ai-labs-0",
    "commits": 4,
    "issues_active": 20,
    "response_speed": 4
  },
  {
    "name": "dev-ai-labs-1",
    "commits": 18,
    "issues_active": 8,
    "response_speed": 14
  },
  {
    "name": "dev-ai-labs-2",
    "commits": 9,
    "issues_active": 14,
    "response_speed": 67
  },
  {
    "name": "dev-ai-labs-3",
    "commits": 42,
    "issues_active": 20,
    "response_speed": 12
  },
  {
    "name": "dev-ai-labs-4",
    "commits": 1,
    "issues_active": 9,
    "response_speed": 62
  },
  {
    "name": "dev-ai-labs-5",
    "commits": 31,
    "issues_active": 11,
    "response_speed": 51
  },
  {
    "name": "dev-ai-labs-6",
    "commits": 19,
    "issues_active": 17,
    "response_speed": 1
  },
  {
    "name": "dev-ai-labs-7",
    "commits": 27,
    "issues_active": 4,
    "response_speed": 12
  },
  {
    "name": "dev-ai-labs-8",
    "commits": 35,
    "issues_active": 6,
    "response_speed": 1
  },
  {
    "name": "dev-ai-labs-9",
    "commits": 26,
    "issues_active": 12,
    "response_speed": 42
  },
  {
    "name": "dev-ai-labs-10",
    "commits": 42,
    "issues_active": 1,
    "response_speed": 41
  },
  {
    "name": "dev-ai-labs-11",
    "commits": 11,
    "issues_active": 10,
    "response_speed": 17
  },
  {
    "name": "dev-ai-labs-12",
    "commits": 39,
    "issues_active": 11,
    "response_speed": 44
  },
  {
    "name": "dev-ai-labs-13",
    "commits": 30,
    "issues_active": 11,
    "response_speed": 70
  },
  {
    "name": "dev-ai-labs-14",
    "commits": 17,
    "issues_active": 6,
    "response_speed": 72
  }
]