[
  {
    "name": "dev-iot-edge-0",
    "commits": 617,
    "issues_active": 13,
    "response_speed": 33
  },
  {
    "name": "dev-iot-edge-1",
    "commits": 891,
    "issues_active": 17,
    "response_speed": 26
  },
  {
    "name": "dev-iot-edge-2",
    "commits": 3,
    "issues_active": 10,
    "response_speed": 37
  },
  {
    "name": "dev-iot-edge-3",
    "commits": 30,
    "issues_active": 6,
    "response_speed": 71
  },
  {
    "name": "dev-iot-edge-4",
    "commits": 42,
    "issues_active": 4,
    "response_speed": 61
  },
  {
    "name": "dev-iot-edge-5",
    "commits": 41,
    "issues_active": 5,
    "response_speed": 42
  },
  {
    "name": "dev-iot-edge-6",
    "commits": 16,
    "issues_active": 13,
    "response_speed": 71
  },
  {
    "name": "dev-iot-edge-7",
    "commits": 46,
    "issues_active": 18,
    "response_speed": 48
  },
  {
    "name": "dev-iot-edge-8",
    "commits": 13,
    "issues_active": 16,
    "response_speed": 37
  },
  {
    "name": "dev-iot-edge-9",
    "commits": 10,
    "issues_active": 15,
    "response_speed": 67
  },
  {
    "name": "dev-iot-edge-10",
    "commits": 30,
    "issues_active": 10,
    "response_speed": 9
  },
  {
    "name": "dev-iot-edge-11",
    "commits": 16,
    "issues_active": 6,
    "response_speed": 40
  },
  {
    "name": "dev-iot-edge-12",
    "commits": 45,
    "issues_active": 13,
    "response_speed": 2
  },
  {
    "name": "dev-iot-edge-13",
    "commits": 43,
    "issues_active": 0,
    "response_speed": 66
  },
  {
    "name": "dev-iot-edge-14",
    "commits": 10,
    "issues_active": 8,
    "response_speed": 7
  },
  {
    "name": "dev-iot-edge-15",
    "commits": 14,
    "issues_active": 4,
    "response_speed": 21
  },
  {
    "name": "dev-iot-edge-16",
    "commits": 35,
    "issues_active": 1,
    "response_speed": 59
  },
  {
    "name": "dev-iot-edge-17",
    "commits": 4,
    "issues_active": 15,
    "response_speed": 46
  },
  {
    "name": "dev-iot-edge-18",
    "commits": 40,
    "issues_active": 13,
    "response_speed": 1
  },
  {
    "name": "dev-iot-edge-19",
    "commits": 24,
    "issues_active": 20,
    "response_speed": 13
  },
  {
    "name": "dev-iot-edge-20",
    "commits": 22,
    "issues_active": 10,
    "response_speed": 52
  },
  {
    "name": "dev-iot-edge-21",
    "commits": 35,
    "issues_active": 0,
    "response_speed": 10
  },
  {
    "name": "dev-iot-edge-22",
    "commits": 27,
    "issues_active": 8,
    "response_speed": 2
  },
  {
    "name": "dev-iot-edge-23",
    "commits": 18,
    "issues_active": 7,
    "response_speed": 9
  },
  {
    "name": "dev-iot-edge-24",
    "commits": 12,
    "issues_active": 5,
    "response_speed": 27
  },
  {
    "name": "dev-iot-edge-25",
    "commits": 2,
    "issues_active": 9,
    "response_speed": 9
  },
  {
    "name": "dev-iot-edge-26",
    "commits": 34,
    "issues_active": 4,
    "response_speed": 7
  },
  {
    "name": "dev-iot-edge-27",
    "commits": 28,
    "issues_active": 19,
    "response_speed": 70
  },
  {
    "name": "dev-iot-edge-28",
    "commits": 49,
    "issues_active": 20,
    "response_speed": 40
  },
  {
    "name": "dev-iot-edge-29",
    "commits": 15,
    "issues_active": 18,
    "response_speed": 55
  },
  {
    "name": "dev-iot-edge-30",
    "commits": 23,
    "issues_active": 10,
    "response_speed": 26
  },
  {
    "name": "dev-iot-edge-31",
    "commits": 44,
    "issues_active": 2,
    "response_speed": 49
  },
  {
    "name": "dev-iot-edge-32",
    "commits": 45,
    "issues_active": 5,
    "response_speed": 58
  },
  {
    "name": "dev-iot-edge-33",
    "commits": 26,
    "issues_active": 8,
    "response_speed": 32
  },
  {
    "name": "dev-iot-edge-34",
    "commits": 46,
    "issues_active": 11,
    "response_speed": 59
  },
  {
    "name": "dev-iot-edge-35",
    "commits": 12,
    "issues_active": 10,
    "response_speed": 30
  },
  {
    "name": "dev-iot-edge-36",
    "commits": 6,
    "issues_active": 9,
    "response_speed": 26
  },
  {
    "name": "dev-iot-edge-37",
    "commits": 27,
    "issues_active": 15,
    "response_speed": 72
  },
  {
    "name": "dev-iot-edge-38",
    "commits": 33,
    "issues_active": 5,
    "response_speed": 32
  },
  {
    "name": "dev-iot-edge-39",
    "commits": 42,
    "issues_active": 20,
    "response_speed": 68
  },
  {
    "name": "dev-iot-edge-40",
    "commits": 5,
    "issues_active": 15,
    "response_speed": 32
  },
  {
    "name": "dev-iot-edge-41",
    "commits": 12,
    "issues_active": 15,
    "response_speed": 22
  },
  {
    "name": "dev-iot-edge-42",
    "commits": 43,
    "issues_active": 6,
    "response_speed": 55
  }
]