{
  "avg": {
    "2015": 0.15,
    "2016": 0.03,
    "2017": 0,
    "2018": 0.02,
    "2019": 0.07,
    "2020": 0.01,
    "2021": 0,
    "2022": 0.01,
    "2023": 0,
    "2024": 0,
    "2025": 0.18,
    "2015-01": 0.5,
    "2015-02": 0.32,
    "2015-03": 0.37,
    "2015-04": 0.29,
    "2015-05": 0.35,
    "2015-06": 0.05,
    "2015-07": 0.04,
    "2015-08": 0.03,
    "2015-09": 0.02,
    "2015-10": 0.01,
    "2015-11": 0.01,
    "2015-12": 0.01,
    "2016-01": 0.01,
    "2016-02": 0.01,
    "2016-03": 0.01,
    "2016-04": 0,
    "2016-05": 0.01,
    "2016-06": 0.01,
    "2016-07": 0.01,
    "2016-08": 0.01,
    "2016-09": 0.01,
    "2016-10": 0.09,
    "2016-11": 0.24,
    "2016-12": 0,
    "2017-01": 0,
    "2017-02": 0,
    "2017-03": 0,
    "2017-04": 0,
    "2017-05": 0,
    "2017-06": 0,
    "2017-07": 0,
    "2017-08": 0,
    "2017-09": 0,
    "2017-10": 0,
    "2017-11": 0,
    "2017-12": 0.01,
    "2018-01": 0,
    "2018-02": 0,
    "2018-03": 0,
    "2018-04": 0,
    "2018-05": 0,
    "2018-06": 0.15,
    "2018-07": 0,
    "2018-08": 0.03,
    "2018-09": 0.01,
    "2018-10": 0,
    "2018-11": 0.01,
    "2018-12": 0,
    "2019-01": 0,
    "2019-02": 0,
    "2019-03": 0,
    "2019-04": 0,
    "2019-05": 0,
    "2019-06": 0,
    "2019-07": 0,
    "2019-08": 0.75,
    "2019-09": 0.01,
    "2019-10": 0,
    "2019-11": 0,
    "2019-12": 0,
    "2020-01": 0,
    "2020-02": 0,
    "2020-03": 0,
    "2020-04": 0,
    "2020-05": 0,
    "2020-06": 0,
    "2020-07": 0.07,
    "2020-08": 0,
    "2020-09": 0.02,
    "2020-10": 0,
    "2020-11": 0,
    "2020-12": 0,
    "2021-01": 0,
    "2021-02": 0,
    "2021-03": 0.01,
    "2021-04": 0,
    "2021-05": 0,
    "2021-06": 0,
    "2021-07": 0,
    "2021-08": 0,
    "2021-09": 0,
    "2021-10": 0,
    "2021-11": 0,
    "2021-12": 0,
    "2022-01": 0,
    "2022-02": 0,
    "2022-03": 0,
    "2022-04": 0,
    "2022-05": 0.07,
    "2022-06": 0,
    "2022-07": 0,
    "2022-08": 0,
    "2022-09": 0,
    "2022-10": 0.03,
    "2022-11": 0,
    "2022-12": 0,
    "2023-01": 0,
    "2023-02": 0,
    "2023-03": 0,
    "2023-04": 0,
    "2023-05": 0,
    "2023-06": 0.06,
    "2023-07": 0,
    "2023-08": 0,
    "2023-09": 0,
    "2023-10": 0,
    "2023-11": 0,
    "2023-12": 0,
    "2024-01": 0,
    "2024-02": 0,
    "2024-03": 0,
    "2024-04": 0,
    "2024-05": 0,
    "2024-06": 0,
    "2024-07": 0,
    "2024-08": 0,
    "2024-09": 0,
    "2024-10": 0,
    "2024-11": 0,
    "2024-12": 0,
    "2025-01": 0,
    "2025-02": 0,
    "2025-03": 0.01,
    "2025-04": 0.01,
    "2025-05": 0,
    "2025-06": 0.16,
    "2025-07": 0.07,
    "2025-08": 0.11,
    "2025-09": 0.15,
    "2025-10": 0.47,
    "2025-11": 1.34,
    "2025-12": 1.21,
    "2015Q1": 0.39,
    "2015Q2": 0.23,
    "2015Q3": 0.03,
    "2015Q4": 0.01,
    "2016Q1": 0.01,
    "2016Q2": 0.01,
    "2016Q3": 0.01,
    "2016Q4": 0.12,
    "2017Q1": 0,
    "2017Q2": 0,
    "2017Q3": 0,
    "2017Q4": 0,
    "2018Q1": 0,
    "2018Q2": 0.05,
    "2018Q3": 0.02,
    "2018Q4": 0,
    "2019Q1": 0,
    "2019Q2": 0,
    "2019Q3": 0.29,
    "2019Q4": 0,
    "2020Q1": 0,
    "2020Q2": 0,
    "2020Q3": 0.04,
    "2020Q4": 0,
    "2021Q1": 0,
    "2021Q2": 0,
    "2021Q3": 0,
    "2021Q4": 0,
    "2022Q1": 0,
    "2022Q2": 0.02,
    "2022Q3": 0,
    "2022Q4": 0.01,
    "2023Q1": 0,
    "2023Q2": 0.02,
    "2023Q3": 0,
    "2023Q4": 0,
    "2024Q1": 0,
    "2024Q2": 0,
    "2024Q3": 0,
    "2024Q4": 0,
    "2025Q1": 0,
    "2025Q2": 0.05,
    "2025Q3": 0.1,
    "2025Q4": 0.96
  },
  "levels": {
    "2015": [
      9789,
      57,
      16,
      7
    ],
    "2016": [
      10049,
      6,
      7,
      4
    ],
    "2017": [
      9863,
      0,
      0,
      0
    ],
    "2018": [
      8601,
      4,
      1,
      1
    ],
    "2019": [
      9192,
      3,
      6,
      6
    ],
    "2020": [
      6854,
      0,
      2,
      1
    ],
    "2021": [
      6232,
      0,
      1,
      0
    ],
    "2022": [
      4797,
      2,
      1,
      1
    ],
    "2023": [
      4954,
      0,
      0,
      1
    ],
    "2024": [
      4337,
      0,
      0,
      0
    ],
    "2025": [
      2835,
      5,
      25,
      5
    ],
    "2015-01": [
      480,
      11,
      2,
      1
    ],
    "2015-02": [
      557,
      5,
      4,
      1
    ],
    "2015-03": [
      824,
      9,
      0,
      3
    ],
    "2015-04": [
      824,
      8,
      7,
      1
    ],
    "2015-05": [
      867,
      22,
      2,
      1
    ],
    "2015-06": [
      907,
      2,
      0,
      0
    ],
    "2015-07": [
      977,
      0,
      0,
      0
    ],
    "2015-08": [
      817,
      0,
      1,
      0
    ],
    "2015-09": [
      900,
      0,
      0,
      0
    ],
    "2015-10": [
      1123,
      0,
      0,
      0
    ],
    "2015-11": [
      788,
      0,
      0,
      0
    ],
    "2015-12": [
      725,
      0,
      0,
      0
    ],
    "2016-01": [
      725,
      0,
      0,
      0
    ],
    "2016-02": [
      1010,
      0,
      0,
      0
    ],
    "2016-03": [
      771,
      0,
      0,
      0
    ],
    "2016-04": [
      695,
      0,
      0,
      0
    ],
    "2016-05": [
      835,
      0,
      0,
      0
    ],
    "2016-06": [
      897,
      0,
      0,
      0
    ],
    "2016-07": [
      804,
      0,
      0,
      0
    ],
    "2016-08": [
      1107,
      0,
      0,
      0
    ],
    "2016-09": [
      949,
      0,
      0,
      0
    ],
    "2016-10": [
      898,
      2,
      4,
      0
    ],
    "2016-11": [
      765,
      4,
      3,
      4
    ],
    "2016-12": [
      593,
      0,
      0,
      0
    ],
    "2017-01": [
      645,
      0,
      0,
      0
    ],
    "2017-02": [
      800,
      0,
      0,
      0
    ],
    "2017-03": [
      764,
      0,
      0,
      0
    ],
    "2017-04": [
      717,
      0,
      0,
      0
    ],
    "2017-05": [
      1055,
      0,
      0,
      0
    ],
    "2017-06": [
      957,
      0,
      0,
      0
    ],
    "2017-07": [
      906,
      0,
      0,
      0
    ],
    "2017-08": [
      1132,
      0,
      0,
      0
    ],
    "2017-09": [
      927,
      0,
      0,
      0
    ],
    "2017-10": [
      628,
      0,
      0,
      0
    ],
    "2017-11": [
      736,
      0,
      0,
      0
    ],
    "2017-12": [
      596,
      0,
      0,
      0
    ],
    "2018-01": [
      887,
      0,
      0,
      0
    ],
    "2018-02": [
      968,
      0,
      0,
      0
    ],
    "2018-03": [
      791,
      0,
      0,
      0
    ],
    "2018-04": [
      743,
      0,
      0,
      0
    ],
    "2018-05": [
      739,
      0,
      0,
      0
    ],
    "2018-06": [
      626,
      0,
      0,
      1
    ],
    "2018-07": [
      635,
      0,
      0,
      0
    ],
    "2018-08": [
      787,
      1,
      1,
      0
    ],
    "2018-09": [
      606,
      2,
      0,
      0
    ],
    "2018-10": [
      717,
      0,
      0,
      0
    ],
    "2018-11": [
      656,
      1,
      0,
      0
    ],
    "2018-12": [
      446,
      0,
      0,
      0
    ],
    "2019-01": [
      623,
      0,
      0,
      0
    ],
    "2019-02": [
      757,
      0,
      0,
      0
    ],
    "2019-03": [
      731,
      0,
      0,
      0
    ],
    "2019-04": [
      943,
      0,
      0,
      0
    ],
    "2019-05": [
      931,
      0,
      0,
      0
    ],
    "2019-06": [
      630,
      0,
      0,
      0
    ],
    "2019-07": [
      813,
      0,
      0,
      0
    ],
    "2019-08": [
      889,
      2,
      6,
      6
    ],
    "2019-09": [
      650,
      1,
      0,
      0
    ],
    "2019-10": [
      851,
      0,
      0,
      0
    ],
    "2019-11": [
      768,
      0,
      0,
      0
    ],
    "2019-12": [
      606,
      0,
      0,
      0
    ],
    "2020-01": [
      643,
      0,
      0,
      0
    ],
    "2020-02": [
      637,
      0,
      0,
      0
    ],
    "2020-03": [
      632,
      0,
      0,
      0
    ],
    "2020-04": [
      605,
      0,
      0,
      0
    ],
    "2020-05": [
      616,
      0,
      0,
      0
    ],
    "2020-06": [
      641,
      0,
      0,
      0
    ],
    "2020-07": [
      587,
      0,
      1,
      1
    ],
    "2020-08": [
      433,
      0,
      0,
      0
    ],
    "2020-09": [
      489,
      0,
      1,
      0
    ],
    "2020-10": [
      544,
      0,
      0,
      0
    ],
    "2020-11": [
      584,
      0,
      0,
      0
    ],
    "2020-12": [
      443,
      0,
      0,
      0
    ],
    "2021-01": [
      717,
      0,
      0,
      0
    ],
    "2021-02": [
      651,
      0,
      0,
      0
    ],
    "2021-03": [
      830,
      0,
      1,
      0
    ],
    "2021-04": [
      688,
      0,
      0,
      0
    ],
    "2021-05": [
      516,
      0,
      0,
      0
    ],
    "2021-06": [
      632,
      0,
      0,
      0
    ],
    "2021-07": [
      463,
      0,
      0,
      0
    ],
    "2021-08": [
      379,
      0,
      0,
      0
    ],
    "2021-09": [
      464,
      0,
      0,
      0
    ],
    "2021-10": [
      101,
      0,
      0,
      0
    ],
    "2021-11": [
      462,
      0,
      0,
      0
    ],
    "2021-12": [
      329,
      0,
      0,
      0
    ],
    "2022-01": [
      401,
      0,
      0,
      0
    ],
    "2022-02": [
      316,
      0,
      0,
      0
    ],
    "2022-03": [
      528,
      0,
      0,
      0
    ],
    "2022-04": [
      306,
      0,
      0,
      0
    ],
    "2022-05": [
      352,
      1,
      0,
      1
    ],
    "2022-06": [
      341,
      0,
      0,
      0
    ],
    "2022-07": [
      460,
      0,
      0,
      0
    ],
    "2022-08": [
      368,
      0,
      0,
      0
    ],
    "2022-09": [
      442,
      0,
      0,
      0
    ],
    "2022-10": [
      465,
      1,
      1,
      0
    ],
    "2022-11": [
      467,
      0,
      0,
      0
    ],
    "2022-12": [
      351,
      0,
      0,
      0
    ],
    "2023-01": [
      480,
      0,
      0,
      0
    ],
    "2023-02": [
      459,
      0,
      0,
      0
    ],
    "2023-03": [
      559,
      0,
      0,
      0
    ],
    "2023-04": [
      424,
      0,
      0,
      0
    ],
    "2023-05": [
      432,
      0,
      0,
      0
    ],
    "2023-06": [
      385,
      0,
      0,
      1
    ],
    "2023-07": [
      431,
      0,
      0,
      0
    ],
    "2023-08": [
      384,
      0,
      0,
      0
    ],
    "2023-09": [
      401,
      0,
      0,
      0
    ],
    "2023-10": [
      468,
      0,
      0,
      0
    ],
    "2023-11": [
      282,
      0,
      0,
      0
    ],
    "2023-12": [
      249,
      0,
      0,
      0
    ],
    "2024-01": [
      361,
      0,
      0,
      0
    ],
    "2024-02": [
      350,
      0,
      0,
      0
    ],
    "2024-03": [
      319,
      0,
      0,
      0
    ],
    "2024-04": [
      332,
      0,
      0,
      0
    ],
    "2024-05": [
      375,
      0,
      0,
      0
    ],
    "2024-06": [
      360,
      0,
      0,
      0
    ],
    "2024-07": [
      436,
      0,
      0,
      0
    ],
    "2024-08": [
      357,
      0,
      0,
      0
    ],
    "2024-09": [
      441,
      0,
      0,
      0
    ],
    "2024-10": [
      437,
      0,
      0,
      0
    ],
    "2024-11": [
      314,
      0,
      0,
      0
    ],
    "2024-12": [
      255,
      0,
      0,
      0
    ],
    "2025-01": [
      304,
      0,
      0,
      0
    ],
    "2025-02": [
      366,
      0,
      0,
      0
    ],
    "2025-03": [
      365,
      0,
      0,
      0
    ],
    "2025-04": [
      244,
      0,
      0,
      0
    ],
    "2025-05": [
      269,
      0,
      0,
      0
    ],
    "2025-06": [
      219,
      2,
      0,
      1
    ],
    "2025-07": [
      282,
      0,
      1,
      0
    ],
    "2025-08": [
      166,
      0,
      2,
      0
    ],
    "2025-09": [
      215,
      0,
      2,
      0
    ],
    "2025-10": [
      167,
      1,
      3,
      1
    ],
    "2025-11": [
      120,
      1,
      7,
      3
    ],
    "2025-12": [
      118,
      1,
      10,
      0
    ],
    "2015Q1": [
      1861,
      25,
      6,
      5
    ],
    "2015Q2": [
      2598,
      32,
      9,
      2
    ],
    "2015Q3": [
      2694,
      0,
      1,
      0
    ],
    "2015Q4": [
      2636,
      0,
      0,
      0
    ],
    "2016Q1": [
      2506,
      0,
      0,
      0
    ],
    "2016Q2": [
      2427,
      0,
      0,
      0
    ],
    "2016Q3": [
      2860,
      0,
      0,
      0
    ],
    "2016Q4": [
      2256,
      6,
      7,
      4
    ],
    "2017Q1": [
      2209,
      0,
      0,
      0
    ],
    "2017Q2": [
      2729,
      0,
      0,
      0
    ],
    "2017Q3": [
      2965,
      0,
      0,
      0
    ],
    "2017Q4": [
      1960,
      0,
      0,
      0
    ],
    "2018Q1": [
      2646,
      0,
      0,
      0
    ],
    "2018Q2": [
      2108,
      0,
      0,
      1
    ],
    "2018Q3": [
      2028,
      3,
      1,
      0
    ],
    "2018Q4": [
      1819,
      1,
      0,
      0
    ],
    "2019Q1": [
      2111,
      0,
      0,
      0
    ],
    "2019Q2": [
      2504,
      0,
      0,
      0
    ],
    "2019Q3": [
      2352,
      3,
      6,
      6
    ],
    "2019Q4": [
      2225,
      0,
      0,
      0
    ],
    "2020Q1": [
      1912,
      0,
      0,
      0
    ],
    "2020Q2": [
      1862,
      0,
      0,
      0
    ],
    "2020Q3": [
      1509,
      0,
      2,
      1
    ],
    "2020Q4": [
      1571,
      0,
      0,
      0
    ],
    "2021Q1": [
      2198,
      0,
      1,
      0
    ],
    "2021Q2": [
      1836,
      0,
      0,
      0
    ],
    "2021Q3": [
      1306,
      0,
      0,
      0
    ],
    "2021Q4": [
      892,
      0,
      0,
      0
    ],
    "2022Q1": [
      1245,
      0,
      0,
      0
    ],
    "2022Q2": [
      999,
      1,
      0,
      1
    ],
    "2022Q3": [
      1270,
      0,
      0,
      0
    ],
    "2022Q4": [
      1283,
      1,
      1,
      0
    ],
    "2023Q1": [
      1498,
      0,
      0,
      0
    ],
    "2023Q2": [
      1241,
      0,
      0,
      1
    ],
    "2023Q3": [
      1216,
      0,
      0,
      0
    ],
    "2023Q4": [
      999,
      0,
      0,
      0
    ],
    "2024Q1": [
      1030,
      0,
      0,
      0
    ],
    "2024Q2": [
      1067,
      0,
      0,
      0
    ],
    "2024Q3": [
      1234,
      0,
      0,
      0
    ],
    "2024Q4": [
      1006,
      0,
      0,
      0
    ],
    "2025Q1": [
      1035,
      0,
      0,
      0
    ],
    "2025Q2": [
      732,
      2,
      0,
      1
    ],
    "2025Q3": [
      663,
      0,
      5,
      0
    ],
    "2025Q4": [
      405,
      3,
      20,
      4
    ]
  },
  "quantile_0": {
    "2015": 0,
    "2016": 0,
    "2017": 0,
    "2018": 0,
    "2019": 0,
    "2020": 0,
    "2021": 0,
    "2022": 0,
    "2023": 0,
    "2024": 0,
    "2025": 0,
    "2015-01": 0,
    "2015-02": 0,
    "2015-03": 0,
    "2015-04": 0,
    "2015-05": 0,
    "2015-06": 0,
    "2015-07": 0,
    "2015-08": 0,
    "2015-09": 0,
    "2015-10": 0,
    "2015-11": 0,
    "2015-12": 0,
    "2016-01": 0,
    "2016-02": 0,
    "2016-03": 0,
    "2016-04": 0,
    "2016-05": 0,
    "2016-06": 0,
    "2016-07": 0,
    "2016-08": 0,
    "2016-09": 0,
    "2016-10": 0,
    "2016-11": 0,
    "2016-12": 0,
    "2017-01": 0,
    "2017-02": 0,
    "2017-03": 0,
    "2017-04": 0,
    "2017-05": 0,
    "2017-06": 0,
    "2017-07": 0,
    "2017-08": 0,
    "2017-09": 0,
    "2017-10": 0,
    "2017-11": 0,
    "2017-12": 0,
    "2018-01": 0,
    "2018-02": 0,
    "2018-03": 0,
    "2018-04": 0,
    "2018-05": 0,
    "2018-06": 0,
    "2018-07": 0,
    "2018-08": 0,
    "2018-09": 0,
    "2018-10": 0,
    "2018-11": 0,
    "2018-12": 0,
    "2019-01": 0,
    "2019-02": 0,
    "2019-03": 0,
    "2019-04": 0,
    "2019-05": 0,
    "2019-06": 0,
    "2019-07": 0,
    "2019-08": 0,
    "2019-09": 0,
    "2019-10": 0,
    "2019-11": 0,
    "2019-12": 0,
    "2020-01": 0,
    "2020-02": 0,
    "2020-03": 0,
    "2020-04": 0,
    "2020-05": 0,
    "2020-06": 0,
    "2020-07": 0,
    "2020-08": 0,
    "2020-09": 0,
    "2020-10": 0,
    "2020-11": 0,
    "2020-12": 0,
    "2021-01": 0,
    "2021-02": 0,
    "2021-03": 0,
    "2021-04": 0,
    "2021-05": 0,
    "2021-06": 0,
    "2021-07": 0,
    "2021-08": 0,
    "2021-09": 0,
    "2021-10": 0,
    "2021-11": 0,
    "2021-12": 0,
    "2022-01": 0,
    "2022-02": 0,
    "2022-03": 0,
    "2022-04": 0,
    "2022-05": 0,
    "2022-06": 0,
    "2022-07": 0,
    "2022-08": 0,
    "2022-09": 0,
    "2022-10": 0,
    "2022-11": 0,
    "2022-12": 0,
    "2023-01": 0,
    "2023-02": 0,
    "2023-03": 0,
    "2023-04": 0,
    "2023-05": 0,
    "2023-06": 0,
    "2023-07": 0,
    "2023-08": 0,
    "2023-09": 0,
    "2023-10": 0,
    "2023-11": 0,
    "2023-12": 0,
    "2024-01": 0,
    "2024-02": 0,
    "2024-03": 0,
    "2024-04": 0,
    "2024-05": 0,
    "2024-06": 0,
    "2024-07": 0,
    "2024-08": 0,
    "2024-09": 0,
    "2024-10": 0,
    "2024-11": 0,
    "2024-12": 0,
    "2025-01": 0,
    "2025-02": 0,
    "2025-03": 0,
    "2025-04": 0,
    "2025-05": 0,
    "2025-06": 0,
    "2025-07": 0,
    "2025-08": 0,
    "2025-09": 0,
    "2025-10": 0,
    "2025-11": 0,
    "2025-12": 0,
    "2015Q1": 0,
    "2015Q2": 0,
    "2015Q3": 0,
    "2015Q4": 0,
    "2016Q1": 0,
    "2016Q2": 0,
    "2016Q3": 0,
    "2016Q4": 0,
    "2017Q1": 0,
    "2017Q2": 0,
    "2017Q3": 0,
    "2017Q4": 0,
    "2018Q1": 0,
    "2018Q2": 0,
    "2018Q3": 0,
    "2018Q4": 0,
    "2019Q1": 0,
    "2019Q2": 0,
    "2019Q3": 0,
    "2019Q4": 0,
    "2020Q1": 0,
    "2020Q2": 0,
    "2020Q3": 0,
    "2020Q4": 0,
    "2021Q1": 0,
    "2021Q2": 0,
    "2021Q3": 0,
    "2021Q4": 0,
    "2022Q1": 0,
    "2022Q2": 0,
    "2022Q3": 0,
    "2022Q4": 0,
    "2023Q1": 0,
    "2023Q2": 0,
    "2023Q3": 0,
    "2023Q4": 0,
    "2024Q1": 0,
    "2024Q2": 0,
    "2024Q3": 0,
    "2024Q4": 0,
    "2025Q1": 0,
    "2025Q2": 0,
    "2025Q3": 0,
    "2025Q4": 0
  },
  "quantile_1": {
    "2015": 0,
    "2016": 0,
    "2017": 0,
    "2018": 0,
    "2019": 0,
    "2020": 0,
    "2021": 0,
    "2022": 0,
    "2023": 0,
    "2024": 0,
    "2025": 0,
    "2015-01": 0,
    "2015-02": 0,
    "2015-03": 0,
    "2015-04": 0,
    "2015-05": 0,
    "2015-06": 0,
    "2015-07": 0,
    "2015-08": 0,
    "2015-09": 0,
    "2015-10": 0,
    "2015-11": 0,
    "2015-12": 0,
    "2016-01": 0,
    "2016-02": 0,
    "2016-03": 0,
    "2016-04": 0,
    "2016-05": 0,
    "2016-06": 0,
    "2016-07": 0,
    "2016-08": 0,
    "2016-09": 0,
    "2016-10": 0,
    "2016-11": 0,
    "2016-12": 0,
    "2017-01": 0,
    "2017-02": 0,
    "2017-03": 0,
    "2017-04": 0,
    "2017-05": 0,
    "2017-06": 0,
    "2017-07": 0,
    "2017-08": 0,
    "2017-09": 0,
    "2017-10": 0,
    "2017-11": 0,
    "2017-12": 0,
    "2018-01": 0,
    "2018-02": 0,
    "2018-03": 0,
    "2018-04": 0,
    "2018-05": 0,
    "2018-06": 0,
    "2018-07": 0,
    "2018-08": 0,
    "2018-09": 0,
    "2018-10": 0,
    "2018-11": 0,
    "2018-12": 0,
    "2019-01": 0,
    "2019-02": 0,
    "2019-03": 0,
    "2019-04": 0,
    "2019-05": 0,
    "2019-06": 0,
    "2019-07": 0,
    "2019-08": 0,
    "2019-09": 0,
    "2019-10": 0,
    "2019-11": 0,
    "2019-12": 0,
    "2020-01": 0,
    "2020-02": 0,
    "2020-03": 0,
    "2020-04": 0,
    "2020-05": 0,
    "2020-06": 0,
    "2020-07": 0,
    "2020-08": 0,
    "2020-09": 0,
    "2020-10": 0,
    "2020-11": 0,
    "2020-12": 0,
    "2021-01": 0,
    "2021-02": 0,
    "2021-03": 0,
    "2021-04": 0,
    "2021-05": 0,
    "2021-06": 0,
    "2021-07": 0,
    "2021-08": 0,
    "2021-09": 0,
    "2021-10": 0,
    "2021-11": 0,
    "2021-12": 0,
    "2022-01": 0,
    "2022-02": 0,
    "2022-03": 0,
    "2022-04": 0,
    "2022-05": 0,
    "2022-06": 0,
    "2022-07": 0,
    "2022-08": 0,
    "2022-09": 0,
    "2022-10": 0,
    "2022-11": 0,
    "2022-12": 0,
    "2023-01": 0,
    "2023-02": 0,
    "2023-03": 0,
    "2023-04": 0,
    "2023-05": 0,
    "2023-06": 0,
    "2023-07": 0,
    "2023-08": 0,
    "2023-09": 0,
    "2023-10": 0,
    "2023-11": 0,
    "2023-12": 0,
    "2024-01": 0,
    "2024-02": 0,
    "2024-03": 0,
    "2024-04": 0,
    "2024-05": 0,
    "2024-06": 0,
    "2024-07": 0,
    "2024-08": 0,
    "2024-09": 0,
    "2024-10": 0,
    "2024-11": 0,
    "2024-12": 0,
    "2025-01": 0,
    "2025-02": 0,
    "2025-03": 0,
    "2025-04": 0,
    "2025-05": 0,
    "2025-06": 0,
    "2025-07": 0,
    "2025-08": 0,
    "2025-09": 0,
    "2025-10": 0,
    "2025-11": 0,
    "2025-12": 0,
    "2015Q1": 0,
    "2015Q2": 0,
    "2015Q3": 0,
    "2015Q4": 0,
    "2016Q1": 0,
    "2016Q2": 0,
    "2016Q3": 0,
    "2016Q4": 0,
    "2017Q1": 0,
    "2017Q2": 0,
    "2017Q3": 0,
    "2017Q4": 0,
    "2018Q1": 0,
    "2018Q2": 0,
    "2018Q3": 0,
    "2018Q4": 0,
    "2019Q1": 0,
    "2019Q2": 0,
    "2019Q3": 0,
    "2019Q4": 0,
    "2020Q1": 0,
    "2020Q2": 0,
    "2020Q3": 0,
    "2020Q4": 0,
    "2021Q1": 0,
    "2021Q2": 0,
    "2021Q3": 0,
    "2021Q4": 0,
    "2022Q1": 0,
    "2022Q2": 0,
    "2022Q3": 0,
    "2022Q4": 0,
    "2023Q1": 0,
    "2023Q2": 0,
    "2023Q3": 0,
    "2023Q4": 0,
    "2024Q1": 0,
    "2024Q2": 0,
    "2024Q3": 0,
    "2024Q4": 0,
    "2025Q1": 0,
    "2025Q2": 0,
    "2025Q3": 0,
    "2025Q4": 0
  },
  "quantile_2": {
    "2015": 0,
    "2016": 0,
    "2017": 0,
    "2018": 0,
    "2019": 0,
    "2020": 0,
    "2021": 0,
    "2022": 0,
    "2023": 0,
    "2024": 0,
    "2025": 0,
    "2015-01": 0,
    "2015-02": 0,
    "2015-03": 0,
    "2015-04": 0,
    "2015-05": 0,
    "2015-06": 0,
    "2015-07": 0,
    "2015-08": 0,
    "2015-09": 0,
    "2015-10": 0,
    "2015-11": 0,
    "2015-12": 0,
    "2016-01": 0,
    "2016-02": 0,
    "2016-03": 0,
    "2016-04": 0,
    "2016-05": 0,
    "2016-06": 0,
    "2016-07": 0,
    "2016-08": 0,
    "2016-09": 0,
    "2016-10": 0,
    "2016-11": 0,
    "2016-12": 0,
    "2017-01": 0,
    "2017-02": 0,
    "2017-03": 0,
    "2017-04": 0,
    "2017-05": 0,
    "2017-06": 0,
    "2017-07": 0,
    "2017-08": 0,
    "2017-09": 0,
    "2017-10": 0,
    "2017-11": 0,
    "2017-12": 0,
    "2018-01": 0,
    "2018-02": 0,
    "2018-03": 0,
    "2018-04": 0,
    "2018-05": 0,
    "2018-06": 0,
    "2018-07": 0,
    "2018-08": 0,
    "2018-09": 0,
    "2018-10": 0,
    "2018-11": 0,
    "2018-12": 0,
    "2019-01": 0,
    "2019-02": 0,
    "2019-03": 0,
    "2019-04": 0,
    "2019-05": 0,
    "2019-06": 0,
    "2019-07": 0,
    "2019-08": 0,
    "2019-09": 0,
    "2019-10": 0,
    "2019-11": 0,
    "2019-12": 0,
    "2020-01": 0,
    "2020-02": 0,
    "2020-03": 0,
    "2020-04": 0,
    "2020-05": 0,
    "2020-06": 0,
    "2020-07": 0,
    "2020-08": 0,
    "2020-09": 0,
    "2020-10": 0,
    "2020-11": 0,
    "2020-12": 0,
    "2021-01": 0,
    "2021-02": 0,
    "2021-03": 0,
    "2021-04": 0,
    "2021-05": 0,
    "2021-06": 0,
    "2021-07": 0,
    "2021-08": 0,
    "2021-09": 0,
    "2021-10": 0,
    "2021-11": 0,
    "2021-12": 0,
    "2022-01": 0,
    "2022-02": 0,
    "2022-03": 0,
    "2022-04": 0,
    "2022-05": 0,
    "2022-06": 0,
    "2022-07": 0,
    "2022-08": 0,
    "2022-09": 0,
    "2022-10": 0,
    "2022-11": 0,
    "2022-12": 0,
    "2023-01": 0,
    "2023-02": 0,
    "2023-03": 0,
    "2023-04": 0,
    "2023-05": 0,
    "2023-06": 0,
    "2023-07": 0,
    "2023-08": 0,
    "2023-09": 0,
    "2023-10": 0,
    "2023-11": 0,
    "2023-12": 0,
    "2024-01": 0,
    "2024-02": 0,
    "2024-03": 0,
    "2024-04": 0,
    "2024-05": 0,
    "2024-06": 0,
    "2024-07": 0,
    "2024-08": 0,
    "2024-09": 0,
    "2024-10": 0,
    "2024-11": 0,
    "2024-12": 0,
    "2025-01": 0,
    "2025-02": 0,
    "2025-03": 0,
    "2025-04": 0,
    "2025-05": 0,
    "2025-06": 0,
    "2025-07": 0,
    "2025-08": 0,
    "2025-09": 0,
    "2025-10": 0,
    "2025-11": 0,
    "2025-12": 0,
    "2015Q1": 0,
    "2015Q2": 0,
    "2015Q3": 0,
    "2015Q4": 0,
    "2016Q1": 0,
    "2016Q2": 0,
    "2016Q3": 0,
    "2016Q4": 0,
    "2017Q1": 0,
    "2017Q2": 0,
    "2017Q3": 0,
    "2017Q4": 0,
    "2018Q1": 0,
    "2018Q2": 0,
    "2018Q3": 0,
    "2018Q4": 0,
    "2019Q1": 0,
    "2019Q2": 0,
    "2019Q3": 0,
    "2019Q4": 0,
    "2020Q1": 0,
    "2020Q2": 0,
    "2020Q3": 0,
    "2020Q4": 0,
    "2021Q1": 0,
    "2021Q2": 0,
    "2021Q3": 0,
    "2021Q4": 0,
    "2022Q1": 0,
    "2022Q2": 0,
    "2022Q3": 0,
    "2022Q4": 0,
    "2023Q1": 0,
    "2023Q2": 0,
    "2023Q3": 0,
    "2023Q4": 0,
    "2024Q1": 0,
    "2024Q2": 0,
    "2024Q3": 0,
    "2024Q4": 0,
    "2025Q1": 0,
    "2025Q2": 0,
    "2025Q3": 0,
    "2025Q4": 0
  },
  "quantile_3": {
    "2015": 0,
    "2016": 0,
    "2017": 0,
    "2018": 0,
    "2019": 0,
    "2020": 0,
    "2021": 0,
    "2022": 0,
    "2023": 0,
    "2024": 0,
    "2025": 0,
    "2015-01": 0,
    "2015-02": 0,
    "2015-03": 0,
    "2015-04": 0,
    "2015-05": 0,
    "2015-06": 0,
    "2015-07": 0,
    "2015-08": 0,
    "2015-09": 0,
    "2015-10": 0,
    "2015-11": 0,
    "2015-12": 0,
    "2016-01": 0,
    "2016-02": 0,
    "2016-03": 0,
    "2016-04": 0,
    "2016-05": 0,
    "2016-06": 0,
    "2016-07": 0,
    "2016-08": 0,
    "2016-09": 0,
    "2016-10": 0,
    "2016-11": 0,
    "2016-12": 0,
    "2017-01": 0,
    "2017-02": 0,
    "2017-03": 0,
    "2017-04": 0,
    "2017-05": 0,
    "2017-06": 0,
    "2017-07": 0,
    "2017-08": 0,
    "2017-09": 0,
    "2017-10": 0,
    "2017-11": 0,
    "2017-12": 0,
    "2018-01": 0,
    "2018-02": 0,
    "2018-03": 0,
    "2018-04": 0,
    "2018-05": 0,
    "2018-06": 0,
    "2018-07": 0,
    "2018-08": 0,
    "2018-09": 0,
    "2018-10": 0,
    "2018-11": 0,
    "2018-12": 0,
    "2019-01": 0,
    "2019-02": 0,
    "2019-03": 0,
    "2019-04": 0,
    "2019-05": 0,
    "2019-06": 0,
    "2019-07": 0,
    "2019-08": 0,
    "2019-09": 0,
    "2019-10": 0,
    "2019-11": 0,
    "2019-12": 0,
    "2020-01": 0,
    "2020-02": 0,
    "2020-03": 0,
    "2020-04": 0,
    "2020-05": 0,
    "2020-06": 0,
    "2020-07": 0,
    "2020-08": 0,
    "2020-09": 0,
    "2020-10": 0,
    "2020-11": 0,
    "2020-12": 0,
    "2021-01": 0,
    "2021-02": 0,
    "2021-03": 0,
    "2021-04": 0,
    "2021-05": 0,
    "2021-06": 0,
    "2021-07": 0,
    "2021-08": 0,
    "2021-09": 0,
    "2021-10": 0,
    "2021-11": 0,
    "2021-12": 0,
    "2022-01": 0,
    "2022-02": 0,
    "2022-03": 0,
    "2022-04": 0,
    "2022-05": 0,
    "2022-06": 0,
    "2022-07": 0,
    "2022-08": 0,
    "2022-09": 0,
    "2022-10": 0,
    "2022-11": 0,
    "2022-12": 0,
    "2023-01": 0,
    "2023-02": 0,
    "2023-03": 0,
    "2023-04": 0,
    "2023-05": 0,
    "2023-06": 0,
    "2023-07": 0,
    "2023-08": 0,
    "2023-09": 0,
    "2023-10": 0,
    "2023-11": 0,
    "2023-12": 0,
    "2024-01": 0,
    "2024-02": 0,
    "2024-03": 0,
    "2024-04": 0,
    "2024-05": 0,
    "2024-06": 0,
    "2024-07": 0,
    "2024-08": 0,
    "2024-09": 0,
    "2024-10": 0,
    "2024-11": 0,
    "2024-12": 0,
    "2025-01": 0,
    "2025-02": 0,
    "2025-03": 0,
    "2025-04": 0,
    "2025-05": 0,
    "2025-06": 0,
    "2025-07": 0,
    "2025-08": 0,
    "2025-09": 0,
    "2025-10": 0,
    "2025-11": 0,
    "2025-12": 0,
    "2015Q1": 0,
    "2015Q2": 0,
    "2015Q3": 0,
    "2015Q4": 0,
    "2016Q1": 0,
    "2016Q2": 0,
    "2016Q3": 0,
    "2016Q4": 0,
    "2017Q1": 0,
    "2017Q2": 0,
    "2017Q3": 0,
    "2017Q4": 0,
    "2018Q1": 0,
    "2018Q2": 0,
    "2018Q3": 0,
    "2018Q4": 0,
    "2019Q1": 0,
    "2019Q2": 0,
    "2019Q3": 0,
    "2019Q4": 0,
    "2020Q1": 0,
    "2020Q2": 0,
    "2020Q3": 0,
    "2020Q4": 0,
    "2021Q1": 0,
    "2021Q2": 0,
    "2021Q3": 0,
    "2021Q4": 0,
    "2022Q1": 0,
    "2022Q2": 0,
    "2022Q3": 0,
    "2022Q4": 0,
    "2023Q1": 0,
    "2023Q2": 0,
    "2023Q3": 0,
    "2023Q4": 0,
    "2024Q1": 0,
    "2024Q2": 0,
    "2024Q3": 0,
    "2024Q4": 0,
    "2025Q1": 0,
    "2025Q2": 0,
    "2025Q3": 0,
    "2025Q4": 0
  },
  "quantile_4": {
    "2015": 70,
    "2016": 30,
    "2017": 1,
    "2018": 91,
    "2019": 122,
    "2020": 28,
    "2021": 9,
    "2022": 20,
    "2023": 20,
    "2024": 0,
    "2025": 28,
    "2015-01": 44,
    "2015-02": 34,
    "2015-03": 70,
    "2015-04": 29,
    "2015-05": 21,
    "2015-06": 6,
    "2015-07": 2,
    "2015-08": 15,
    "2015-09": 1,
    "2015-10": 1,
    "2015-11": 1,
    "2015-12": 1,
    "2016-01": 1,
    "2016-02": 1,
    "2016-03": 1,
    "2016-04": 1,
    "2016-05": 1,
    "2016-06": 1,
    "2016-07": 1,
    "2016-08": 1,
    "2016-09": 3,
    "2016-10": 14,
    "2016-11": 30,
    "2016-12": 0,
    "2017-01": 0,
    "2017-02": 1,
    "2017-03": 0,
    "2017-04": 0,
    "2017-05": 0,
    "2017-06": 1,
    "2017-07": 0,
    "2017-08": 1,
    "2017-09": 0,
    "2017-10": 1,
    "2017-11": 1,
    "2017-12": 3,
    "2018-01": 1,
    "2018-02": 1,
    "2018-03": 0,
    "2018-04": 1,
    "2018-05": 1,
    "2018-06": 91,
    "2018-07": 2,
    "2018-08": 14,
    "2018-09": 4,
    "2018-10": 1,
    "2018-11": 5,
    "2018-12": 0,
    "2019-01": 1,
    "2019-02": 1,
    "2019-03": 0,
    "2019-04": 0,
    "2019-05": 0,
    "2019-06": 1,
    "2019-07": 1,
    "2019-08": 122,
    "2019-09": 7,
    "2019-10": 0,
    "2019-11": 1,
    "2019-12": 0,
    "2020-01": 1,
    "2020-02": 1,
    "2020-03": 1,
    "2020-04": 1,
    "2020-05": 1,
    "2020-06": 0,
    "2020-07": 28,
    "2020-08": 1,
    "2020-09": 12,
    "2020-10": 0,
    "2020-11": 0,
    "2020-12": 0,
    "2021-01": 0,
    "2021-02": 0,
    "2021-03": 9,
    "2021-04": 0,
    "2021-05": 0,
    "2021-06": 0,
    "2021-07": 0,
    "2021-08": 0,
    "2021-09": 0,
    "2021-10": 0,
    "2021-11": 0,
    "2021-12": 0,
    "2022-01": 0,
    "2022-02": 1,
    "2022-03": 0,
    "2022-04": 0,
    "2022-05": 20,
    "2022-06": 0,
    "2022-07": 0,
    "2022-08": 0,
    "2022-09": 1,
    "2022-10": 10,
    "2022-11": 0,
    "2022-12": 0,
    "2023-01": 0,
    "2023-02": 0,
    "2023-03": 0,
    "2023-04": 0,
    "2023-05": 0,
    "2023-06": 20,
    "2023-07": 0,
    "2023-08": 1,
    "2023-09": 0,
    "2023-10": 0,
    "2023-11": 0,
    "2023-12": 0,
    "2024-01": 0,
    "2024-02": 0,
    "2024-03": 0,
    "2024-04": 0,
    "2024-05": 0,
    "2024-06": 0,
    "2024-07": 0,
    "2024-08": 0,
    "2024-09": 0,
    "2024-10": 0,
    "2024-11": 0,
    "2024-12": 0,
    "2025-01": 0,
    "2025-02": 0,
    "2025-03": 3,
    "2025-04": 3,
    "2025-05": 1,
    "2025-06": 27,
    "2025-07": 13,
    "2025-08": 9,
    "2025-09": 15,
    "2025-10": 21,
    "2025-11": 28,
    "2025-12": 15,
    "2015Q1": 70,
    "2015Q2": 29,
    "2015Q3": 15,
    "2015Q4": 1,
    "2016Q1": 1,
    "2016Q2": 1,
    "2016Q3": 3,
    "2016Q4": 30,
    "2017Q1": 1,
    "2017Q2": 1,
    "2017Q3": 1,
    "2017Q4": 3,
    "2018Q1": 1,
    "2018Q2": 91,
    "2018Q3": 14,
    "2018Q4": 5,
    "2019Q1": 1,
    "2019Q2": 1,
    "2019Q3": 122,
    "2019Q4": 1,
    "2020Q1": 1,
    "2020Q2": 1,
    "2020Q3": 28,
    "2020Q4": 0,
    "2021Q1": 9,
    "2021Q2": 0,
    "2021Q3": 0,
    "2021Q4": 0,
    "2022Q1": 1,
    "2022Q2": 20,
    "2022Q3": 1,
    "2022Q4": 10,
    "2023Q1": 0,
    "2023Q2": 20,
    "2023Q3": 1,
    "2023Q4": 0,
    "2024Q1": 0,
    "2024Q2": 0,
    "2024Q3": 0,
    "2024Q4": 0,
    "2025Q1": 3,
    "2025Q2": 27,
    "2025Q3": 15,
    "2025Q4": 28
  }
}