[
  {
    "name": "dev-cloud-native-0",
    "commits": 4,
    "issues_active": 0,
    "response_speed": 52
  },
  {
    "name": "dev-cloud-native-1",
    "commits": 26,
    "issues_active": 19,
    "response_speed": 59
  },
  {
    "name": "dev-cloud-native-2",
    "commits": 49,
    "issues_active": 19,
    "response_speed": 11
  },
  {
    "name": "dev-cloud-native-3",
    "commits": 20,
    "issues_active": 18,
    "response_speed": 56
  },
  {
    "name": "dev-cloud-native-4",
    "commits": 45,
    "issues_active": 9,
    "response_speed": 72
  },
  {
    "name": "dev-cloud-native-5",
    "commits": 6,
    "issues_active": 1,
    "response_speed": 16
  },
  {
    "name": "dev-cloud-native-6",
    "commits": 15,
    "issues_active": 7,
    "response_speed": 42
  },
  {
    "name": "dev-cloud-native-7",
    "commits": 40,
    "issues_active": 10,
    "response_speed": 72
  },
  {
    "name": "dev-cloud-native-8",
    "commits": 38,
    "issues_active": 9,
    "response_speed": 5
  },
  {
    "name": "dev-cloud-native-9",
    "commits": 10,
    "issues_active": 2,
    "response_speed": 26
  },
  {
    "name": "dev-cloud-native-10",
    "commits": 50,
    "issues_active": 6,
    "response_speed": 42
  },
  {
    "name": "dev-cloud-native-11",
    "commits": 42,
    "issues_active": 3,
    "response_speed": 7
  },
  {
    "name": "dev-cloud-native-12",
    "commits": 33,
    "issues_active": 12,
    "response_speed": 65
  },
  {
    "name": "dev-cloud-native-13",
    "commits": 22,
    "issues_active": 9,
    "response_speed": 64
  },
  {
    "name": "dev-cloud-native-14",
    "commits": 20,
    "issues_active": 17,
    "response_speed": 18
  }
]