[
  {
    "name": "dev-database-systems-0",
    "commits": 41,
    "issues_active": 2,
    "response_speed": 28
  },
  {
    "name": "dev-database-systems-1",
    "commits": 2,
    "issues_active": 16,
    "response_speed": 26
  },
  {
    "name": "dev-database-systems-2",
    "commits": 32,
    "issues_active": 14,
    "response_speed": 52
  },
  {
    "name": "dev-database-systems-3",
    "commits": 30,
    "issues_active": 15,
    "response_speed": 35
  },
  {
    "name": "dev-database-systems-4",
    "commits": 18,
    "issues_active": 0,
    "response_speed": 22
  },
  {
    "name": "dev-database-systems-5",
    "commits": 25,
    "issues_active": 18,
    "response_speed": 52
  },
  {
    "name": "dev-database-systems-6",
    "commits": 7,
    "issues_active": 18,
    "response_speed": 22
  },
  {
    "name": "dev-database-systems-7",
    "commits": 41,
    "issues_active": 14,
    "response_speed": 31
  },
  {
    "name": "dev-database-systems-8",
    "commits": 31,
    "issues_active": 14,
    "response_speed": 40
  },
  {
    "name": "dev-database-systems-9",
    "commits": 32,
    "issues_active": 3,
    "response_speed": 38
  },
  {
    "name": "dev-database-systems-10",
    "commits": 43,
    "issues_active": 7,
    "response_speed": 20
  },
  {
    "name": "dev-database-systems-11",
    "commits": 25,
    "issues_active": 15,
    "response_speed": 49
  },
  {
    "name": "dev-database-systems-12",
    "commits": 6,
    "issues_active": 0,
    "response_speed": 51
  },
  {
    "name": "dev-database-systems-13",
    "commits": 47,
    "issues_active": 4,
    "response_speed": 18
  },
  {
    "name": "dev-database-systems-14",
    "commits": 13,
    "issues_active": 19,
    "response_speed": 63
  },
  {
    "name": "dev-database-systems-15",
    "commits": 23,
    "issues_active": 13,
    "response_speed": 6
  },
  {
    "name": "dev-database-systems-16",
    "commits": 46,
    "issues_active": 5,
    "response_speed": 20
  },
  {
    "name": "dev-database-systems-17",
    "commits": 5,
    "issues_active": 19,
    "response_speed": 33
  },
  {
    "name": "dev-database-systems-18",
    "commits": 15,
    "issues_active": 8,
    "response_speed": 39
  },
  {
    "name": "dev-database-systems-19",
    "commits": 7,
    "issues_active": 17,
    "response_speed": 50
  },
  {
    "name": "dev-database-systems-20",
    "commits": 15,
    "issues_active": 17,
    "response_speed": 14
  },
  {
    "name": "dev-database-systems-21",
    "commits": 44,
    "issues_active": 2,
    "response_speed": 25
  },
  {
    "name": "dev-database-systems-22",
    "commits": 16,
    "issues_active": 3,
    "response_speed": 17
  },
  {
    "name": "dev-database-systems-23",
    "commits": 15,
    "issues_active": 4,
    "response_speed": 59
  },
  {
    "name": "dev-database-systems-24",
    "commits": 28,
    "issues_active": 17,
    "response_speed": 31
  }
]