{
  "2015": [
    "skybert",
    "homeworkprod",
    "cerivera",
    "phouse512",
    "untitaker",
    "fordhurley",
    "Carreau",
    "RealSalmon",
    "ozbek",
    "ezyang",
    "jeffwidman",
    "sourya",
    "dthul",
    "AvivC",
    "bsutherland",
    "moonshadow",
    "hidavy",
    "accraze",
    "Aayush-Kasurde",
    "alexwlchan",
    "menghan",
    "lobeck",
    "d0ugal",
    "cvrebert",
    "cbron",
    "ThiefMaster",
    "charleswhchan",
    "lord63",
    "justinwp",
    "brettgerry",
    "keyanp",
    "Hardtack",
    "jmcarp",
    "andyxning",
    "redian",
    "JonasGroeger",
    "mjpieters",
    "nvie",
    "Windfarer",
    "mypetyak",
    "wodim",
    "keyan",
    "WayneYe",
    "idrisr",
    "flying-sheep",
    "Parkayun",
    "msiyaj",
    "KWinston",
    "nickjj",
    "mjhennig",
    "zevav",
    "timofurrer"
  ],
  "2016": [
    "SaturnR",
    "homeworkprod",
    "jezdez",
    "untitaker",
    "ryanbackman",
    "bngsudheer",
    "cgoldberg",
    "ameya-pandilwar",
    "dcfix",
    "xlotlu",
    "r0fls",
    "sanderl-mediamonks",
    "Sanjurjo7",
    "etothemanders",
    "jphilipsen05",
    "chaosagent",
    "jeffwidman",
    "Purring",
    "davidism",
    "ben4ever",
    "gliptak",
    "mrecachinas",
    "Thalmann",
    "mattrobenolt",
    "welchbj",
    "pra85",
    "avborhanian",
    "danielquinn",
    "pablogamboa",
    "kumabotz",
    "mitsuhiko",
    "alexk307",
    "stephane",
    "Akasurde",
    "ericdill",
    "dougthor42",
    "svenstaro",
    "alexyer",
    "teichopsia-",
    "homoSapiensSapiens",
    "bdh1011",
    "mapleoin",
    "dongweiming",
    "AustenDSouza",
    "ThiefMaster",
    "Heasummn",
    "nivm",
    "sprin",
    "lord63",
    "miguelgrinberg",
    "gunbei",
    "karlw00t",
    "OrangeTux",
    "clenimar",
    "gaetan-petit",
    "quobit",
    "ezramorris",
    "jsoref",
    "dawran6",
    "adamchainz",
    "pheanex",
    "fengsp",
    "yoavram",
    "jirikuncar",
    "aqueiros",
    "antsar",
    "erogers6264",
    "JamesTFarrington",
    "georgschoelly",
    "bfontaine",
    "magne4000",
    "sloria",
    "mjpieters",
    "wgwz",
    "jonafato",
    "fchapoton",
    "geusebi",
    "pombredanne",
    "hyunchel",
    "dataforger",
    "ArchRoller",
    "keyan",
    "r-m-n",
    "bagratte",
    "SilverWingedSeraph",
    "jsonbrazeal",
    "sjbrown",
    "drewja",
    "shakib609",
    "ahmedakef",
    "Hopsken",
    "KWinston",
    "wldtyp",
    "RaHus",
    "nateprewitt",
    "gpjt",
    "wojcikstefan",
    "iakbar",
    "prachikhadke",
    "nadavge"
  ],
  "2017": [
    "ageitgey",
    "jab",
    "kislyuk",
    "asmith26",
    "untitaker",
    "zevaverbach",
    "grantwwu",
    "lepture",
    "jlara310",
    "r0fls",
    "iref",
    "bijanvakili",
    "liebald",
    "runartrollet",
    "neilvictorgrey",
    "henrycjc",
    "jeffwidman",
    "Tafkas",
    "leviroth",
    "trirpi",
    "doobeh",
    "davidism",
    "jrbaez01",
    "rzelayafavila",
    "thomasoflight",
    "eltonlaw",
    "accraze",
    "vojtekb",
    "tullyrankin",
    "barracks510",
    "HndrkMkt",
    "Larivact",
    "alemangui",
    "cerickson",
    "johnbodley",
    "ka7",
    "morenoh149",
    "mitsuhiko",
    "jaapz",
    "vioan",
    "camilojimenez",
    "kennethreitz",
    "erebus1",
    "svenstaro",
    "brennv",
    "wdhorton",
    "jmsdvl",
    "tony",
    "Caratpine",
    "vvector079",
    "ka7eh",
    "prmtl",
    "antlarr",
    "MikeTheReader",
    "proog",
    "ThiefMaster",
    "edbrannin",
    "chuanma",
    "nnja",
    "BenRuns",
    "miguelgrinberg",
    "SergioDS",
    "bovarysme",
    "mrnom",
    "dawran6",
    "astralblue",
    "hugovk",
    "openmorse",
    "antsar",
    "Diggsey",
    "sobolevn",
    "staticfox",
    "grahamlutz",
    "wgwz",
    "devlance",
    "asilversempirical",
    "tristanfisher",
    "hallazzang",
    "kblomqvist",
    "geoffreybauduin",
    "zebpalmer",
    "greyli",
    "pigletfly",
    "ImgBotApp",
    "rgerganov",
    "swanhtet1992",
    "drewja",
    "combinatorist",
    "Ostrovski",
    "D4D3VD4V3",
    "BogdanAlexandru",
    "aqt01",
    "RaHus",
    "brycepg",
    "vkroz",
    "roysc2",
    "domandinho",
    "nficano",
    "rocambolesque",
    "markshannon",
    "sorech02",
    "onovy",
    "JohnMoutafis"
  ],
  "2018": [
    "billfienberg",
    "FadhelC",
    "untitaker",
    "lepture",
    "Alexis-benoist",
    "dayiguizhen",
    "loomchild",
    "red-alert",
    "codeaditya",
    "davidism",
    "schafle",
    "data-get",
    "dchevell",
    "kivS",
    "cykerway",
    "danielopitz",
    "rochacbruno",
    "filipefilardi",
    "pope1ni",
    "jwflory",
    "aaronchall",
    "quamilek",
    "obestwalter",
    "garenchan",
    "mitsuhiko",
    "dmarasquin",
    "jesseops",
    "Nickatak",
    "mgalgs",
    "Olujedai",
    "tombusby",
    "ThiefMaster",
    "anowlcalledjosh",
    "bast",
    "nicolaiarocci",
    "wimglenn",
    "greyli",
    "saulurias",
    "cktan98",
    "zcchen",
    "CasterWx",
    "jarek",
    "senarclens",
    "nsiregar",
    "jangjunha",
    "fprocess"
  ],
  "2019": [
    "Mellcap",
    "lamby",
    "jab",
    "gruentee",
    "Lee-W",
    "homeworkprod",
    "eladm26",
    "abhinavsagar",
    "icreatedanaccount",
    "colincadams",
    "Abdur-rahmaanJ",
    "nathanbegbie",
    "EtiennePelletier",
    "johnzeringue",
    "bearnun",
    "jakseb",
    "Jamim",
    "Vicolatope",
    "paulgb",
    "asottile",
    "thiagojobson",
    "nathanmp",
    "ultimecia7",
    "Eido95",
    "decaz",
    "doobeh",
    "davidism",
    "eruvanos",
    "mekarpeles",
    "tomowind",
    "doronhorwitz",
    "jseldess",
    "scrosby",
    "Tom-McDonald",
    "rochacbruno",
    "mattrobenolt",
    "cclauss",
    "aadibajpai",
    "stepharr",
    "pgjones",
    "linchiwei123",
    "garenchan",
    "jon-stumpf",
    "qil026",
    "arnavb",
    "dougthor42",
    "seeksort",
    "haneybarg",
    "pwlandoll",
    "tbm",
    "IgnasiBosch",
    "ThiefMaster",
    "aligoren",
    "brunoais",
    "DiegoAlbertoTorres",
    "rtilk89",
    "lordmauve",
    "chivalry",
    "sharmaadarsh563",
    "EJEP",
    "erfanio",
    "adamchainz",
    "elbeardmorez",
    "JBonser",
    "gokcegrbl",
    "csirmazbendeguz",
    "RyanSquared",
    "igortg",
    "cslecrone",
    "RohanTalip",
    "bbbbx",
    "vorelq",
    "jaydarius",
    "carsonip",
    "greyli",
    "vtbassmatt",
    "LindsayYoung",
    "ExplodingCabbage",
    "taion",
    "tirkarthi",
    "fantix",
    "MakDon",
    "zabbal",
    "christopherzimmerman",
    "singingwolfboy",
    "hharutyunyan",
    "shidenggui",
    "eso31",
    "DamianSkrzypczak",
    "LBWright",
    "alecbrooks",
    "onovy"
  ],
  "2020": [
    "jordivandooren",
    "jab",
    "stat1c-void",
    "pre-commit-ci[bot]",
    "darcatron",
    "kylepollina",
    "jeffwidman",
    "plourenco",
    "gpakosz",
    "davidism",
    "lgiordani",
    "ryuichi1208",
    "girst",
    "nphilipp",
    "miquelvir",
    "valleygtc",
    "mitsuhiko",
    "Ebram96",
    "mattc41190",
    "lathamfell",
    "fjarri",
    "HenryKobin",
    "AlanSwenson",
    "noviluni",
    "kevinanew",
    "jackwardell",
    "kx-chen",
    "iomintz",
    "bartbroere",
    "sanders41",
    "RDIL",
    "hvnsweeting",
    "jeenuv",
    "frostming",
    "sblondon",
    "chrisngyn",
    "gnumoksha",
    "pgkrit",
    "yingshaoxo",
    "YKo20010",
    "shanavas786",
    "DKMDebugin",
    "candleindark",
    "mvolfik",
    "greyli",
    "tirkarthi",
    "shoeffner",
    "ongopongo",
    "ebonnecab",
    "sarthakchaudhary13",
    "DeepOde",
    "lielfr",
    "raymond-devries",
    "dependabot-preview[bot]",
    "MartinThoma"
  ],
  "2021": [
    "esadek",
    "tonydelanuez",
    "KPLauritzen",
    "jab",
    "brettlangdon",
    "Elahi-cs",
    "pre-commit-ci[bot]",
    "kaushikk25",
    "yuxiaoy1",
    "decaz",
    "davidism",
    "rafaVls",
    "Rohan-Salwan",
    "kkirsche",
    "pgjones",
    "huimingz",
    "aphedges",
    "andrewjroth",
    "HenryKobin",
    "vinzid",
    "delicb",
    "eprigorodov",
    "dependabot[bot]",
    "oleksis",
    "sprutner",
    "ThiefMaster",
    "miguelgrinberg",
    "olliemath",
    "default-303",
    "awijaya22",
    "nabbisen",
    "dannysepler",
    "Yourun-proger",
    "starlightknown",
    "Makonede",
    "pcorpet",
    "Hugo0",
    "laggardkernel",
    "elliott-king",
    "greyli",
    "jugmac00",
    "Mindiell",
    "matipau",
    "mbpreble",
    "dependabot-preview[bot]",
    "kangetsu121",
    "na2shell",
    "Jalkhov"
  ],
  "2022": [
    "bebleo",
    "lecovi",
    "f3ndot",
    "colincadams",
    "Abdur-rahmaanJ",
    "pre-commit-ci[bot]",
    "Dosenpfand",
    "mgu",
    "zr40",
    "ivanovmg",
    "moondial-pal",
    "davidism",
    "prohde",
    "dzcode",
    "citramon",
    "uedvt359",
    "otherJL0",
    "DenverCoder1",
    "octopoulpe",
    "hallacy",
    "kkirsche",
    "pgjones",
    "nkabrown",
    "tusharsadhwani",
    "rayanth",
    "mhsmathew",
    "waffle-stomper",
    "MeViMo",
    "hankhank10",
    "eprigorodov",
    "dependabot[bot]",
    "marian-vignau",
    "nk9",
    "ionesu",
    "mirskiy",
    "tautv",
    "lbm98",
    "TehBrian",
    "rzimmerdev",
    "K900",
    "cameronthecoder",
    "isaacwoodruff",
    "wdscxsj",
    "sfermigier",
    "greyli",
    "Numerlor",
    "tiesjan",
    "tjrhines1",
    "qingpeng9802",
    "msalau",
    "oguzhancelikarslan",
    "Jalkhov"
  ],
  "2023": [
    "adamtheturtle",
    "dependabot[bot]",
    "pavithra-m13",
    "akinolaemmanuel49",
    "AntoineMath",
    "pamelafox",
    "hauntsaninja",
    "Resistor-git",
    "pre-commit-ci[bot]",
    "pgjones",
    "EtiennePelletier",
    "dannyi96",
    "huebs",
    "gultas",
    "bhushan-mohanraj",
    "Jeroendevr",
    "ivanovmg",
    "evgenymozhaev",
    "lucaswerkmeister",
    "lettow-humain",
    "lizardwine",
    "emisargent",
    "ToolMoney",
    "pg1992",
    "davidism",
    "MohammadMMoniri",
    "raboof",
    "owgreen",
    "firefly-cpp",
    "nick2202",
    "muffinmad"
  ],
  "2024": [
    "dependabot[bot]",
    "Siecje",
    "jaketanis",
    "greyli",
    "CheeseCake87",
    "pre-commit-ci[bot]",
    "pgjones",
    "azmeuk",
    "webknjaz",
    "JamesMRamm",
    "Josecespedesant",
    "kurtatter",
    "Lopkop",
    "MirMohammadd",
    "amrear",
    "davidism",
    "r04922101",
    "CatarinaPBressan"
  ],
  "2025": [
    "dunkmann00",
    "s-hamann",
    "GrantBirki",
    "CoolCat467",
    "tvuotila",
    "zhuangzhuang",
    "kotvkvante",
    "davidism",
    "kadai0308",
    "strugee"
  ],
  "2015-01": [
    "RealSalmon",
    "homeworkprod",
    "cerivera",
    "Parkayun",
    "brettgerry",
    "mypetyak"
  ],
  "2015-02": [
    "keyanp",
    "ThiefMaster",
    "cvrebert",
    "ezyang",
    "jeffwidman",
    "phouse512"
  ],
  "2015-03": [
    "ThiefMaster",
    "skybert",
    "untitaker",
    "keyanp",
    "idrisr",
    "KWinston",
    "sourya",
    "mjpieters",
    "bsutherland",
    "cbron"
  ],
  "2015-04": [
    "alexwlchan",
    "KWinston",
    "flying-sheep",
    "charleswhchan",
    "andyxning",
    "untitaker"
  ],
  "2015-05": [
    "Carreau",
    "moonshadow",
    "nickjj",
    "justinwp",
    "fordhurley",
    "ozbek"
  ],
  "2015-06": [
    "keyan",
    "menghan",
    "nvie",
    "ThiefMaster",
    "Hardtack",
    "untitaker",
    "jmcarp"
  ],
  "2015-07": [
    "lobeck",
    "WayneYe",
    "zevav",
    "mjhennig",
    "Aayush-Kasurde"
  ],
  "2015-10": [
    "msiyaj",
    "hidavy",
    "timofurrer"
  ],
  "2015-11": [
    "JonasGroeger",
    "Windfarer",
    "lord63",
    "redian",
    "dthul",
    "wodim"
  ],
  "2015-12": [
    "AvivC",
    "accraze",
    "lord63",
    "d0ugal"
  ],
  "2016-01": [
    "Akasurde",
    "jeffwidman",
    "nivm",
    "miguelgrinberg",
    "nadavge"
  ],
  "2016-02": [
    "ThiefMaster",
    "jonafato",
    "lord63",
    "ericdill",
    "pra85"
  ],
  "2016-03": [
    "homoSapiensSapiens",
    "bdh1011",
    "mattrobenolt",
    "welchbj",
    "gaetan-petit",
    "AustenDSouza",
    "gunbei",
    "erogers6264"
  ],
  "2016-04": [
    "sprin",
    "lord63",
    "untitaker",
    "keyan",
    "danielquinn",
    "bagratte",
    "quobit",
    "fengsp",
    "KWinston",
    "stephane",
    "chaosagent",
    "jeffwidman",
    "sloria"
  ],
  "2016-05": [
    "mapleoin",
    "dataforger",
    "homeworkprod",
    "jezdez",
    "miguelgrinberg",
    "cgoldberg",
    "mitsuhiko",
    "adamchainz",
    "Sanjurjo7",
    "yoavram",
    "wojcikstefan",
    "ben4ever",
    "fchapoton"
  ],
  "2016-06": [
    "hyunchel",
    "ArchRoller",
    "untitaker",
    "avborhanian",
    "karlw00t",
    "ryanbackman",
    "bngsudheer",
    "ameya-pandilwar",
    "SilverWingedSeraph",
    "dcfix",
    "jsonbrazeal",
    "dawran6",
    "etothemanders",
    "jphilipsen05",
    "antsar",
    "RaHus",
    "wldtyp",
    "JamesTFarrington",
    "georgschoelly",
    "davidism",
    "bfontaine",
    "prachikhadke",
    "geusebi"
  ],
  "2016-07": [
    "hyunchel",
    "shakib609",
    "ahmedakef",
    "wgwz",
    "jeffwidman",
    "alexyer"
  ],
  "2016-08": [
    "teichopsia-",
    "SaturnR",
    "OrangeTux",
    "untitaker",
    "jsoref",
    "sanderl-mediamonks",
    "dawran6",
    "pheanex",
    "antsar",
    "nateprewitt",
    "wgwz"
  ],
  "2016-09": [
    "dongweiming",
    "untitaker",
    "r-m-n",
    "pablogamboa",
    "drewja",
    "mitsuhiko",
    "aqueiros",
    "dougthor42",
    "magne4000",
    "iakbar",
    "ben4ever",
    "wgwz",
    "Thalmann"
  ],
  "2016-10": [
    "Heasummn",
    "wgwz",
    "mrecachinas",
    "Purring",
    "xlotlu",
    "clenimar"
  ],
  "2016-11": [
    "pombredanne",
    "jezdez",
    "clenimar",
    "kumabotz",
    "ezramorris",
    "sjbrown",
    "alexk307",
    "gpjt",
    "mjpieters"
  ],
  "2016-12": [
    "Hopsken",
    "gliptak",
    "jirikuncar",
    "r0fls",
    "untitaker",
    "svenstaro"
  ],
  "2017-01": [
    "kblomqvist",
    "barracks510",
    "wgwz",
    "onovy",
    "jeffwidman",
    "brycepg",
    "r0fls",
    "drewja"
  ],
  "2017-02": [
    "nficano",
    "jeffwidman",
    "vojtekb",
    "swanhtet1992",
    "combinatorist",
    "prmtl"
  ],
  "2017-03": [
    "edbrannin",
    "greyli",
    "BenRuns",
    "lepture",
    "johnbodley",
    "iref",
    "Diggsey",
    "staticfox",
    "svenstaro",
    "eltonlaw"
  ],
  "2017-04": [
    "antlarr",
    "ageitgey",
    "jab",
    "greyli",
    "SergioDS",
    "ka7",
    "dawran6",
    "liebald",
    "RaHus",
    "sobolevn",
    "davidism",
    "rocambolesque",
    "accraze",
    "asilversempirical"
  ],
  "2017-05": [
    "kislyuk",
    "untitaker",
    "zevaverbach",
    "jlara310",
    "runartrollet",
    "neilvictorgrey",
    "Tafkas",
    "leviroth",
    "doobeh",
    "davidism",
    "jrbaez01",
    "rzelayafavila",
    "tullyrankin",
    "HndrkMkt",
    "Larivact",
    "cerickson",
    "vioan",
    "kennethreitz",
    "jmsdvl",
    "vvector079",
    "ka7eh",
    "MikeTheReader",
    "nnja",
    "bovarysme",
    "dawran6",
    "openmorse",
    "antsar",
    "wgwz",
    "geoffreybauduin",
    "zebpalmer",
    "pigletfly",
    "Ostrovski",
    "D4D3VD4V3",
    "aqt01",
    "markshannon",
    "sorech02"
  ],
  "2017-06": [
    "tristanfisher",
    "greyli",
    "miguelgrinberg",
    "grantwwu",
    "astralblue",
    "trirpi",
    "grahamlutz",
    "davidism",
    "wdhorton",
    "tony",
    "JohnMoutafis"
  ],
  "2017-07": [
    "davidism",
    "bijanvakili",
    "asmith26",
    "erebus1"
  ],
  "2017-08": [
    "hallazzang",
    "thomasoflight",
    "brennv",
    "devlance",
    "chuanma",
    "alemangui"
  ],
  "2017-09": [
    "jaapz",
    "ImgBotApp",
    "greyli"
  ],
  "2017-10": [
    "roysc2",
    "davidism",
    "henrycjc",
    "hugovk",
    "mrnom",
    "Caratpine",
    "rgerganov",
    "BogdanAlexandru"
  ],
  "2017-11": [
    "domandinho",
    "ThiefMaster",
    "proog",
    "mitsuhiko"
  ],
  "2017-12": [
    "davidism",
    "lepture",
    "camilojimenez",
    "accraze",
    "greyli",
    "vkroz",
    "morenoh149"
  ],
  "2018-01": [
    "davidism",
    "lepture",
    "nsiregar",
    "Nickatak",
    "greyli",
    "FadhelC",
    "mitsuhiko"
  ],
  "2018-02": [
    "davidism",
    "zcchen",
    "anowlcalledjosh",
    "mitsuhiko"
  ],
  "2018-03": [
    "lepture",
    "greyli"
  ],
  "2018-04": [
    "kivS",
    "rochacbruno",
    "ThiefMaster",
    "filipefilardi",
    "greyli",
    "pope1ni",
    "lepture",
    "red-alert",
    "davidism",
    "dmarasquin",
    "jesseops",
    "wimglenn",
    "fprocess"
  ],
  "2018-05": [
    "danielopitz",
    "greyli",
    "saulurias",
    "lepture",
    "aaronchall",
    "bast",
    "nicolaiarocci",
    "davidism",
    "mgalgs"
  ],
  "2018-06": [
    "schafle",
    "billfienberg",
    "senarclens",
    "ThiefMaster",
    "dayiguizhen",
    "quamilek",
    "greyli"
  ],
  "2018-07": [
    "cktan98",
    "jwflory"
  ],
  "2018-08": [
    "Alexis-benoist"
  ],
  "2018-09": [
    "davidism",
    "tombusby",
    "loomchild",
    "garenchan",
    "greyli"
  ],
  "2018-10": [
    "jangjunha",
    "Olujedai",
    "garenchan",
    "codeaditya"
  ],
  "2018-11": [
    "cykerway",
    "jarek",
    "data-get",
    "untitaker",
    "dchevell"
  ],
  "2018-12": [
    "obestwalter",
    "CasterWx"
  ],
  "2019-01": [
    "bbbbx",
    "mattrobenolt",
    "cclauss",
    "IgnasiBosch",
    "carsonip",
    "greyli",
    "colincadams",
    "ExplodingCabbage",
    "nathanbegbie",
    "stepharr",
    "taion",
    "tirkarthi",
    "garenchan",
    "EJEP",
    "eso31",
    "dougthor42",
    "igortg",
    "davidism",
    "RohanTalip",
    "onovy",
    "jseldess"
  ],
  "2019-02": [
    "tbm"
  ],
  "2019-03": [
    "greyli"
  ],
  "2019-04": [
    "greyli",
    "zabbal"
  ],
  "2019-05": [
    "jab",
    "Lee-W",
    "abhinavsagar",
    "icreatedanaccount",
    "Abdur-rahmaanJ",
    "EtiennePelletier",
    "johnzeringue",
    "jakseb",
    "ultimecia7",
    "doobeh",
    "davidism",
    "eruvanos",
    "mekarpeles",
    "tomowind",
    "scrosby",
    "Tom-McDonald",
    "rochacbruno",
    "pgjones",
    "qil026",
    "pwlandoll",
    "brunoais",
    "DiegoAlbertoTorres",
    "rtilk89",
    "lordmauve",
    "chivalry",
    "sharmaadarsh563",
    "adamchainz",
    "elbeardmorez",
    "JBonser",
    "gokcegrbl",
    "RyanSquared",
    "vorelq",
    "jaydarius",
    "vtbassmatt",
    "LindsayYoung",
    "fantix",
    "singingwolfboy",
    "shidenggui",
    "DamianSkrzypczak",
    "alecbrooks"
  ],
  "2019-06": [
    "davidism",
    "paulgb",
    "cslecrone",
    "LBWright",
    "aligoren",
    "eladm26",
    "jon-stumpf",
    "Vicolatope"
  ],
  "2019-07": [
    "davidism",
    "asottile",
    "abhinavsagar",
    "ThiefMaster",
    "linchiwei123",
    "aadibajpai",
    "MakDon",
    "greyli"
  ],
  "2019-08": [
    "csirmazbendeguz",
    "Eido95",
    "gruentee",
    "arnavb",
    "greyli",
    "christopherzimmerman"
  ],
  "2019-09": [
    "davidism",
    "hharutyunyan",
    "nathanmp",
    "bearnun"
  ],
  "2019-10": [
    "haneybarg",
    "davidism",
    "Mellcap",
    "decaz",
    "lamby",
    "doronhorwitz",
    "pgjones",
    "seeksort"
  ],
  "2019-11": [
    "davidism",
    "homeworkprod",
    "Jamim",
    "greyli",
    "erfanio",
    "thiagojobson"
  ],
  "2020-02": [
    "yingshaoxo",
    "candleindark",
    "greyli",
    "RDIL",
    "ongopongo",
    "mitsuhiko",
    "kylepollina",
    "lathamfell",
    "frostming",
    "gpakosz",
    "davidism",
    "raymond-devries",
    "noviluni"
  ],
  "2020-03": [
    "kevinanew",
    "gnumoksha",
    "mattc41190",
    "jeffwidman"
  ],
  "2020-04": [
    "davidism",
    "shanavas786",
    "jackwardell",
    "valleygtc",
    "pgkrit",
    "jeenuv"
  ],
  "2020-05": [
    "davidism",
    "dependabot-preview[bot]"
  ],
  "2020-06": [
    "lgiordani",
    "dependabot-preview[bot]",
    "AlanSwenson",
    "jeffwidman",
    "kx-chen",
    "iomintz"
  ],
  "2020-07": [
    "jab",
    "jackwardell",
    "greyli",
    "stat1c-void",
    "ebonnecab",
    "mitsuhiko",
    "DeepOde",
    "davidism",
    "chrisngyn",
    "dependabot-preview[bot]",
    "MartinThoma"
  ],
  "2020-08": [
    "ryuichi1208",
    "dependabot-preview[bot]",
    "jab",
    "ongopongo",
    "greyli",
    "YKo20010"
  ],
  "2020-09": [
    "sblondon",
    "dependabot-preview[bot]",
    "Ebram96",
    "miquelvir",
    "girst"
  ],
  "2020-10": [
    "DKMDebugin",
    "mvolfik",
    "greyli",
    "bartbroere",
    "sanders41",
    "shoeffner",
    "fjarri",
    "dependabot-preview[bot]",
    "HenryKobin",
    "nphilipp"
  ],
  "2020-11": [
    "pre-commit-ci[bot]",
    "tirkarthi",
    "darcatron",
    "sarthakchaudhary13",
    "hvnsweeting",
    "plourenco",
    "lielfr",
    "davidism",
    "dependabot-preview[bot]"
  ],
  "2020-12": [
    "jordivandooren",
    "pre-commit-ci[bot]"
  ],
  "2021-01": [
    "dependabot-preview[bot]",
    "huimingz",
    "elliott-king",
    "greyli"
  ],
  "2021-02": [
    "davidism",
    "mbpreble",
    "dependabot-preview[bot]",
    "tonydelanuez",
    "pre-commit-ci[bot]",
    "greyli"
  ],
  "2021-03": [
    "davidism",
    "dependabot-preview[bot]",
    "kangetsu121",
    "pre-commit-ci[bot]",
    "pgjones",
    "greyli"
  ],
  "2021-04": [
    "davidism",
    "dependabot[bot]",
    "dependabot-preview[bot]",
    "ThiefMaster",
    "pre-commit-ci[bot]",
    "pgjones",
    "greyli"
  ],
  "2021-05": [
    "dependabot[bot]",
    "pcorpet",
    "oleksis",
    "laggardkernel",
    "ThiefMaster",
    "jab",
    "greyli",
    "brettlangdon",
    "default-303",
    "pre-commit-ci[bot]",
    "pgjones",
    "decaz",
    "dannysepler",
    "aphedges",
    "andrewjroth",
    "davidism",
    "rafaVls"
  ],
  "2021-06": [
    "dependabot[bot]",
    "Hugo0",
    "laggardkernel",
    "pgjones",
    "greyli",
    "miguelgrinberg",
    "yuxiaoy1"
  ],
  "2021-07": [
    "dependabot[bot]",
    "Elahi-cs",
    "pre-commit-ci[bot]",
    "yuxiaoy1"
  ],
  "2021-08": [
    "dependabot[bot]",
    "esadek",
    "greyli",
    "default-303",
    "awijaya22",
    "pre-commit-ci[bot]",
    "kaushikk25",
    "nabbisen",
    "yuxiaoy1",
    "davidism",
    "Yourun-proger",
    "Rohan-Salwan",
    "starlightknown",
    "na2shell"
  ],
  "2021-09": [
    "dependabot[bot]",
    "kkirsche",
    "pre-commit-ci[bot]",
    "Jalkhov",
    "Mindiell"
  ],
  "2021-10": [
    "davidism",
    "sprutner",
    "KPLauritzen",
    "matipau",
    "Makonede",
    "Jalkhov"
  ],
  "2021-11": [
    "davidism",
    "eprigorodov",
    "HenryKobin",
    "pgjones",
    "vinzid",
    "delicb"
  ],
  "2021-12": [
    "davidism",
    "dependabot[bot]",
    "Yourun-proger",
    "greyli",
    "olliemath",
    "jugmac00"
  ],
  "2022-01": [
    "davidism",
    "otherJL0",
    "cameronthecoder"
  ],
  "2022-02": [
    "davidism",
    "sfermigier",
    "K900",
    "colincadams",
    "Abdur-rahmaanJ",
    "pre-commit-ci[bot]",
    "greyli",
    "mgu"
  ],
  "2022-03": [
    "davidism",
    "dependabot[bot]",
    "uedvt359",
    "tusharsadhwani",
    "pgjones",
    "greyli",
    "octopoulpe"
  ],
  "2022-04": [
    "davidism",
    "lbm98",
    "dependabot[bot]",
    "bebleo",
    "rzimmerdev",
    "MeViMo"
  ],
  "2022-05": [
    "lecovi",
    "dzcode",
    "citramon",
    "marian-vignau",
    "ionesu",
    "f3ndot",
    "hallacy",
    "nkabrown",
    "qingpeng9802",
    "moondial-pal",
    "davidism"
  ],
  "2022-06": [
    "lecovi",
    "eprigorodov",
    "nk9",
    "Numerlor",
    "kkirsche",
    "pgjones",
    "mirskiy",
    "davidism",
    "hankhank10"
  ],
  "2022-07": [
    "davidism",
    "dependabot[bot]",
    "tiesjan",
    "pre-commit-ci[bot]",
    "pgjones",
    "greyli",
    "Jalkhov",
    "zr40"
  ],
  "2022-08": [
    "davidism",
    "kkirsche",
    "pre-commit-ci[bot]",
    "oguzhancelikarslan",
    "prohde",
    "tautv",
    "tjrhines1"
  ],
  "2022-09": [
    "waffle-stomper",
    "pre-commit-ci[bot]",
    "msalau",
    "isaacwoodruff",
    "wdscxsj"
  ],
  "2022-10": [
    "TehBrian",
    "pre-commit-ci[bot]",
    "DenverCoder1",
    "mhsmathew"
  ],
  "2022-11": [
    "davidism",
    "pre-commit-ci[bot]",
    "Dosenpfand"
  ],
  "2022-12": [
    "davidism",
    "ivanovmg",
    "pre-commit-ci[bot]",
    "rayanth",
    "greyli"
  ],
  "2023-01": [
    "davidism",
    "dependabot[bot]",
    "bhushan-mohanraj",
    "pgjones"
  ],
  "2023-02": [
    "davidism",
    "dependabot[bot]",
    "owgreen",
    "ivanovmg",
    "AntoineMath",
    "pre-commit-ci[bot]",
    "muffinmad"
  ],
  "2023-03": [
    "davidism",
    "gultas",
    "dependabot[bot]",
    "evgenymozhaev"
  ],
  "2023-04": [
    "adamtheturtle",
    "dependabot[bot]",
    "pamelafox",
    "pre-commit-ci[bot]",
    "EtiennePelletier",
    "lettow-humain",
    "lucaswerkmeister",
    "emisargent",
    "davidism"
  ],
  "2023-05": [
    "davidism",
    "Jeroendevr",
    "dependabot[bot]",
    "pgjones",
    "pg1992"
  ],
  "2023-06": [
    "davidism",
    "MohammadMMoniri",
    "dependabot[bot]",
    "pre-commit-ci[bot]",
    "ToolMoney"
  ],
  "2023-07": [
    "dependabot[bot]",
    "pamelafox",
    "pre-commit-ci[bot]"
  ],
  "2023-08": [
    "davidism",
    "dependabot[bot]",
    "pavithra-m13",
    "pre-commit-ci[bot]",
    "pgjones",
    "hauntsaninja"
  ],
  "2023-09": [
    "dependabot[bot]",
    "nick2202",
    "pgjones"
  ],
  "2023-10": [
    "akinolaemmanuel49",
    "Resistor-git",
    "firefly-cpp",
    "raboof"
  ],
  "2023-11": [
    "davidism",
    "dependabot[bot]",
    "dannyi96"
  ],
  "2023-12": [
    "dependabot[bot]",
    "pre-commit-ci[bot]",
    "lizardwine",
    "huebs"
  ],
  "2024-01": [
    "davidism",
    "dependabot[bot]",
    "pre-commit-ci[bot]"
  ],
  "2024-02": [
    "davidism",
    "dependabot[bot]",
    "r04922101",
    "Siecje",
    "pre-commit-ci[bot]"
  ],
  "2024-04": [
    "davidism",
    "dependabot[bot]",
    "pgjones",
    "webknjaz"
  ],
  "2024-05": [
    "davidism",
    "dependabot[bot]",
    "jaketanis",
    "pre-commit-ci[bot]",
    "azmeuk",
    "MirMohammadd",
    "JamesMRamm"
  ],
  "2024-06": [
    "dependabot[bot]",
    "pre-commit-ci[bot]",
    "pgjones"
  ],
  "2024-07": [
    "dependabot[bot]",
    "pre-commit-ci[bot]",
    "Lopkop",
    "amrear"
  ],
  "2024-08": [
    "dependabot[bot]",
    "pre-commit-ci[bot]"
  ],
  "2024-10": [
    "davidism",
    "CatarinaPBressan",
    "greyli"
  ],
  "2024-11": [
    "davidism",
    "kurtatter",
    "CheeseCake87",
    "Josecespedesant"
  ],
  "2025-03": [
    "davidism",
    "zhuangzhuang",
    "dunkmann00",
    "kotvkvante",
    "CoolCat467",
    "s-hamann"
  ],
  "2025-05": [
    "davidism",
    "strugee"
  ],
  "2025-06": [
    "davidism"
  ],
  "2025-08": [
    "davidism",
    "kadai0308",
    "GrantBirki",
    "tvuotila"
  ],
  "2025-09": [
    "davidism"
  ],
  "2015Q1": [
    "ThiefMaster",
    "skybert",
    "homeworkprod",
    "cerivera",
    "phouse512",
    "untitaker",
    "brettgerry",
    "mypetyak",
    "keyanp",
    "idrisr",
    "RealSalmon",
    "Parkayun",
    "KWinston",
    "cvrebert",
    "ezyang",
    "jeffwidman",
    "sourya",
    "mjpieters",
    "bsutherland",
    "cbron"
  ],
  "2015Q2": [
    "alexwlchan",
    "menghan",
    "nvie",
    "ThiefMaster",
    "charleswhchan",
    "untitaker",
    "fordhurley",
    "justinwp",
    "keyan",
    "Carreau",
    "flying-sheep",
    "Hardtack",
    "jmcarp",
    "ozbek",
    "KWinston",
    "nickjj",
    "andyxning",
    "moonshadow"
  ],
  "2015Q3": [
    "lobeck",
    "WayneYe",
    "zevav",
    "mjhennig",
    "Aayush-Kasurde"
  ],
  "2015Q4": [
    "Windfarer",
    "lord63",
    "wodim",
    "d0ugal",
    "msiyaj",
    "redian",
    "dthul",
    "JonasGroeger",
    "AvivC",
    "hidavy",
    "accraze",
    "timofurrer"
  ],
  "2016Q1": [
    "homoSapiensSapiens",
    "bdh1011",
    "mattrobenolt",
    "welchbj",
    "ThiefMaster",
    "AustenDSouza",
    "nivm",
    "lord63",
    "miguelgrinberg",
    "pra85",
    "gunbei",
    "gaetan-petit",
    "Akasurde",
    "jeffwidman",
    "ericdill",
    "erogers6264",
    "jonafato",
    "nadavge"
  ],
  "2016Q2": [
    "homeworkprod",
    "jezdez",
    "untitaker",
    "ryanbackman",
    "bngsudheer",
    "cgoldberg",
    "ameya-pandilwar",
    "dcfix",
    "Sanjurjo7",
    "etothemanders",
    "jphilipsen05",
    "chaosagent",
    "jeffwidman",
    "davidism",
    "ben4ever",
    "avborhanian",
    "danielquinn",
    "mitsuhiko",
    "stephane",
    "mapleoin",
    "sprin",
    "lord63",
    "miguelgrinberg",
    "karlw00t",
    "quobit",
    "dawran6",
    "adamchainz",
    "fengsp",
    "yoavram",
    "antsar",
    "JamesTFarrington",
    "georgschoelly",
    "bfontaine",
    "sloria",
    "fchapoton",
    "geusebi",
    "hyunchel",
    "dataforger",
    "ArchRoller",
    "keyan",
    "bagratte",
    "SilverWingedSeraph",
    "jsonbrazeal",
    "KWinston",
    "wldtyp",
    "RaHus",
    "wojcikstefan",
    "prachikhadke"
  ],
  "2016Q3": [
    "teichopsia-",
    "hyunchel",
    "SaturnR",
    "dongweiming",
    "OrangeTux",
    "untitaker",
    "r-m-n",
    "pablogamboa",
    "jsoref",
    "sanderl-mediamonks",
    "dawran6",
    "mitsuhiko",
    "pheanex",
    "drewja",
    "shakib609",
    "ahmedakef",
    "aqueiros",
    "jeffwidman",
    "antsar",
    "nateprewitt",
    "dougthor42",
    "magne4000",
    "iakbar",
    "ben4ever",
    "wgwz",
    "Thalmann",
    "alexyer"
  ],
  "2016Q4": [
    "pombredanne",
    "Heasummn",
    "jezdez",
    "clenimar",
    "untitaker",
    "kumabotz",
    "ezramorris",
    "xlotlu",
    "r0fls",
    "sjbrown",
    "alexk307",
    "Hopsken",
    "jirikuncar",
    "gpjt",
    "Purring",
    "svenstaro",
    "mjpieters",
    "wgwz",
    "gliptak",
    "mrecachinas"
  ],
  "2017Q1": [
    "kblomqvist",
    "barracks510",
    "edbrannin",
    "greyli",
    "BenRuns",
    "lepture",
    "johnbodley",
    "r0fls",
    "drewja",
    "swanhtet1992",
    "combinatorist",
    "iref",
    "jeffwidman",
    "Diggsey",
    "brycepg",
    "staticfox",
    "svenstaro",
    "nficano",
    "wgwz",
    "eltonlaw",
    "onovy",
    "vojtekb",
    "prmtl"
  ],
  "2017Q2": [
    "ageitgey",
    "jab",
    "kislyuk",
    "untitaker",
    "zevaverbach",
    "grantwwu",
    "jlara310",
    "liebald",
    "runartrollet",
    "neilvictorgrey",
    "Tafkas",
    "leviroth",
    "trirpi",
    "doobeh",
    "davidism",
    "jrbaez01",
    "rzelayafavila",
    "accraze",
    "tullyrankin",
    "HndrkMkt",
    "Larivact",
    "cerickson",
    "ka7",
    "vioan",
    "kennethreitz",
    "wdhorton",
    "jmsdvl",
    "tony",
    "vvector079",
    "ka7eh",
    "MikeTheReader",
    "antlarr",
    "nnja",
    "miguelgrinberg",
    "SergioDS",
    "bovarysme",
    "dawran6",
    "astralblue",
    "openmorse",
    "antsar",
    "sobolevn",
    "grahamlutz",
    "wgwz",
    "asilversempirical",
    "tristanfisher",
    "geoffreybauduin",
    "zebpalmer",
    "greyli",
    "pigletfly",
    "Ostrovski",
    "D4D3VD4V3",
    "aqt01",
    "RaHus",
    "rocambolesque",
    "markshannon",
    "sorech02",
    "JohnMoutafis"
  ],
  "2017Q3": [
    "hallazzang",
    "asmith26",
    "chuanma",
    "greyli",
    "alemangui",
    "ImgBotApp",
    "bijanvakili",
    "jaapz",
    "erebus1",
    "davidism",
    "thomasoflight",
    "brennv",
    "devlance"
  ],
  "2017Q4": [
    "ThiefMaster",
    "greyli",
    "lepture",
    "mrnom",
    "rgerganov",
    "BogdanAlexandru",
    "morenoh149",
    "mitsuhiko",
    "henrycjc",
    "hugovk",
    "camilojimenez",
    "vkroz",
    "roysc2",
    "davidism",
    "domandinho",
    "accraze",
    "Caratpine",
    "proog"
  ],
  "2018Q1": [
    "anowlcalledjosh",
    "greyli",
    "FadhelC",
    "lepture",
    "zcchen",
    "mitsuhiko",
    "davidism",
    "nsiregar",
    "Nickatak"
  ],
  "2018Q2": [
    "kivS",
    "billfienberg",
    "danielopitz",
    "rochacbruno",
    "ThiefMaster",
    "filipefilardi",
    "greyli",
    "pope1ni",
    "saulurias",
    "lepture",
    "aaronchall",
    "quamilek",
    "bast",
    "nicolaiarocci",
    "senarclens",
    "dayiguizhen",
    "red-alert",
    "davidism",
    "schafle",
    "dmarasquin",
    "jesseops",
    "mgalgs",
    "wimglenn",
    "fprocess"
  ],
  "2018Q3": [
    "cktan98",
    "jwflory",
    "Alexis-benoist",
    "tombusby",
    "davidism",
    "loomchild",
    "garenchan",
    "greyli"
  ],
  "2018Q4": [
    "dchevell",
    "untitaker",
    "obestwalter",
    "garenchan",
    "CasterWx",
    "jarek",
    "codeaditya",
    "jangjunha",
    "Olujedai",
    "data-get",
    "cykerway"
  ],
  "2019Q1": [
    "bbbbx",
    "mattrobenolt",
    "cclauss",
    "IgnasiBosch",
    "carsonip",
    "greyli",
    "colincadams",
    "ExplodingCabbage",
    "nathanbegbie",
    "stepharr",
    "taion",
    "tirkarthi",
    "garenchan",
    "EJEP",
    "eso31",
    "dougthor42",
    "igortg",
    "davidism",
    "RohanTalip",
    "onovy",
    "jseldess",
    "tbm"
  ],
  "2019Q2": [
    "jab",
    "Lee-W",
    "eladm26",
    "abhinavsagar",
    "icreatedanaccount",
    "Abdur-rahmaanJ",
    "EtiennePelletier",
    "johnzeringue",
    "jakseb",
    "Vicolatope",
    "paulgb",
    "ultimecia7",
    "doobeh",
    "davidism",
    "eruvanos",
    "mekarpeles",
    "tomowind",
    "scrosby",
    "Tom-McDonald",
    "rochacbruno",
    "pgjones",
    "jon-stumpf",
    "qil026",
    "pwlandoll",
    "aligoren",
    "brunoais",
    "DiegoAlbertoTorres",
    "rtilk89",
    "lordmauve",
    "chivalry",
    "sharmaadarsh563",
    "adamchainz",
    "elbeardmorez",
    "JBonser",
    "gokcegrbl",
    "RyanSquared",
    "cslecrone",
    "vorelq",
    "jaydarius",
    "greyli",
    "vtbassmatt",
    "LindsayYoung",
    "fantix",
    "zabbal",
    "singingwolfboy",
    "shidenggui",
    "DamianSkrzypczak",
    "LBWright",
    "alecbrooks"
  ],
  "2019Q3": [
    "ThiefMaster",
    "gruentee",
    "aadibajpai",
    "greyli",
    "abhinavsagar",
    "linchiwei123",
    "MakDon",
    "bearnun",
    "christopherzimmerman",
    "asottile",
    "hharutyunyan",
    "csirmazbendeguz",
    "nathanmp",
    "Eido95",
    "arnavb",
    "davidism"
  ],
  "2019Q4": [
    "Mellcap",
    "lamby",
    "homeworkprod",
    "greyli",
    "pgjones",
    "Jamim",
    "erfanio",
    "thiagojobson",
    "decaz",
    "seeksort",
    "haneybarg",
    "davidism",
    "doronhorwitz"
  ],
  "2020Q1": [
    "yingshaoxo",
    "candleindark",
    "kevinanew",
    "greyli",
    "RDIL",
    "ongopongo",
    "mitsuhiko",
    "kylepollina",
    "mattc41190",
    "jeffwidman",
    "lathamfell",
    "frostming",
    "gpakosz",
    "davidism",
    "raymond-devries",
    "gnumoksha",
    "noviluni"
  ],
  "2020Q2": [
    "shanavas786",
    "jackwardell",
    "kx-chen",
    "iomintz",
    "valleygtc",
    "jeenuv",
    "jeffwidman",
    "davidism",
    "lgiordani",
    "dependabot-preview[bot]",
    "AlanSwenson",
    "pgkrit"
  ],
  "2020Q3": [
    "jab",
    "jackwardell",
    "miquelvir",
    "greyli",
    "stat1c-void",
    "ebonnecab",
    "ongopongo",
    "mitsuhiko",
    "Ebram96",
    "DeepOde",
    "davidism",
    "sblondon",
    "chrisngyn",
    "dependabot-preview[bot]",
    "ryuichi1208",
    "girst",
    "MartinThoma",
    "YKo20010"
  ],
  "2020Q4": [
    "DKMDebugin",
    "jordivandooren",
    "mvolfik",
    "greyli",
    "bartbroere",
    "sanders41",
    "pre-commit-ci[bot]",
    "tirkarthi",
    "shoeffner",
    "darcatron",
    "sarthakchaudhary13",
    "hvnsweeting",
    "plourenco",
    "fjarri",
    "lielfr",
    "davidism",
    "dependabot-preview[bot]",
    "HenryKobin",
    "nphilipp"
  ],
  "2021Q1": [
    "tonydelanuez",
    "elliott-king",
    "greyli",
    "pre-commit-ci[bot]",
    "pgjones",
    "huimingz",
    "davidism",
    "mbpreble",
    "dependabot-preview[bot]",
    "kangetsu121"
  ],
  "2021Q2": [
    "dependabot[bot]",
    "Hugo0",
    "pcorpet",
    "laggardkernel",
    "oleksis",
    "ThiefMaster",
    "jab",
    "greyli",
    "miguelgrinberg",
    "brettlangdon",
    "default-303",
    "pre-commit-ci[bot]",
    "pgjones",
    "yuxiaoy1",
    "decaz",
    "dannysepler",
    "aphedges",
    "andrewjroth",
    "davidism",
    "rafaVls",
    "dependabot-preview[bot]"
  ],
  "2021Q3": [
    "dependabot[bot]",
    "esadek",
    "greyli",
    "default-303",
    "Elahi-cs",
    "awijaya22",
    "kkirsche",
    "pre-commit-ci[bot]",
    "kaushikk25",
    "Mindiell",
    "yuxiaoy1",
    "nabbisen",
    "davidism",
    "Yourun-proger",
    "Rohan-Salwan",
    "starlightknown",
    "na2shell",
    "Jalkhov"
  ],
  "2021Q4": [
    "eprigorodov",
    "dependabot[bot]",
    "sprutner",
    "KPLauritzen",
    "greyli",
    "olliemath",
    "jugmac00",
    "pgjones",
    "matipau",
    "davidism",
    "HenryKobin",
    "Yourun-proger",
    "Makonede",
    "vinzid",
    "Jalkhov",
    "delicb"
  ],
  "2022Q1": [
    "sfermigier",
    "dependabot[bot]",
    "uedvt359",
    "otherJL0",
    "greyli",
    "octopoulpe",
    "colincadams",
    "Abdur-rahmaanJ",
    "pre-commit-ci[bot]",
    "pgjones",
    "mgu",
    "tusharsadhwani",
    "davidism",
    "K900",
    "cameronthecoder"
  ],
  "2022Q2": [
    "bebleo",
    "dependabot[bot]",
    "lecovi",
    "dzcode",
    "citramon",
    "eprigorodov",
    "marian-vignau",
    "nk9",
    "ionesu",
    "f3ndot",
    "Numerlor",
    "hallacy",
    "kkirsche",
    "pgjones",
    "nkabrown",
    "mirskiy",
    "qingpeng9802",
    "lbm98",
    "rzimmerdev",
    "moondial-pal",
    "davidism",
    "MeViMo",
    "hankhank10"
  ],
  "2022Q3": [
    "dependabot[bot]",
    "greyli",
    "tiesjan",
    "kkirsche",
    "pre-commit-ci[bot]",
    "pgjones",
    "tautv",
    "tjrhines1",
    "zr40",
    "msalau",
    "davidism",
    "waffle-stomper",
    "oguzhancelikarslan",
    "prohde",
    "Jalkhov",
    "isaacwoodruff",
    "wdscxsj"
  ],
  "2022Q4": [
    "DenverCoder1",
    "greyli",
    "pre-commit-ci[bot]",
    "Dosenpfand",
    "TehBrian",
    "ivanovmg",
    "rayanth",
    "mhsmathew",
    "davidism"
  ],
  "2023Q1": [
    "dependabot[bot]",
    "AntoineMath",
    "pre-commit-ci[bot]",
    "pgjones",
    "gultas",
    "bhushan-mohanraj",
    "ivanovmg",
    "evgenymozhaev",
    "davidism",
    "owgreen",
    "muffinmad"
  ],
  "2023Q2": [
    "adamtheturtle",
    "dependabot[bot]",
    "pamelafox",
    "pre-commit-ci[bot]",
    "EtiennePelletier",
    "pgjones",
    "Jeroendevr",
    "lettow-humain",
    "lucaswerkmeister",
    "emisargent",
    "ToolMoney",
    "pg1992",
    "davidism",
    "MohammadMMoniri"
  ],
  "2023Q3": [
    "davidism",
    "dependabot[bot]",
    "pavithra-m13",
    "pamelafox",
    "pre-commit-ci[bot]",
    "pgjones",
    "hauntsaninja",
    "nick2202"
  ],
  "2023Q4": [
    "dependabot[bot]",
    "akinolaemmanuel49",
    "Resistor-git",
    "pre-commit-ci[bot]",
    "dannyi96",
    "huebs",
    "raboof",
    "lizardwine",
    "davidism",
    "firefly-cpp"
  ],
  "2024Q1": [
    "davidism",
    "dependabot[bot]",
    "r04922101",
    "Siecje",
    "pre-commit-ci[bot]"
  ],
  "2024Q2": [
    "dependabot[bot]",
    "jaketanis",
    "pre-commit-ci[bot]",
    "pgjones",
    "azmeuk",
    "webknjaz",
    "JamesMRamm",
    "MirMohammadd",
    "davidism"
  ],
  "2024Q3": [
    "dependabot[bot]",
    "pre-commit-ci[bot]",
    "Lopkop",
    "amrear"
  ],
  "2024Q4": [
    "davidism",
    "kurtatter",
    "CheeseCake87",
    "CatarinaPBressan",
    "greyli",
    "Josecespedesant"
  ],
  "2025Q1": [
    "davidism",
    "zhuangzhuang",
    "dunkmann00",
    "kotvkvante",
    "CoolCat467",
    "s-hamann"
  ],
  "2025Q2": [
    "davidism",
    "strugee"
  ],
  "2025Q3": [
    "davidism",
    "kadai0308",
    "GrantBirki",
    "tvuotila"
  ]
}