[
  {
    "name": "dev-ai-labs-0",
    "commits": 34,
    "issues_active": 18,
    "response_speed": 38
  },
  {
    "name": "dev-ai-labs-1",
    "commits": 34,
    "issues_active": 2,
    "response_speed": 45
  },
  {
    "name": "dev-ai-labs-2",
    "commits": 13,
    "issues_active": 19,
    "response_speed": 36
  },
  {
    "name": "dev-ai-labs-3",
    "commits": 49,
    "issues_active": 10,
    "response_speed": 54
  },
  {
    "name": "dev-ai-labs-4",
    "commits": 31,
    "issues_active": 13,
    "response_speed": 69
  },
  {
    "name": "dev-ai-labs-5",
    "commits": 32,
    "issues_active": 19,
    "response_speed": 71
  },
  {
    "name": "dev-ai-labs-6",
    "commits": 31,
    "issues_active": 0,
    "response_speed": 60
  },
  {
    "name": "dev-ai-labs-7",
    "commits": 8,
    "issues_active": 0,
    "response_speed": 70
  },
  {
    "name": "dev-ai-labs-8",
    "commits": 19,
    "issues_active": 6,
    "response_speed": 40
  },
  {
    "name": "dev-ai-labs-9",
    "commits": 20,
    "issues_active": 13,
    "response_speed": 44
  },
  {
    "name": "dev-ai-labs-10",
    "commits": 6,
    "issues_active": 20,
    "response_speed": 34
  },
  {
    "name": "dev-ai-labs-11",
    "commits": 49,
    "issues_active": 4,
    "response_speed": 61
  },
  {
    "name": "dev-ai-labs-12",
    "commits": 23,
    "issues_active": 0,
    "response_speed": 7
  },
  {
    "name": "dev-ai-labs-13",
    "commits": 7,
    "issues_active": 10,
    "response_speed": 54
  },
  {
    "name": "dev-ai-labs-14",
    "commits": 5,
    "issues_active": 19,
    "response_speed": 33
  },
  {
    "name": "dev-ai-labs-15",
    "commits": 10,
    "issues_active": 18,
    "response_speed": 66
  },
  {
    "name": "dev-ai-labs-16",
    "commits": 41,
    "issues_active": 4,
    "response_speed": 14
  },
  {
    "name": "dev-ai-labs-17",
    "commits": 26,
    "issues_active": 20,
    "response_speed": 17
  },
  {
    "name": "dev-ai-labs-18",
    "commits": 6,
    "issues_active": 5,
    "response_speed": 51
  },
  {
    "name": "dev-ai-labs-19",
    "commits": 28,
    "issues_active": 3,
    "response_speed": 51
  }
]