{
  "avg": {
    "2015": 1.63,
    "2016": 2.12,
    "2017": 8.49,
    "2018": 4.82,
    "2019": 13.93,
    "2020": 8.81,
    "2021": 9.56,
    "2022": 8.66,
    "2023": 4.8,
    "2024": 8.08,
    "2025": 7.62,
    "2015-01": 1.62,
    "2015-02": 1.55,
    "2015-03": 1.36,
    "2015-04": 1.8,
    "2015-05": 1.22,
    "2015-06": 0.97,
    "2015-07": 1.02,
    "2015-08": 2.09,
    "2015-09": 1.41,
    "2015-10": 1.03,
    "2015-11": 3.5,
    "2015-12": 1.4,
    "2016-01": 1.77,
    "2016-02": 2.15,
    "2016-03": 1.07,
    "2016-04": 1.34,
    "2016-05": 1.9,
    "2016-06": 0.82,
    "2016-07": 2.96,
    "2016-08": 4.43,
    "2016-09": 1.38,
    "2016-10": 2.02,
    "2016-11": 2.76,
    "2016-12": 2.24,
    "2017-01": 3.84,
    "2017-02": 2.54,
    "2017-03": 3.55,
    "2017-04": 10.22,
    "2017-05": 11.21,
    "2017-06": 7.99,
    "2017-07": 4.58,
    "2017-08": 21.59,
    "2017-09": 7.85,
    "2017-10": 9.81,
    "2017-11": 14.91,
    "2017-12": 5.73,
    "2018-01": 0.79,
    "2018-02": 12.86,
    "2018-03": 3.08,
    "2018-04": 3.4,
    "2018-05": 9.16,
    "2018-06": 3.86,
    "2018-07": 4.21,
    "2018-08": 2.1,
    "2018-09": 4.51,
    "2018-10": 3.21,
    "2018-11": 4.17,
    "2018-12": 9.74,
    "2019-01": 5.92,
    "2019-02": 5.96,
    "2019-03": 22.46,
    "2019-04": 32.64,
    "2019-05": 19.59,
    "2019-06": 8.89,
    "2019-07": 5,
    "2019-08": 13.59,
    "2019-09": 15.29,
    "2019-10": 5.06,
    "2019-11": 16.24,
    "2019-12": 4.69,
    "2020-01": 21.77,
    "2020-02": 5.61,
    "2020-03": 3.88,
    "2020-04": 8.46,
    "2020-05": 6.14,
    "2020-06": 6.08,
    "2020-07": 20.75,
    "2020-08": 12.21,
    "2020-09": 2.75,
    "2020-10": 3.32,
    "2020-11": 3.06,
    "2020-12": 12.07,
    "2021-01": 14.06,
    "2021-02": 2.33,
    "2021-03": 7.39,
    "2021-04": 14.98,
    "2021-05": 13.69,
    "2021-06": 12.11,
    "2021-07": 11.31,
    "2021-08": 21.18,
    "2021-09": 2.47,
    "2021-10": 2.38,
    "2021-11": 0.99,
    "2021-12": 5.13,
    "2022-01": 6.72,
    "2022-02": 17.16,
    "2022-03": 2.84,
    "2022-04": 8.72,
    "2022-05": 9.5,
    "2022-06": 18.52,
    "2022-07": 14.14,
    "2022-08": 1.24,
    "2022-09": 9.13,
    "2022-10": 5.58,
    "2022-11": 14.55,
    "2022-12": 1.63,
    "2023-01": 1.56,
    "2023-02": 8.99,
    "2023-03": 8.67,
    "2023-04": 7.21,
    "2023-05": 0.64,
    "2023-06": 5.65,
    "2023-07": 7.69,
    "2023-08": 1.72,
    "2023-09": 3.11,
    "2023-10": 5.33,
    "2023-11": 4.22,
    "2023-12": 2.18,
    "2024-01": 2.79,
    "2024-02": 16.85,
    "2024-03": 8.71,
    "2024-04": 2.78,
    "2024-05": 7.01,
    "2024-06": 11.76,
    "2024-07": 9.59,
    "2024-08": 7.45,
    "2024-09": 4.22,
    "2024-10": 12.68,
    "2024-11": 8.44,
    "2024-12": 4.42,
    "2025-01": 4.77,
    "2025-02": 7.38,
    "2025-03": 4.54,
    "2025-04": 7.45,
    "2025-05": 7.06,
    "2025-06": 10.43,
    "2025-07": 8.63,
    "2025-08": 9.56,
    "2025-09": 4.84,
    "2025-10": 8.57,
    "2025-11": 12.29,
    "2025-12": 7.28,
    "2015Q1": 1.51,
    "2015Q2": 1.31,
    "2015Q3": 1.49,
    "2015Q4": 2.17,
    "2016Q1": 1.69,
    "2016Q2": 1.32,
    "2016Q3": 3.11,
    "2016Q4": 2.39,
    "2017Q1": 3.43,
    "2017Q2": 9.93,
    "2017Q3": 11.57,
    "2017Q4": 9.82,
    "2018Q1": 4.84,
    "2018Q2": 5.67,
    "2018Q3": 3.62,
    "2018Q4": 5.26,
    "2019Q1": 11.86,
    "2019Q2": 22.28,
    "2019Q3": 11.88,
    "2019Q4": 9.43,
    "2020Q1": 10.64,
    "2020Q2": 7,
    "2020Q3": 12.78,
    "2020Q4": 5.49,
    "2021Q1": 8.34,
    "2021Q2": 13.71,
    "2021Q3": 11.32,
    "2021Q4": 3.17,
    "2022Q1": 8.6,
    "2022Q2": 11.48,
    "2022Q3": 7.43,
    "2022Q4": 7.86,
    "2023Q1": 6.37,
    "2023Q2": 4.74,
    "2023Q3": 4.28,
    "2023Q4": 3.97,
    "2024Q1": 8.94,
    "2024Q2": 7.66,
    "2024Q3": 7.12,
    "2024Q4": 8.42,
    "2025Q1": 5.32,
    "2025Q2": 8.05,
    "2025Q3": 7.8,
    "2025Q4": 10.42
  },
  "levels": {
    "2015": [
      1936,
      59,
      41,
      48
    ],
    "2016": [
      1684,
      86,
      43,
      45
    ],
    "2017": [
      1473,
      94,
      64,
      101
    ],
    "2018": [
      1012,
      55,
      58,
      51
    ],
    "2019": [
      1158,
      90,
      57,
      111
    ],
    "2020": [
      1339,
      71,
      44,
      86
    ],
    "2021": [
      1137,
      52,
      41,
      89
    ],
    "2022": [
      919,
      41,
      41,
      65
    ],
    "2023": [
      1054,
      34,
      33,
      48
    ],
    "2024": [
      1001,
      61,
      68,
      93
    ],
    "2025": [
      571,
      54,
      228,
      67
    ],
    "2015-01": [
      195,
      2,
      4,
      5
    ],
    "2015-02": [
      182,
      3,
      2,
      4
    ],
    "2015-03": [
      185,
      8,
      4,
      2
    ],
    "2015-04": [
      154,
      4,
      6,
      5
    ],
    "2015-05": [
      130,
      3,
      2,
      2
    ],
    "2015-06": [
      195,
      7,
      2,
      3
    ],
    "2015-07": [
      138,
      4,
      2,
      2
    ],
    "2015-08": [
      123,
      6,
      3,
      5
    ],
    "2015-09": [
      150,
      4,
      2,
      2
    ],
    "2015-10": [
      143,
      4,
      1,
      2
    ],
    "2015-11": [
      196,
      7,
      8,
      12
    ],
    "2015-12": [
      145,
      7,
      5,
      4
    ],
    "2016-01": [
      140,
      7,
      11,
      2
    ],
    "2016-02": [
      140,
      6,
      6,
      3
    ],
    "2016-03": [
      129,
      6,
      2,
      2
    ],
    "2016-04": [
      158,
      8,
      3,
      5
    ],
    "2016-05": [
      126,
      11,
      2,
      4
    ],
    "2016-06": [
      168,
      4,
      2,
      1
    ],
    "2016-07": [
      117,
      12,
      2,
      6
    ],
    "2016-08": [
      180,
      10,
      4,
      3
    ],
    "2016-09": [
      127,
      4,
      2,
      3
    ],
    "2016-10": [
      114,
      5,
      3,
      6
    ],
    "2016-11": [
      169,
      7,
      3,
      8
    ],
    "2016-12": [
      116,
      6,
      3,
      2
    ],
    "2017-01": [
      204,
      9,
      9,
      6
    ],
    "2017-02": [
      110,
      6,
      4,
      3
    ],
    "2017-03": [
      135,
      7,
      2,
      7
    ],
    "2017-04": [
      137,
      8,
      7,
      12
    ],
    "2017-05": [
      117,
      8,
      4,
      7
    ],
    "2017-06": [
      98,
      5,
      4,
      6
    ],
    "2017-07": [
      127,
      4,
      5,
      6
    ],
    "2017-08": [
      126,
      14,
      10,
      15
    ],
    "2017-09": [
      148,
      9,
      6,
      15
    ],
    "2017-10": [
      108,
      13,
      6,
      12
    ],
    "2017-11": [
      69,
      7,
      2,
      8
    ],
    "2017-12": [
      94,
      4,
      5,
      4
    ],
    "2018-01": [
      129,
      1,
      2,
      1
    ],
    "2018-02": [
      79,
      3,
      2,
      6
    ],
    "2018-03": [
      92,
      4,
      5,
      3
    ],
    "2018-04": [
      54,
      1,
      2,
      1
    ],
    "2018-05": [
      70,
      8,
      3,
      8
    ],
    "2018-06": [
      81,
      5,
      5,
      7
    ],
    "2018-07": [
      97,
      6,
      5,
      4
    ],
    "2018-08": [
      85,
      3,
      5,
      1
    ],
    "2018-09": [
      70,
      6,
      11,
      2
    ],
    "2018-10": [
      104,
      7,
      6,
      4
    ],
    "2018-11": [
      89,
      7,
      7,
      4
    ],
    "2018-12": [
      62,
      4,
      5,
      10
    ],
    "2019-01": [
      72,
      7,
      7,
      4
    ],
    "2019-02": [
      98,
      9,
      2,
      5
    ],
    "2019-03": [
      91,
      6,
      7,
      10
    ],
    "2019-04": [
      120,
      8,
      8,
      20
    ],
    "2019-05": [
      100,
      7,
      6,
      10
    ],
    "2019-06": [
      84,
      4,
      2,
      6
    ],
    "2019-07": [
      81,
      3,
      1,
      2
    ],
    "2019-08": [
      91,
      9,
      5,
      11
    ],
    "2019-09": [
      86,
      15,
      3,
      13
    ],
    "2019-10": [
      117,
      9,
      6,
      7
    ],
    "2019-11": [
      135,
      4,
      6,
      16
    ],
    "2019-12": [
      83,
      9,
      4,
      7
    ],
    "2020-01": [
      115,
      8,
      4,
      6
    ],
    "2020-02": [
      96,
      4,
      1,
      9
    ],
    "2020-03": [
      125,
      5,
      2,
      5
    ],
    "2020-04": [
      147,
      10,
      8,
      13
    ],
    "2020-05": [
      134,
      15,
      6,
      12
    ],
    "2020-06": [
      108,
      6,
      8,
      5
    ],
    "2020-07": [
      111,
      8,
      2,
      9
    ],
    "2020-08": [
      94,
      4,
      2,
      7
    ],
    "2020-09": [
      92,
      2,
      1,
      2
    ],
    "2020-10": [
      139,
      5,
      7,
      4
    ],
    "2020-11": [
      100,
      3,
      1,
      4
    ],
    "2020-12": [
      78,
      1,
      2,
      10
    ],
    "2021-01": [
      105,
      8,
      6,
      12
    ],
    "2021-02": [
      92,
      6,
      1,
      4
    ],
    "2021-03": [
      125,
      2,
      3,
      9
    ],
    "2021-04": [
      110,
      7,
      5,
      10
    ],
    "2021-05": [
      105,
      3,
      5,
      14
    ],
    "2021-06": [
      86,
      6,
      4,
      8
    ],
    "2021-07": [
      126,
      4,
      4,
      9
    ],
    "2021-08": [
      66,
      6,
      3,
      13
    ],
    "2021-09": [
      91,
      1,
      2,
      4
    ],
    "2021-10": [
      36,
      0,
      3,
      1
    ],
    "2021-11": [
      90,
      1,
      2,
      1
    ],
    "2021-12": [
      105,
      8,
      3,
      4
    ],
    "2022-01": [
      97,
      2,
      3,
      8
    ],
    "2022-02": [
      66,
      3,
      4,
      7
    ],
    "2022-03": [
      72,
      4,
      3,
      4
    ],
    "2022-04": [
      57,
      4,
      2,
      6
    ],
    "2022-05": [
      81,
      5,
      3,
      7
    ],
    "2022-06": [
      46,
      2,
      4,
      2
    ],
    "2022-07": [
      70,
      2,
      3,
      6
    ],
    "2022-08": [
      109,
      7,
      2,
      2
    ],
    "2022-09": [
      101,
      4,
      4,
      8
    ],
    "2022-10": [
      76,
      6,
      5,
      6
    ],
    "2022-11": [
      82,
      2,
      4,
      7
    ],
    "2022-12": [
      62,
      0,
      4,
      2
    ],
    "2023-01": [
      86,
      3,
      2,
      2
    ],
    "2023-02": [
      81,
      4,
      4,
      2
    ],
    "2023-03": [
      83,
      2,
      2,
      4
    ],
    "2023-04": [
      92,
      2,
      3,
      4
    ],
    "2023-05": [
      82,
      3,
      1,
      0
    ],
    "2023-06": [
      99,
      2,
      5,
      7
    ],
    "2023-07": [
      86,
      4,
      1,
      3
    ],
    "2023-08": [
      67,
      4,
      2,
      2
    ],
    "2023-09": [
      100,
      0,
      4,
      6
    ],
    "2023-10": [
      93,
      2,
      1,
      5
    ],
    "2023-11": [
      102,
      2,
      7,
      9
    ],
    "2023-12": [
      83,
      6,
      1,
      4
    ],
    "2024-01": [
      124,
      4,
      1,
      2
    ],
    "2024-02": [
      90,
      3,
      3,
      9
    ],
    "2024-03": [
      94,
      3,
      6,
      5
    ],
    "2024-04": [
      70,
      2,
      4,
      2
    ],
    "2024-05": [
      82,
      3,
      5,
      4
    ],
    "2024-06": [
      77,
      8,
      8,
      15
    ],
    "2024-07": [
      74,
      7,
      9,
      14
    ],
    "2024-08": [
      74,
      4,
      4,
      6
    ],
    "2024-09": [
      72,
      8,
      10,
      9
    ],
    "2024-10": [
      75,
      5,
      6,
      10
    ],
    "2024-11": [
      86,
      7,
      8,
      8
    ],
    "2024-12": [
      83,
      7,
      4,
      9
    ],
    "2025-01": [
      112,
      5,
      4,
      15
    ],
    "2025-02": [
      58,
      3,
      6,
      7
    ],
    "2025-03": [
      87,
      2,
      5,
      7
    ],
    "2025-04": [
      66,
      10,
      11,
      14
    ],
    "2025-05": [
      43,
      6,
      16,
      2
    ],
    "2025-06": [
      32,
      5,
      11,
      6
    ],
    "2025-07": [
      31,
      4,
      12,
      2
    ],
    "2025-08": [
      40,
      4,
      19,
      8
    ],
    "2025-09": [
      34,
      10,
      11,
      1
    ],
    "2025-10": [
      15,
      1,
      11,
      1
    ],
    "2025-11": [
      23,
      3,
      95,
      4
    ],
    "2025-12": [
      30,
      1,
      27,
      0
    ],
    "2015Q1": [
      562,
      13,
      10,
      11
    ],
    "2015Q2": [
      479,
      14,
      10,
      10
    ],
    "2015Q3": [
      411,
      14,
      7,
      9
    ],
    "2015Q4": [
      484,
      18,
      14,
      18
    ],
    "2016Q1": [
      409,
      19,
      19,
      7
    ],
    "2016Q2": [
      452,
      23,
      7,
      10
    ],
    "2016Q3": [
      424,
      26,
      8,
      12
    ],
    "2016Q4": [
      399,
      18,
      9,
      16
    ],
    "2017Q1": [
      449,
      22,
      15,
      16
    ],
    "2017Q2": [
      352,
      21,
      15,
      25
    ],
    "2017Q3": [
      401,
      27,
      21,
      36
    ],
    "2017Q4": [
      271,
      24,
      13,
      24
    ],
    "2018Q1": [
      300,
      8,
      9,
      10
    ],
    "2018Q2": [
      205,
      14,
      10,
      16
    ],
    "2018Q3": [
      252,
      15,
      21,
      7
    ],
    "2018Q4": [
      255,
      18,
      18,
      18
    ],
    "2019Q1": [
      261,
      22,
      16,
      19
    ],
    "2019Q2": [
      304,
      19,
      16,
      36
    ],
    "2019Q3": [
      258,
      27,
      9,
      26
    ],
    "2019Q4": [
      335,
      22,
      16,
      30
    ],
    "2020Q1": [
      336,
      17,
      7,
      20
    ],
    "2020Q2": [
      389,
      31,
      22,
      30
    ],
    "2020Q3": [
      297,
      14,
      5,
      18
    ],
    "2020Q4": [
      317,
      9,
      10,
      18
    ],
    "2021Q1": [
      322,
      16,
      10,
      25
    ],
    "2021Q2": [
      301,
      16,
      14,
      32
    ],
    "2021Q3": [
      283,
      11,
      9,
      26
    ],
    "2021Q4": [
      231,
      9,
      8,
      6
    ],
    "2022Q1": [
      235,
      9,
      10,
      19
    ],
    "2022Q2": [
      184,
      11,
      9,
      15
    ],
    "2022Q3": [
      280,
      13,
      9,
      16
    ],
    "2022Q4": [
      220,
      8,
      13,
      15
    ],
    "2023Q1": [
      250,
      9,
      8,
      8
    ],
    "2023Q2": [
      273,
      7,
      9,
      11
    ],
    "2023Q3": [
      253,
      8,
      7,
      11
    ],
    "2023Q4": [
      278,
      10,
      9,
      18
    ],
    "2024Q1": [
      308,
      10,
      10,
      16
    ],
    "2024Q2": [
      229,
      13,
      17,
      21
    ],
    "2024Q3": [
      220,
      19,
      23,
      29
    ],
    "2024Q4": [
      244,
      19,
      18,
      27
    ],
    "2025Q1": [
      257,
      10,
      15,
      29
    ],
    "2025Q2": [
      141,
      21,
      38,
      22
    ],
    "2025Q3": [
      105,
      18,
      42,
      11
    ],
    "2025Q4": [
      68,
      5,
      133,
      5
    ]
  },
  "quantile_0": {
    "2015": 0,
    "2016": 0,
    "2017": 0,
    "2018": 0,
    "2019": 0,
    "2020": 0,
    "2021": 0,
    "2022": 0,
    "2023": 0,
    "2024": 0,
    "2025": 0,
    "2015-01": 0,
    "2015-02": 0,
    "2015-03": 0,
    "2015-04": 0,
    "2015-05": 0,
    "2015-06": 0,
    "2015-07": 0,
    "2015-08": 0,
    "2015-09": 0,
    "2015-10": 0,
    "2015-11": 0,
    "2015-12": 0,
    "2016-01": 0,
    "2016-02": 0,
    "2016-03": 0,
    "2016-04": 0,
    "2016-05": 0,
    "2016-06": 0,
    "2016-07": 0,
    "2016-08": 0,
    "2016-09": 0,
    "2016-10": 0,
    "2016-11": 0,
    "2016-12": 0,
    "2017-01": 0,
    "2017-02": 0,
    "2017-03": 0,
    "2017-04": 0,
    "2017-05": 0,
    "2017-06": 0,
    "2017-07": 0,
    "2017-08": 0,
    "2017-09": 0,
    "2017-10": 0,
    "2017-11": 0,
    "2017-12": 0,
    "2018-01": 0,
    "2018-02": 0,
    "2018-03": 0,
    "2018-04": 0,
    "2018-05": 0,
    "2018-06": 0,
    "2018-07": 0,
    "2018-08": 0,
    "2018-09": 0,
    "2018-10": 0,
    "2018-11": 0,
    "2018-12": 0,
    "2019-01": 0,
    "2019-02": 0,
    "2019-03": 0,
    "2019-04": 0,
    "2019-05": 0,
    "2019-06": 0,
    "2019-07": 0,
    "2019-08": 0,
    "2019-09": 0,
    "2019-10": 0,
    "2019-11": 0,
    "2019-12": 0,
    "2020-01": 0,
    "2020-02": 0,
    "2020-03": 0,
    "2020-04": 0,
    "2020-05": 0,
    "2020-06": 0,
    "2020-07": 0,
    "2020-08": 0,
    "2020-09": 0,
    "2020-10": 0,
    "2020-11": 0,
    "2020-12": 0,
    "2021-01": 0,
    "2021-02": 0,
    "2021-03": 0,
    "2021-04": 0,
    "2021-05": 0,
    "2021-06": 0,
    "2021-07": 0,
    "2021-08": 0,
    "2021-09": 0,
    "2021-10": 0,
    "2021-11": 0,
    "2021-12": 0,
    "2022-01": 0,
    "2022-02": 0,
    "2022-03": 0,
    "2022-04": 0,
    "2022-05": 0,
    "2022-06": 0,
    "2022-07": 0,
    "2022-08": 0,
    "2022-09": 0,
    "2022-10": 0,
    "2022-11": 0,
    "2022-12": 0,
    "2023-01": 0,
    "2023-02": 0,
    "2023-03": 0,
    "2023-04": 0,
    "2023-05": 0,
    "2023-06": 0,
    "2023-07": 0,
    "2023-08": 0,
    "2023-09": 0,
    "2023-10": 0,
    "2023-11": 0,
    "2023-12": 0,
    "2024-01": 0,
    "2024-02": 0,
    "2024-03": 0,
    "2024-04": 0,
    "2024-05": 0,
    "2024-06": 0,
    "2024-07": 0,
    "2024-08": 0,
    "2024-09": 0,
    "2024-10": 0,
    "2024-11": 0,
    "2024-12": 0,
    "2025-01": 0,
    "2025-02": 0,
    "2025-03": 0,
    "2025-04": 0,
    "2025-05": 0,
    "2025-06": 0,
    "2025-07": 0,
    "2025-08": 0,
    "2025-09": 0,
    "2025-10": 0,
    "2025-11": 0,
    "2025-12": 0,
    "2015Q1": 0,
    "2015Q2": 0,
    "2015Q3": 0,
    "2015Q4": 0,
    "2016Q1": 0,
    "2016Q2": 0,
    "2016Q3": 0,
    "2016Q4": 0,
    "2017Q1": 0,
    "2017Q2": 0,
    "2017Q3": 0,
    "2017Q4": 0,
    "2018Q1": 0,
    "2018Q2": 0,
    "2018Q3": 0,
    "2018Q4": 0,
    "2019Q1": 0,
    "2019Q2": 0,
    "2019Q3": 0,
    "2019Q4": 0,
    "2020Q1": 0,
    "2020Q2": 0,
    "2020Q3": 0,
    "2020Q4": 0,
    "2021Q1": 0,
    "2021Q2": 0,
    "2021Q3": 0,
    "2021Q4": 0,
    "2022Q1": 0,
    "2022Q2": 0,
    "2022Q3": 0,
    "2022Q4": 0,
    "2023Q1": 0,
    "2023Q2": 0,
    "2023Q3": 0,
    "2023Q4": 0,
    "2024Q1": 0,
    "2024Q2": 0,
    "2024Q3": 0,
    "2024Q4": 0,
    "2025Q1": 0,
    "2025Q2": 0,
    "2025Q3": 0,
    "2025Q4": 0
  },
  "quantile_1": {
    "2015": 0,
    "2016": 0,
    "2017": 0,
    "2018": 0,
    "2019": 0,
    "2020": 0,
    "2021": 0,
    "2022": 0,
    "2023": 0,
    "2024": 0,
    "2025": 0,
    "2015-01": 0,
    "2015-02": 0,
    "2015-03": 0,
    "2015-04": 0,
    "2015-05": 0,
    "2015-06": 0,
    "2015-07": 0,
    "2015-08": 0,
    "2015-09": 0,
    "2015-10": 0,
    "2015-11": 0,
    "2015-12": 0,
    "2016-01": 0,
    "2016-02": 0,
    "2016-03": 0,
    "2016-04": 0,
    "2016-05": 0,
    "2016-06": 0,
    "2016-07": 0,
    "2016-08": 0,
    "2016-09": 0,
    "2016-10": 0,
    "2016-11": 0,
    "2016-12": 0,
    "2017-01": 0,
    "2017-02": 0,
    "2017-03": 0,
    "2017-04": 0,
    "2017-05": 0,
    "2017-06": 0,
    "2017-07": 0,
    "2017-08": 0,
    "2017-09": 0,
    "2017-10": 0,
    "2017-11": 0,
    "2017-12": 0,
    "2018-01": 0,
    "2018-02": 0,
    "2018-03": 0,
    "2018-04": 0,
    "2018-05": 0,
    "2018-06": 0,
    "2018-07": 0,
    "2018-08": 0,
    "2018-09": 0,
    "2018-10": 0,
    "2018-11": 0,
    "2018-12": 0,
    "2019-01": 0,
    "2019-02": 0,
    "2019-03": 0,
    "2019-04": 0,
    "2019-05": 0,
    "2019-06": 0,
    "2019-07": 0,
    "2019-08": 0,
    "2019-09": 0,
    "2019-10": 0,
    "2019-11": 0,
    "2019-12": 0,
    "2020-01": 0,
    "2020-02": 0,
    "2020-03": 0,
    "2020-04": 0,
    "2020-05": 0,
    "2020-06": 0,
    "2020-07": 0,
    "2020-08": 0,
    "2020-09": 0,
    "2020-10": 0,
    "2020-11": 0,
    "2020-12": 0,
    "2021-01": 0,
    "2021-02": 0,
    "2021-03": 0,
    "2021-04": 0,
    "2021-05": 0,
    "2021-06": 0,
    "2021-07": 0,
    "2021-08": 0,
    "2021-09": 0,
    "2021-10": 0,
    "2021-11": 0,
    "2021-12": 0,
    "2022-01": 0,
    "2022-02": 0,
    "2022-03": 0,
    "2022-04": 0,
    "2022-05": 0,
    "2022-06": 0,
    "2022-07": 0,
    "2022-08": 0,
    "2022-09": 0,
    "2022-10": 0,
    "2022-11": 0,
    "2022-12": 0,
    "2023-01": 0,
    "2023-02": 0,
    "2023-03": 0,
    "2023-04": 0,
    "2023-05": 0,
    "2023-06": 0,
    "2023-07": 0,
    "2023-08": 0,
    "2023-09": 0,
    "2023-10": 0,
    "2023-11": 0,
    "2023-12": 0,
    "2024-01": 0,
    "2024-02": 0,
    "2024-03": 0,
    "2024-04": 0,
    "2024-05": 0,
    "2024-06": 0,
    "2024-07": 0,
    "2024-08": 0,
    "2024-09": 0,
    "2024-10": 0,
    "2024-11": 0,
    "2024-12": 0,
    "2025-01": 0,
    "2025-02": 0,
    "2025-03": 0,
    "2025-04": 0,
    "2025-05": 0,
    "2025-06": 0.25,
    "2025-07": 0,
    "2025-08": 0,
    "2025-09": 0,
    "2025-10": 0,
    "2025-11": 15,
    "2025-12": 0,
    "2015Q1": 0,
    "2015Q2": 0,
    "2015Q3": 0,
    "2015Q4": 0,
    "2016Q1": 0,
    "2016Q2": 0,
    "2016Q3": 0,
    "2016Q4": 0,
    "2017Q1": 0,
    "2017Q2": 0,
    "2017Q3": 0,
    "2017Q4": 0,
    "2018Q1": 0,
    "2018Q2": 0,
    "2018Q3": 0,
    "2018Q4": 0,
    "2019Q1": 0,
    "2019Q2": 0,
    "2019Q3": 0,
    "2019Q4": 0,
    "2020Q1": 0,
    "2020Q2": 0,
    "2020Q3": 0,
    "2020Q4": 0,
    "2021Q1": 0,
    "2021Q2": 0,
    "2021Q3": 0,
    "2021Q4": 0,
    "2022Q1": 0,
    "2022Q2": 0,
    "2022Q3": 0,
    "2022Q4": 0,
    "2023Q1": 0,
    "2023Q2": 0,
    "2023Q3": 0,
    "2023Q4": 0,
    "2024Q1": 0,
    "2024Q2": 0,
    "2024Q3": 0,
    "2024Q4": 0,
    "2025Q1": 0,
    "2025Q2": 0,
    "2025Q3": 0,
    "2025Q4": 1
  },
  "quantile_2": {
    "2015": 0,
    "2016": 0,
    "2017": 0,
    "2018": 0,
    "2019": 1,
    "2020": 0,
    "2021": 0,
    "2022": 0,
    "2023": 0,
    "2024": 0,
    "2025": 1,
    "2015-01": 0,
    "2015-02": 0,
    "2015-03": 0,
    "2015-04": 0,
    "2015-05": 0,
    "2015-06": 0,
    "2015-07": 0,
    "2015-08": 0,
    "2015-09": 0,
    "2015-10": 0,
    "2015-11": 0,
    "2015-12": 0,
    "2016-01": 0,
    "2016-02": 0,
    "2016-03": 0,
    "2016-04": 0,
    "2016-05": 0,
    "2016-06": 0,
    "2016-07": 0,
    "2016-08": 0,
    "2016-09": 0,
    "2016-10": 0,
    "2016-11": 0,
    "2016-12": 0,
    "2017-01": 0,
    "2017-02": 0,
    "2017-03": 0,
    "2017-04": 0,
    "2017-05": 0,
    "2017-06": 0,
    "2017-07": 0,
    "2017-08": 0,
    "2017-09": 0,
    "2017-10": 1,
    "2017-11": 1,
    "2017-12": 0,
    "2018-01": 0,
    "2018-02": 0,
    "2018-03": 1,
    "2018-04": 0,
    "2018-05": 0,
    "2018-06": 0,
    "2018-07": 0,
    "2018-08": 0,
    "2018-09": 0,
    "2018-10": 0,
    "2018-11": 0,
    "2018-12": 0,
    "2019-01": 0,
    "2019-02": 0,
    "2019-03": 1,
    "2019-04": 1,
    "2019-05": 1,
    "2019-06": 0,
    "2019-07": 0,
    "2019-08": 1,
    "2019-09": 1,
    "2019-10": 0,
    "2019-11": 1,
    "2019-12": 1,
    "2020-01": 0,
    "2020-02": 0,
    "2020-03": 0,
    "2020-04": 1,
    "2020-05": 1,
    "2020-06": 1,
    "2020-07": 0,
    "2020-08": 0,
    "2020-09": 0,
    "2020-10": 0,
    "2020-11": 0,
    "2020-12": 1,
    "2021-01": 0,
    "2021-02": 0,
    "2021-03": 0,
    "2021-04": 0,
    "2021-05": 0,
    "2021-06": 0,
    "2021-07": 0,
    "2021-08": 1,
    "2021-09": 0,
    "2021-10": 0,
    "2021-11": 0,
    "2021-12": 0,
    "2022-01": 0,
    "2022-02": 0,
    "2022-03": 0,
    "2022-04": 0,
    "2022-05": 0,
    "2022-06": 0,
    "2022-07": 0,
    "2022-08": 0,
    "2022-09": 0,
    "2022-10": 0,
    "2022-11": 0,
    "2022-12": 0,
    "2023-01": 0,
    "2023-02": 0,
    "2023-03": 0,
    "2023-04": 0,
    "2023-05": 0,
    "2023-06": 0,
    "2023-07": 0,
    "2023-08": 0,
    "2023-09": 0,
    "2023-10": 0,
    "2023-11": 0,
    "2023-12": 0,
    "2024-01": 0,
    "2024-02": 0,
    "2024-03": 0,
    "2024-04": 0,
    "2024-05": 0,
    "2024-06": 1,
    "2024-07": 1,
    "2024-08": 0,
    "2024-09": 1,
    "2024-10": 1,
    "2024-11": 0,
    "2024-12": 1,
    "2025-01": 0,
    "2025-02": 0,
    "2025-03": 0,
    "2025-04": 1,
    "2025-05": 1,
    "2025-06": 1,
    "2025-07": 1,
    "2025-08": 2,
    "2025-09": 1,
    "2025-10": 2,
    "2025-11": 15,
    "2025-12": 2.5,
    "2015Q1": 0,
    "2015Q2": 0,
    "2015Q3": 0,
    "2015Q4": 0,
    "2016Q1": 0,
    "2016Q2": 0,
    "2016Q3": 0,
    "2016Q4": 0,
    "2017Q1": 0,
    "2017Q2": 0,
    "2017Q3": 0,
    "2017Q4": 0,
    "2018Q1": 0,
    "2018Q2": 0,
    "2018Q3": 0,
    "2018Q4": 0,
    "2019Q1": 0,
    "2019Q2": 1,
    "2019Q3": 1,
    "2019Q4": 0,
    "2020Q1": 0,
    "2020Q2": 1,
    "2020Q3": 0,
    "2020Q4": 0,
    "2021Q1": 0,
    "2021Q2": 0,
    "2021Q3": 0,
    "2021Q4": 0,
    "2022Q1": 0,
    "2022Q2": 0,
    "2022Q3": 0,
    "2022Q4": 0,
    "2023Q1": 0,
    "2023Q2": 0,
    "2023Q3": 0,
    "2023Q4": 0,
    "2024Q1": 0,
    "2024Q2": 0,
    "2024Q3": 0,
    "2024Q4": 1,
    "2025Q1": 0,
    "2025Q2": 1,
    "2025Q3": 1,
    "2025Q4": 15
  },
  "quantile_3": {
    "2015": 1,
    "2016": 1,
    "2017": 1,
    "2018": 1,
    "2019": 2,
    "2020": 1,
    "2021": 1,
    "2022": 1,
    "2023": 1,
    "2024": 2,
    "2025": 15,
    "2015-01": 1,
    "2015-02": 1,
    "2015-03": 1,
    "2015-04": 1,
    "2015-05": 1,
    "2015-06": 1,
    "2015-07": 1,
    "2015-08": 1,
    "2015-09": 1,
    "2015-10": 1,
    "2015-11": 1,
    "2015-12": 1,
    "2016-01": 1,
    "2016-02": 1,
    "2016-03": 1,
    "2016-04": 1,
    "2016-05": 1,
    "2016-06": 1,
    "2016-07": 1,
    "2016-08": 1,
    "2016-09": 1,
    "2016-10": 0,
    "2016-11": 1,
    "2016-12": 1,
    "2017-01": 1,
    "2017-02": 1,
    "2017-03": 1,
    "2017-04": 1,
    "2017-05": 1,
    "2017-06": 1,
    "2017-07": 1,
    "2017-08": 3,
    "2017-09": 2,
    "2017-10": 2,
    "2017-11": 2.75,
    "2017-12": 1,
    "2018-01": 1,
    "2018-02": 1,
    "2018-03": 1,
    "2018-04": 1,
    "2018-05": 2,
    "2018-06": 2,
    "2018-07": 1,
    "2018-08": 1,
    "2018-09": 2,
    "2018-10": 1,
    "2018-11": 1,
    "2018-12": 3,
    "2019-01": 1,
    "2019-02": 1,
    "2019-03": 2,
    "2019-04": 3,
    "2019-05": 2,
    "2019-06": 1,
    "2019-07": 1,
    "2019-08": 2,
    "2019-09": 5,
    "2019-10": 1,
    "2019-11": 3,
    "2019-12": 2,
    "2020-01": 1,
    "2020-02": 2,
    "2020-03": 1,
    "2020-04": 2,
    "2020-05": 3,
    "2020-06": 2,
    "2020-07": 1,
    "2020-08": 1,
    "2020-09": 1,
    "2020-10": 1,
    "2020-11": 1,
    "2020-12": 2,
    "2021-01": 1.5,
    "2021-02": 1,
    "2021-03": 1,
    "2021-04": 1,
    "2021-05": 1,
    "2021-06": 2,
    "2021-07": 1,
    "2021-08": 3.25,
    "2021-09": 1,
    "2021-10": 1,
    "2021-11": 1,
    "2021-12": 1,
    "2022-01": 1,
    "2022-02": 1.25,
    "2022-03": 1,
    "2022-04": 2,
    "2022-05": 1,
    "2022-06": 1,
    "2022-07": 1,
    "2022-08": 1,
    "2022-09": 1,
    "2022-10": 1,
    "2022-11": 1,
    "2022-12": 0.25,
    "2023-01": 1,
    "2023-02": 1,
    "2023-03": 1,
    "2023-04": 1,
    "2023-05": 0.75,
    "2023-06": 1,
    "2023-07": 1,
    "2023-08": 1,
    "2023-09": 1,
    "2023-10": 1,
    "2023-11": 1,
    "2023-12": 1,
    "2024-01": 1,
    "2024-02": 1,
    "2024-03": 1,
    "2024-04": 1,
    "2024-05": 1,
    "2024-06": 5,
    "2024-07": 4.25,
    "2024-08": 1,
    "2024-09": 4.5,
    "2024-10": 3,
    "2024-11": 2,
    "2024-12": 2,
    "2025-01": 1,
    "2025-02": 2.75,
    "2025-03": 1,
    "2025-04": 7,
    "2025-05": 8,
    "2025-06": 15,
    "2025-07": 10,
    "2025-08": 15,
    "2025-09": 6,
    "2025-10": 15,
    "2025-11": 15,
    "2025-12": 15,
    "2015Q1": 1,
    "2015Q2": 1,
    "2015Q3": 1,
    "2015Q4": 1,
    "2016Q1": 1,
    "2016Q2": 1,
    "2016Q3": 1,
    "2016Q4": 1,
    "2017Q1": 1,
    "2017Q2": 1,
    "2017Q3": 2,
    "2017Q4": 2,
    "2018Q1": 1,
    "2018Q2": 2,
    "2018Q3": 1,
    "2018Q4": 1,
    "2019Q1": 1.75,
    "2019Q2": 2,
    "2019Q3": 2,
    "2019Q4": 2,
    "2020Q1": 1,
    "2020Q2": 2,
    "2020Q3": 1,
    "2020Q4": 1,
    "2021Q1": 1,
    "2021Q2": 1,
    "2021Q3": 1,
    "2021Q4": 1,
    "2022Q1": 1,
    "2022Q2": 2,
    "2022Q3": 1,
    "2022Q4": 1,
    "2023Q1": 1,
    "2023Q2": 1,
    "2023Q3": 1,
    "2023Q4": 1,
    "2024Q1": 1,
    "2024Q2": 2,
    "2024Q3": 3,
    "2024Q4": 2,
    "2025Q1": 1,
    "2025Q2": 8,
    "2025Q3": 12.75,
    "2025Q4": 15
  },
  "quantile_4": {
    "2015": 112,
    "2016": 507,
    "2017": 893,
    "2018": 792,
    "2019": 1408,
    "2020": 1203,
    "2021": 834,
    "2022": 810,
    "2023": 570,
    "2024": 490,
    "2025": 174,
    "2015-01": 63,
    "2015-02": 112,
    "2015-03": 103,
    "2015-04": 44,
    "2015-05": 51,
    "2015-06": 31,
    "2015-07": 29,
    "2015-08": 52,
    "2015-09": 108,
    "2015-10": 47,
    "2015-11": 101,
    "2015-12": 33,
    "2016-01": 54,
    "2016-02": 96,
    "2016-03": 37,
    "2016-04": 30,
    "2016-05": 51,
    "2016-06": 26,
    "2016-07": 148,
    "2016-08": 507,
    "2016-09": 56,
    "2016-10": 83,
    "2016-11": 114,
    "2016-12": 87,
    "2017-01": 223,
    "2017-02": 129,
    "2017-03": 83,
    "2017-04": 576,
    "2017-05": 697,
    "2017-06": 250,
    "2017-07": 205,
    "2017-08": 893,
    "2017-09": 220,
    "2017-10": 307,
    "2017-11": 565,
    "2017-12": 260,
    "2018-01": 21,
    "2018-02": 792,
    "2018-03": 115,
    "2018-04": 132,
    "2018-05": 320,
    "2018-06": 55,
    "2018-07": 139,
    "2018-08": 80,
    "2018-09": 193,
    "2018-10": 99,
    "2018-11": 150,
    "2018-12": 341,
    "2019-01": 314,
    "2019-02": 466,
    "2019-03": 947,
    "2019-04": 1408,
    "2019-05": 653,
    "2019-06": 477,
    "2019-07": 340,
    "2019-08": 405,
    "2019-09": 703,
    "2019-10": 169,
    "2019-11": 450,
    "2019-12": 133,
    "2020-01": 1203,
    "2020-02": 237,
    "2020-03": 151,
    "2020-04": 229,
    "2020-05": 224,
    "2020-06": 284,
    "2020-07": 1041,
    "2020-08": 940,
    "2020-09": 192,
    "2020-10": 160,
    "2020-11": 182,
    "2020-12": 410,
    "2021-01": 834,
    "2021-02": 65,
    "2021-03": 432,
    "2021-04": 738,
    "2021-05": 487,
    "2021-06": 689,
    "2021-07": 656,
    "2021-08": 626,
    "2021-09": 64,
    "2021-10": 33,
    "2021-11": 32,
    "2021-12": 421,
    "2022-01": 188,
    "2022-02": 761,
    "2022-03": 54,
    "2022-04": 162,
    "2022-05": 579,
    "2022-06": 810,
    "2022-07": 524,
    "2022-08": 25,
    "2022-09": 537,
    "2022-10": 202,
    "2022-11": 695,
    "2022-12": 28,
    "2023-01": 60,
    "2023-02": 398,
    "2023-03": 451,
    "2023-04": 348,
    "2023-05": 15,
    "2023-06": 177,
    "2023-07": 570,
    "2023-08": 44,
    "2023-09": 100,
    "2023-10": 192,
    "2023-11": 118,
    "2023-12": 61,
    "2024-01": 189,
    "2024-02": 490,
    "2024-03": 354,
    "2024-04": 102,
    "2024-05": 225,
    "2024-06": 183,
    "2024-07": 199,
    "2024-08": 346,
    "2024-09": 34,
    "2024-10": 396,
    "2024-11": 233,
    "2024-12": 60,
    "2025-01": 102,
    "2025-02": 149,
    "2025-03": 98,
    "2025-04": 137,
    "2025-05": 174,
    "2025-06": 92,
    "2025-07": 145,
    "2025-08": 98,
    "2025-09": 41,
    "2025-10": 64,
    "2025-11": 28,
    "2025-12": 15,
    "2015Q1": 112,
    "2015Q2": 51,
    "2015Q3": 108,
    "2015Q4": 101,
    "2016Q1": 96,
    "2016Q2": 51,
    "2016Q3": 507,
    "2016Q4": 114,
    "2017Q1": 223,
    "2017Q2": 697,
    "2017Q3": 893,
    "2017Q4": 565,
    "2018Q1": 792,
    "2018Q2": 320,
    "2018Q3": 193,
    "2018Q4": 341,
    "2019Q1": 947,
    "2019Q2": 1408,
    "2019Q3": 703,
    "2019Q4": 450,
    "2020Q1": 1203,
    "2020Q2": 284,
    "2020Q3": 1041,
    "2020Q4": 410,
    "2021Q1": 834,
    "2021Q2": 738,
    "2021Q3": 656,
    "2021Q4": 421,
    "2022Q1": 761,
    "2022Q2": 810,
    "2022Q3": 537,
    "2022Q4": 695,
    "2023Q1": 451,
    "2023Q2": 348,
    "2023Q3": 570,
    "2023Q4": 192,
    "2024Q1": 490,
    "2024Q2": 225,
    "2024Q3": 346,
    "2024Q4": 396,
    "2025Q1": 149,
    "2025Q2": 174,
    "2025Q3": 145,
    "2025Q4": 64
  }
}