{
  "avg": {
    "2015": 10.29,
    "2016": 8.17,
    "2017": 4.26,
    "2018": 4.68,
    "2019": 4.36,
    "2020": 2.03,
    "2021": 5.53,
    "2022": 3.15,
    "2023": 3.05,
    "2024": 6.03,
    "2025": 6.15,
    "2015-01": 22.82,
    "2015-02": 4.27,
    "2015-03": 6.96,
    "2015-04": 2.62,
    "2015-05": 30.87,
    "2015-06": 2.26,
    "2015-07": 21.9,
    "2015-08": 19.06,
    "2015-09": 2.14,
    "2015-10": 9.69,
    "2015-11": 2.41,
    "2015-12": 6.9,
    "2016-01": 2.43,
    "2016-02": 2.36,
    "2016-03": 2.14,
    "2016-04": 0.86,
    "2016-05": 0.52,
    "2016-06": 1.83,
    "2016-07": 34.88,
    "2016-08": 18.06,
    "2016-09": 18.71,
    "2016-10": 0,
    "2016-11": 23.27,
    "2016-12": 3.88,
    "2017-01": 8.07,
    "2017-02": 1.88,
    "2017-03": 6.06,
    "2017-04": 1.21,
    "2017-05": 2.55,
    "2017-06": 11.77,
    "2017-07": 3.23,
    "2017-08": 0.08,
    "2017-09": 5,
    "2017-10": 5.67,
    "2017-11": 2.39,
    "2017-12": 2.5,
    "2018-01": 2.1,
    "2018-02": 0.37,
    "2018-03": 1.35,
    "2018-04": 1.44,
    "2018-05": 5.93,
    "2018-06": 13.85,
    "2018-07": 1.14,
    "2018-08": 9.5,
    "2018-09": 2.4,
    "2018-10": 7.42,
    "2018-11": 1.56,
    "2018-12": 8.59,
    "2019-01": 4.6,
    "2019-02": 2.21,
    "2019-03": 4.59,
    "2019-04": 6.16,
    "2019-05": 3.54,
    "2019-06": 0.93,
    "2019-07": 2.76,
    "2019-08": 0.87,
    "2019-09": 3.3,
    "2019-10": 7.56,
    "2019-11": 3.47,
    "2019-12": 12,
    "2020-01": 3.92,
    "2020-02": 2.82,
    "2020-03": 1.33,
    "2020-04": 1.45,
    "2020-05": 0.24,
    "2020-06": 0,
    "2020-07": 3.64,
    "2020-08": 2.69,
    "2020-09": 0,
    "2020-10": 6.58,
    "2020-11": 0.19,
    "2020-12": 6.5,
    "2021-01": 13.38,
    "2021-02": 20.15,
    "2021-03": 3.55,
    "2021-04": 1.45,
    "2021-05": 1.82,
    "2021-06": 3.38,
    "2021-07": 36.33,
    "2021-08": 6.71,
    "2021-09": 0.2,
    "2021-10": 1.67,
    "2021-11": 2.73,
    "2021-12": 0.1,
    "2022-01": 1.65,
    "2022-02": 1.54,
    "2022-03": 1.62,
    "2022-04": 1.19,
    "2022-05": 2.95,
    "2022-06": 1.07,
    "2022-07": 4.33,
    "2022-08": 2.57,
    "2022-09": 5,
    "2022-10": 9.09,
    "2022-11": 13.67,
    "2022-12": 2.43,
    "2023-01": 2.1,
    "2023-02": 2.53,
    "2023-03": 3,
    "2023-04": 3.7,
    "2023-05": 2.38,
    "2023-06": 6.67,
    "2023-07": 3.3,
    "2023-08": 1.78,
    "2023-09": 4.27,
    "2023-10": 2.37,
    "2023-11": 2.11,
    "2023-12": 3,
    "2024-01": 4.82,
    "2024-02": 2.14,
    "2024-03": 3,
    "2024-04": 3,
    "2024-05": 0,
    "2024-06": 8.67,
    "2024-07": 14.57,
    "2024-08": 8.12,
    "2024-09": 15,
    "2024-10": 5.33,
    "2024-11": 11.2,
    "2024-12": 2.5,
    "2025-01": 0,
    "2025-02": 0,
    "2025-03": 4.5,
    "2025-04": 6.33,
    "2025-05": 0.67,
    "2025-06": 0,
    "2025-07": 15,
    "2025-08": 7.5,
    "2025-09": 25.33,
    "2025-11": 15,
    "2015Q1": 10.85,
    "2015Q2": 9.66,
    "2015Q3": 16.49,
    "2015Q4": 6.12,
    "2016Q1": 2.37,
    "2016Q2": 1.21,
    "2016Q3": 23.3,
    "2016Q4": 8.47,
    "2017Q1": 5.31,
    "2017Q2": 4.95,
    "2017Q3": 3,
    "2017Q4": 3.43,
    "2018Q1": 1.29,
    "2018Q2": 6,
    "2018Q3": 4.3,
    "2018Q4": 6.36,
    "2019Q1": 3.87,
    "2019Q2": 3.76,
    "2019Q3": 2.51,
    "2019Q4": 7.84,
    "2020Q1": 2.59,
    "2020Q2": 0.74,
    "2020Q3": 2.35,
    "2020Q4": 3.38,
    "2021Q1": 12.88,
    "2021Q2": 2.21,
    "2021Q3": 11.89,
    "2021Q4": 1.53,
    "2022Q1": 1.62,
    "2022Q2": 1.7,
    "2022Q3": 3.5,
    "2022Q4": 7.56,
    "2023Q1": 2.54,
    "2023Q2": 3.93,
    "2023Q3": 3.2,
    "2023Q4": 2.47,
    "2024Q1": 3.5,
    "2024Q2": 4.79,
    "2024Q3": 11.38,
    "2024Q4": 6.21,
    "2025Q1": 1.93,
    "2025Q2": 3.64,
    "2025Q3": 17.29,
    "2025Q4": 15
  },
  "levels": {
    "2015": [
      160,
      5,
      19,
      20
    ],
    "2016": [
      181,
      11,
      9,
      18
    ],
    "2017": [
      188,
      11,
      10,
      12
    ],
    "2018": [
      213,
      6,
      19,
      11
    ],
    "2019": [
      184,
      5,
      12,
      17
    ],
    "2020": [
      178,
      3,
      12,
      6
    ],
    "2021": [
      181,
      6,
      7,
      10
    ],
    "2022": [
      166,
      1,
      27,
      7
    ],
    "2023": [
      119,
      2,
      24,
      4
    ],
    "2024": [
      50,
      0,
      18,
      4
    ],
    "2025": [
      23,
      1,
      7,
      2
    ],
    "2015-01": [
      13,
      1,
      2,
      1
    ],
    "2015-02": [
      12,
      0,
      1,
      2
    ],
    "2015-03": [
      23,
      1,
      1,
      2
    ],
    "2015-04": [
      17,
      0,
      4,
      0
    ],
    "2015-05": [
      7,
      2,
      3,
      3
    ],
    "2015-06": [
      20,
      0,
      2,
      1
    ],
    "2015-07": [
      8,
      0,
      1,
      1
    ],
    "2015-08": [
      13,
      0,
      1,
      4
    ],
    "2015-09": [
      6,
      0,
      1,
      0
    ],
    "2015-10": [
      10,
      0,
      1,
      2
    ],
    "2015-11": [
      15,
      1,
      0,
      1
    ],
    "2015-12": [
      16,
      0,
      2,
      3
    ],
    "2016-01": [
      23,
      2,
      2,
      1
    ],
    "2016-02": [
      12,
      0,
      2,
      0
    ],
    "2016-03": [
      6,
      0,
      1,
      0
    ],
    "2016-04": [
      20,
      1,
      1,
      0
    ],
    "2016-05": [
      20,
      1,
      0,
      0
    ],
    "2016-06": [
      31,
      2,
      1,
      1
    ],
    "2016-07": [
      9,
      3,
      1,
      3
    ],
    "2016-08": [
      13,
      0,
      0,
      4
    ],
    "2016-09": [
      16,
      0,
      0,
      5
    ],
    "2016-10": [
      10,
      0,
      0,
      0
    ],
    "2016-11": [
      7,
      2,
      0,
      2
    ],
    "2016-12": [
      14,
      0,
      1,
      2
    ],
    "2017-01": [
      13,
      1,
      0,
      1
    ],
    "2017-02": [
      13,
      1,
      2,
      0
    ],
    "2017-03": [
      16,
      0,
      0,
      2
    ],
    "2017-04": [
      17,
      0,
      2,
      0
    ],
    "2017-05": [
      26,
      3,
      3,
      1
    ],
    "2017-06": [
      19,
      1,
      0,
      2
    ],
    "2017-07": [
      20,
      1,
      0,
      1
    ],
    "2017-08": [
      12,
      0,
      0,
      0
    ],
    "2017-09": [
      11,
      0,
      2,
      2
    ],
    "2017-10": [
      12,
      1,
      1,
      1
    ],
    "2017-11": [
      16,
      1,
      0,
      1
    ],
    "2017-12": [
      13,
      2,
      0,
      1
    ],
    "2018-01": [
      18,
      0,
      0,
      2
    ],
    "2018-02": [
      18,
      1,
      0,
      0
    ],
    "2018-03": [
      19,
      0,
      0,
      1
    ],
    "2018-04": [
      31,
      0,
      3,
      0
    ],
    "2018-05": [
      22,
      2,
      4,
      1
    ],
    "2018-06": [
      16,
      2,
      1,
      1
    ],
    "2018-07": [
      13,
      0,
      1,
      0
    ],
    "2018-08": [
      11,
      0,
      2,
      1
    ],
    "2018-09": [
      13,
      0,
      1,
      1
    ],
    "2018-10": [
      20,
      0,
      3,
      3
    ],
    "2018-11": [
      14,
      0,
      2,
      0
    ],
    "2018-12": [
      18,
      1,
      2,
      1
    ],
    "2019-01": [
      12,
      0,
      1,
      2
    ],
    "2019-02": [
      12,
      0,
      2,
      0
    ],
    "2019-03": [
      15,
      0,
      1,
      1
    ],
    "2019-04": [
      15,
      0,
      1,
      3
    ],
    "2019-05": [
      20,
      2,
      2,
      2
    ],
    "2019-06": [
      13,
      0,
      1,
      0
    ],
    "2019-07": [
      22,
      2,
      0,
      1
    ],
    "2019-08": [
      14,
      0,
      1,
      0
    ],
    "2019-09": [
      19,
      0,
      2,
      2
    ],
    "2019-10": [
      15,
      1,
      0,
      2
    ],
    "2019-11": [
      14,
      0,
      0,
      1
    ],
    "2019-12": [
      13,
      0,
      1,
      3
    ],
    "2020-01": [
      10,
      0,
      0,
      2
    ],
    "2020-02": [
      24,
      0,
      3,
      1
    ],
    "2020-03": [
      15,
      1,
      2,
      0
    ],
    "2020-04": [
      27,
      2,
      2,
      0
    ],
    "2020-05": [
      25,
      0,
      0,
      0
    ],
    "2020-06": [
      13,
      0,
      0,
      0
    ],
    "2020-07": [
      12,
      0,
      1,
      1
    ],
    "2020-08": [
      13,
      0,
      3,
      0
    ],
    "2020-09": [
      10,
      0,
      0,
      0
    ],
    "2020-10": [
      10,
      0,
      1,
      1
    ],
    "2020-11": [
      16,
      0,
      0,
      0
    ],
    "2020-12": [
      3,
      0,
      0,
      1
    ],
    "2021-01": [
      13,
      1,
      1,
      1
    ],
    "2021-02": [
      10,
      1,
      1,
      1
    ],
    "2021-03": [
      9,
      0,
      1,
      1
    ],
    "2021-04": [
      10,
      0,
      0,
      1
    ],
    "2021-05": [
      61,
      3,
      1,
      1
    ],
    "2021-06": [
      27,
      0,
      0,
      2
    ],
    "2021-07": [
      5,
      0,
      0,
      1
    ],
    "2021-08": [
      15,
      0,
      0,
      2
    ],
    "2021-09": [
      5,
      0,
      0,
      0
    ],
    "2021-10": [
      8,
      0,
      1,
      0
    ],
    "2021-11": [
      8,
      1,
      2,
      0
    ],
    "2021-12": [
      10,
      0,
      0,
      0
    ],
    "2022-01": [
      21,
      0,
      1,
      1
    ],
    "2022-02": [
      12,
      0,
      1,
      0
    ],
    "2022-03": [
      14,
      0,
      2,
      0
    ],
    "2022-04": [
      25,
      0,
      2,
      0
    ],
    "2022-05": [
      15,
      1,
      2,
      1
    ],
    "2022-06": [
      14,
      0,
      1,
      0
    ],
    "2022-07": [
      9,
      0,
      3,
      0
    ],
    "2022-08": [
      25,
      0,
      5,
      0
    ],
    "2022-09": [
      8,
      0,
      4,
      0
    ],
    "2022-10": [
      7,
      0,
      1,
      3
    ],
    "2022-11": [
      4,
      0,
      3,
      2
    ],
    "2022-12": [
      12,
      0,
      2,
      0
    ],
    "2023-01": [
      9,
      0,
      0,
      1
    ],
    "2023-02": [
      16,
      0,
      3,
      0
    ],
    "2023-03": [
      8,
      1,
      0,
      1
    ],
    "2023-04": [
      14,
      1,
      5,
      0
    ],
    "2023-05": [
      11,
      0,
      2,
      0
    ],
    "2023-06": [
      5,
      0,
      4,
      0
    ],
    "2023-07": [
      8,
      0,
      1,
      1
    ],
    "2023-08": [
      8,
      0,
      1,
      0
    ],
    "2023-09": [
      8,
      0,
      3,
      0
    ],
    "2023-10": [
      16,
      0,
      3,
      0
    ],
    "2023-11": [
      8,
      0,
      0,
      1
    ],
    "2023-12": [
      8,
      0,
      2,
      0
    ],
    "2024-01": [
      7,
      0,
      4,
      0
    ],
    "2024-02": [
      6,
      0,
      1,
      0
    ],
    "2024-03": [
      8,
      0,
      2,
      0
    ],
    "2024-04": [
      4,
      0,
      1,
      0
    ],
    "2024-05": [
      3,
      0,
      0,
      0
    ],
    "2024-06": [
      3,
      0,
      2,
      1
    ],
    "2024-07": [
      5,
      0,
      1,
      1
    ],
    "2024-08": [
      4,
      0,
      3,
      1
    ],
    "2024-09": [
      0,
      0,
      1,
      0
    ],
    "2024-10": [
      2,
      0,
      1,
      0
    ],
    "2024-11": [
      3,
      0,
      1,
      1
    ],
    "2024-12": [
      5,
      0,
      1,
      0
    ],
    "2025-01": [
      5,
      0,
      0,
      0
    ],
    "2025-02": [
      3,
      0,
      0,
      0
    ],
    "2025-03": [
      5,
      0,
      0,
      1
    ],
    "2025-04": [
      3,
      1,
      2,
      0
    ],
    "2025-05": [
      3,
      0,
      0,
      0
    ],
    "2025-06": [
      2,
      0,
      0,
      0
    ],
    "2025-07": [
      0,
      0,
      2,
      0
    ],
    "2025-08": [
      1,
      0,
      1,
      0
    ],
    "2025-09": [
      1,
      0,
      1,
      1
    ],
    "2025-11": [
      0,
      0,
      1,
      0
    ],
    "2015Q1": [
      48,
      2,
      4,
      5
    ],
    "2015Q2": [
      44,
      2,
      9,
      4
    ],
    "2015Q3": [
      27,
      0,
      3,
      5
    ],
    "2015Q4": [
      41,
      1,
      3,
      6
    ],
    "2016Q1": [
      41,
      2,
      5,
      1
    ],
    "2016Q2": [
      71,
      4,
      2,
      1
    ],
    "2016Q3": [
      38,
      3,
      1,
      12
    ],
    "2016Q4": [
      31,
      2,
      1,
      4
    ],
    "2017Q1": [
      42,
      2,
      2,
      3
    ],
    "2017Q2": [
      62,
      4,
      5,
      3
    ],
    "2017Q3": [
      43,
      1,
      2,
      3
    ],
    "2017Q4": [
      41,
      4,
      1,
      3
    ],
    "2018Q1": [
      55,
      1,
      0,
      3
    ],
    "2018Q2": [
      69,
      4,
      8,
      2
    ],
    "2018Q3": [
      37,
      0,
      4,
      2
    ],
    "2018Q4": [
      52,
      1,
      7,
      4
    ],
    "2019Q1": [
      39,
      0,
      4,
      3
    ],
    "2019Q2": [
      48,
      2,
      4,
      5
    ],
    "2019Q3": [
      55,
      2,
      3,
      3
    ],
    "2019Q4": [
      42,
      1,
      1,
      6
    ],
    "2020Q1": [
      49,
      1,
      5,
      3
    ],
    "2020Q2": [
      65,
      2,
      2,
      0
    ],
    "2020Q3": [
      35,
      0,
      4,
      1
    ],
    "2020Q4": [
      29,
      0,
      1,
      2
    ],
    "2021Q1": [
      32,
      2,
      3,
      3
    ],
    "2021Q2": [
      98,
      3,
      1,
      4
    ],
    "2021Q3": [
      25,
      0,
      0,
      3
    ],
    "2021Q4": [
      26,
      1,
      3,
      0
    ],
    "2022Q1": [
      47,
      0,
      4,
      1
    ],
    "2022Q2": [
      54,
      1,
      5,
      1
    ],
    "2022Q3": [
      42,
      0,
      12,
      0
    ],
    "2022Q4": [
      23,
      0,
      6,
      5
    ],
    "2023Q1": [
      33,
      1,
      3,
      2
    ],
    "2023Q2": [
      30,
      1,
      11,
      0
    ],
    "2023Q3": [
      24,
      0,
      5,
      1
    ],
    "2023Q4": [
      32,
      0,
      5,
      1
    ],
    "2024Q1": [
      21,
      0,
      7,
      0
    ],
    "2024Q2": [
      10,
      0,
      3,
      1
    ],
    "2024Q3": [
      9,
      0,
      5,
      2
    ],
    "2024Q4": [
      10,
      0,
      3,
      1
    ],
    "2025Q1": [
      13,
      0,
      0,
      1
    ],
    "2025Q2": [
      8,
      1,
      2,
      0
    ],
    "2025Q3": [
      2,
      0,
      4,
      1
    ],
    "2025Q4": [
      0,
      0,
      1,
      0
    ]
  },
  "quantile_0": {
    "2015": 0,
    "2016": 0,
    "2017": 0,
    "2018": 0,
    "2019": 0,
    "2020": 0,
    "2021": 0,
    "2022": 0,
    "2023": 0,
    "2024": 0,
    "2025": 0,
    "2015-01": 0,
    "2015-02": 0,
    "2015-03": 0,
    "2015-04": 0,
    "2015-05": 0,
    "2015-06": 0,
    "2015-07": 0,
    "2015-08": 0,
    "2015-09": 0,
    "2015-10": 0,
    "2015-11": 0,
    "2015-12": 0,
    "2016-01": 0,
    "2016-02": 0,
    "2016-03": 0,
    "2016-04": 0,
    "2016-05": 0,
    "2016-06": 0,
    "2016-07": 0,
    "2016-08": 0,
    "2016-09": 0,
    "2016-10": 0,
    "2016-11": 0,
    "2016-12": 0,
    "2017-01": 0,
    "2017-02": 0,
    "2017-03": 0,
    "2017-04": 0,
    "2017-05": 0,
    "2017-06": 0,
    "2017-07": 0,
    "2017-08": 0,
    "2017-09": 0,
    "2017-10": 0,
    "2017-11": 0,
    "2017-12": 0,
    "2018-01": 0,
    "2018-02": 0,
    "2018-03": 0,
    "2018-04": 0,
    "2018-05": 0,
    "2018-06": 0,
    "2018-07": 0,
    "2018-08": 0,
    "2018-09": 0,
    "2018-10": 0,
    "2018-11": 0,
    "2018-12": 0,
    "2019-01": 0,
    "2019-02": 0,
    "2019-03": 0,
    "2019-04": 0,
    "2019-05": 0,
    "2019-06": 0,
    "2019-07": 0,
    "2019-08": 0,
    "2019-09": 0,
    "2019-10": 0,
    "2019-11": 0,
    "2019-12": 0,
    "2020-01": 0,
    "2020-02": 0,
    "2020-03": 0,
    "2020-04": 0,
    "2020-05": 0,
    "2020-06": 0,
    "2020-07": 0,
    "2020-08": 0,
    "2020-09": 0,
    "2020-10": 0,
    "2020-11": 0,
    "2020-12": 0,
    "2021-01": 0,
    "2021-02": 0,
    "2021-03": 0,
    "2021-04": 0,
    "2021-05": 0,
    "2021-06": 0,
    "2021-07": 0,
    "2021-08": 0,
    "2021-09": 0,
    "2021-10": 0,
    "2021-11": 0,
    "2021-12": 0,
    "2022-01": 0,
    "2022-02": 0,
    "2022-03": 0,
    "2022-04": 0,
    "2022-05": 0,
    "2022-06": 0,
    "2022-07": 0,
    "2022-08": 0,
    "2022-09": 0,
    "2022-10": 0,
    "2022-11": 0,
    "2022-12": 0,
    "2023-01": 0,
    "2023-02": 0,
    "2023-03": 0,
    "2023-04": 0,
    "2023-05": 0,
    "2023-06": 0,
    "2023-07": 0,
    "2023-08": 0,
    "2023-09": 0,
    "2023-10": 0,
    "2023-11": 0,
    "2023-12": 0,
    "2024-01": 0,
    "2024-02": 0,
    "2024-03": 0,
    "2024-04": 0,
    "2024-05": 0,
    "2024-06": 0,
    "2024-07": 0,
    "2024-08": 0,
    "2024-09": 15,
    "2024-10": 0,
    "2024-11": 0,
    "2024-12": 0,
    "2025-01": 0,
    "2025-02": 0,
    "2025-03": 0,
    "2025-04": 0,
    "2025-05": 0,
    "2025-06": 0,
    "2025-07": 15,
    "2025-08": 0,
    "2025-09": 3,
    "2025-11": 15,
    "2015Q1": 0,
    "2015Q2": 0,
    "2015Q3": 0,
    "2015Q4": 0,
    "2016Q1": 0,
    "2016Q2": 0,
    "2016Q3": 0,
    "2016Q4": 0,
    "2017Q1": 0,
    "2017Q2": 0,
    "2017Q3": 0,
    "2017Q4": 0,
    "2018Q1": 0,
    "2018Q2": 0,
    "2018Q3": 0,
    "2018Q4": 0,
    "2019Q1": 0,
    "2019Q2": 0,
    "2019Q3": 0,
    "2019Q4": 0,
    "2020Q1": 0,
    "2020Q2": 0,
    "2020Q3": 0,
    "2020Q4": 0,
    "2021Q1": 0,
    "2021Q2": 0,
    "2021Q3": 0,
    "2021Q4": 0,
    "2022Q1": 0,
    "2022Q2": 0,
    "2022Q3": 0,
    "2022Q4": 0,
    "2023Q1": 0,
    "2023Q2": 0,
    "2023Q3": 0,
    "2023Q4": 0,
    "2024Q1": 0,
    "2024Q2": 0,
    "2024Q3": 0,
    "2024Q4": 0,
    "2025Q1": 0,
    "2025Q2": 0,
    "2025Q3": 0,
    "2025Q4": 15
  },
  "quantile_1": {
    "2015": 0,
    "2016": 0,
    "2017": 0,
    "2018": 0,
    "2019": 0,
    "2020": 0,
    "2021": 0,
    "2022": 0,
    "2023": 0,
    "2024": 0,
    "2025": 0,
    "2015-01": 0,
    "2015-02": 0,
    "2015-03": 0,
    "2015-04": 0,
    "2015-05": 0,
    "2015-06": 0,
    "2015-07": 0,
    "2015-08": 0,
    "2015-09": 0,
    "2015-10": 0,
    "2015-11": 0,
    "2015-12": 0,
    "2016-01": 0,
    "2016-02": 0,
    "2016-03": 0,
    "2016-04": 0,
    "2016-05": 0,
    "2016-06": 0,
    "2016-07": 0,
    "2016-08": 0,
    "2016-09": 0,
    "2016-10": 0,
    "2016-11": 0,
    "2016-12": 0,
    "2017-01": 0,
    "2017-02": 0,
    "2017-03": 0,
    "2017-04": 0,
    "2017-05": 0,
    "2017-06": 0,
    "2017-07": 0,
    "2017-08": 0,
    "2017-09": 0,
    "2017-10": 0,
    "2017-11": 0,
    "2017-12": 0,
    "2018-01": 0,
    "2018-02": 0,
    "2018-03": 0,
    "2018-04": 0,
    "2018-05": 0,
    "2018-06": 0,
    "2018-07": 0,
    "2018-08": 0,
    "2018-09": 0,
    "2018-10": 0,
    "2018-11": 0,
    "2018-12": 0,
    "2019-01": 0,
    "2019-02": 0,
    "2019-03": 0,
    "2019-04": 0,
    "2019-05": 0,
    "2019-06": 0,
    "2019-07": 0,
    "2019-08": 0,
    "2019-09": 0,
    "2019-10": 0,
    "2019-11": 0,
    "2019-12": 0,
    "2020-01": 0,
    "2020-02": 0,
    "2020-03": 0,
    "2020-04": 0,
    "2020-05": 0,
    "2020-06": 0,
    "2020-07": 0,
    "2020-08": 0,
    "2020-09": 0,
    "2020-10": 0,
    "2020-11": 0,
    "2020-12": 0,
    "2021-01": 0,
    "2021-02": 0,
    "2021-03": 0,
    "2021-04": 0,
    "2021-05": 0,
    "2021-06": 0,
    "2021-07": 0,
    "2021-08": 0,
    "2021-09": 0,
    "2021-10": 0,
    "2021-11": 0,
    "2021-12": 0,
    "2022-01": 0,
    "2022-02": 0,
    "2022-03": 0,
    "2022-04": 0,
    "2022-05": 0,
    "2022-06": 0,
    "2022-07": 0,
    "2022-08": 0,
    "2022-09": 0,
    "2022-10": 0,
    "2022-11": 0,
    "2022-12": 0,
    "2023-01": 0,
    "2023-02": 0,
    "2023-03": 0,
    "2023-04": 0,
    "2023-05": 0,
    "2023-06": 0,
    "2023-07": 0,
    "2023-08": 0,
    "2023-09": 0,
    "2023-10": 0,
    "2023-11": 0,
    "2023-12": 0,
    "2024-01": 0,
    "2024-02": 0,
    "2024-03": 0,
    "2024-04": 0,
    "2024-05": 0,
    "2024-06": 0.25,
    "2024-07": 0,
    "2024-08": 0.75,
    "2024-09": 15,
    "2024-10": 0.5,
    "2024-11": 0,
    "2024-12": 0,
    "2025-01": 0,
    "2025-02": 0,
    "2025-03": 0,
    "2025-04": 0.25,
    "2025-05": 0,
    "2025-06": 0,
    "2025-07": 15,
    "2025-08": 3.75,
    "2025-09": 9,
    "2025-11": 15,
    "2015Q1": 0,
    "2015Q2": 0,
    "2015Q3": 0,
    "2015Q4": 0,
    "2016Q1": 0,
    "2016Q2": 0,
    "2016Q3": 0,
    "2016Q4": 0,
    "2017Q1": 0,
    "2017Q2": 0,
    "2017Q3": 0,
    "2017Q4": 0,
    "2018Q1": 0,
    "2018Q2": 0,
    "2018Q3": 0,
    "2018Q4": 0,
    "2019Q1": 0,
    "2019Q2": 0,
    "2019Q3": 0,
    "2019Q4": 0,
    "2020Q1": 0,
    "2020Q2": 0,
    "2020Q3": 0,
    "2020Q4": 0,
    "2021Q1": 0,
    "2021Q2": 0,
    "2021Q3": 0,
    "2021Q4": 0,
    "2022Q1": 0,
    "2022Q2": 0,
    "2022Q3": 0,
    "2022Q4": 0,
    "2023Q1": 0,
    "2023Q2": 0,
    "2023Q3": 0,
    "2023Q4": 0,
    "2024Q1": 0,
    "2024Q2": 0,
    "2024Q3": 0,
    "2024Q4": 0,
    "2025Q1": 0,
    "2025Q2": 0,
    "2025Q3": 9,
    "2025Q4": 15
  },
  "quantile_2": {
    "2015": 0,
    "2016": 0,
    "2017": 0,
    "2018": 0,
    "2019": 0,
    "2020": 0,
    "2021": 0,
    "2022": 0,
    "2023": 0,
    "2024": 0,
    "2025": 0,
    "2015-01": 0,
    "2015-02": 0,
    "2015-03": 0,
    "2015-04": 0,
    "2015-05": 4,
    "2015-06": 0,
    "2015-07": 0,
    "2015-08": 0,
    "2015-09": 0,
    "2015-10": 0,
    "2015-11": 0,
    "2015-12": 0,
    "2016-01": 0,
    "2016-02": 0,
    "2016-03": 0,
    "2016-04": 0,
    "2016-05": 0,
    "2016-06": 0,
    "2016-07": 0,
    "2016-08": 0,
    "2016-09": 0,
    "2016-10": 0,
    "2016-11": 0,
    "2016-12": 0,
    "2017-01": 0,
    "2017-02": 0,
    "2017-03": 0,
    "2017-04": 0,
    "2017-05": 0,
    "2017-06": 0,
    "2017-07": 0,
    "2017-08": 0,
    "2017-09": 0,
    "2017-10": 0,
    "2017-11": 0,
    "2017-12": 0,
    "2018-01": 0,
    "2018-02": 0,
    "2018-03": 0,
    "2018-04": 0,
    "2018-05": 0,
    "2018-06": 0,
    "2018-07": 0,
    "2018-08": 0,
    "2018-09": 0,
    "2018-10": 0,
    "2018-11": 0,
    "2018-12": 0,
    "2019-01": 0,
    "2019-02": 0,
    "2019-03": 0,
    "2019-04": 0,
    "2019-05": 0,
    "2019-06": 0,
    "2019-07": 0,
    "2019-08": 0,
    "2019-09": 0,
    "2019-10": 0,
    "2019-11": 0,
    "2019-12": 0,
    "2020-01": 0,
    "2020-02": 0,
    "2020-03": 0,
    "2020-04": 0,
    "2020-05": 0,
    "2020-06": 0,
    "2020-07": 0,
    "2020-08": 0,
    "2020-09": 0,
    "2020-10": 0,
    "2020-11": 0,
    "2020-12": 1.5,
    "2021-01": 0,
    "2021-02": 0,
    "2021-03": 0,
    "2021-04": 0,
    "2021-05": 0,
    "2021-06": 0,
    "2021-07": 0,
    "2021-08": 0,
    "2021-09": 0,
    "2021-10": 0,
    "2021-11": 0,
    "2021-12": 0,
    "2022-01": 0,
    "2022-02": 0,
    "2022-03": 0,
    "2022-04": 0,
    "2022-05": 0,
    "2022-06": 0,
    "2022-07": 1,
    "2022-08": 0,
    "2022-09": 0,
    "2022-10": 0,
    "2022-11": 15,
    "2022-12": 0,
    "2023-01": 0,
    "2023-02": 0,
    "2023-03": 0,
    "2023-04": 0,
    "2023-05": 0,
    "2023-06": 0,
    "2023-07": 0,
    "2023-08": 0,
    "2023-09": 0,
    "2023-10": 0,
    "2023-11": 0,
    "2023-12": 0,
    "2024-01": 0,
    "2024-02": 0,
    "2024-03": 0,
    "2024-04": 0,
    "2024-05": 0,
    "2024-06": 8,
    "2024-07": 0,
    "2024-08": 8.5,
    "2024-09": 15,
    "2024-10": 1,
    "2024-11": 0,
    "2024-12": 0,
    "2025-01": 0,
    "2025-02": 0,
    "2025-03": 0,
    "2025-04": 4,
    "2025-05": 0,
    "2025-06": 0,
    "2025-07": 15,
    "2025-08": 7.5,
    "2025-09": 15,
    "2025-11": 15,
    "2015Q1": 0,
    "2015Q2": 0,
    "2015Q3": 0,
    "2015Q4": 0,
    "2016Q1": 0,
    "2016Q2": 0,
    "2016Q3": 0,
    "2016Q4": 0,
    "2017Q1": 0,
    "2017Q2": 0,
    "2017Q3": 0,
    "2017Q4": 0,
    "2018Q1": 0,
    "2018Q2": 0,
    "2018Q3": 0,
    "2018Q4": 0,
    "2019Q1": 0,
    "2019Q2": 0,
    "2019Q3": 0,
    "2019Q4": 0,
    "2020Q1": 0,
    "2020Q2": 0,
    "2020Q3": 0,
    "2020Q4": 0,
    "2021Q1": 0,
    "2021Q2": 0,
    "2021Q3": 0,
    "2021Q4": 0,
    "2022Q1": 0,
    "2022Q2": 0,
    "2022Q3": 0,
    "2022Q4": 0,
    "2023Q1": 0,
    "2023Q2": 0,
    "2023Q3": 0,
    "2023Q4": 0,
    "2024Q1": 0,
    "2024Q2": 0,
    "2024Q3": 2,
    "2024Q4": 0,
    "2025Q1": 0,
    "2025Q2": 0,
    "2025Q3": 15,
    "2025Q4": 15
  },
  "quantile_3": {
    "2015": 1,
    "2016": 1,
    "2017": 0,
    "2018": 1,
    "2019": 0,
    "2020": 0,
    "2021": 0,
    "2022": 1,
    "2023": 1,
    "2024": 15,
    "2025": 15,
    "2015-01": 1,
    "2015-02": 0.5,
    "2015-03": 0,
    "2015-04": 1,
    "2015-05": 15,
    "2015-06": 0.5,
    "2015-07": 0.75,
    "2015-08": 12,
    "2015-09": 0,
    "2015-10": 2,
    "2015-11": 0,
    "2015-12": 3,
    "2016-01": 0.25,
    "2016-02": 0,
    "2016-03": 0,
    "2016-04": 0,
    "2016-05": 1,
    "2016-06": 1,
    "2016-07": 9,
    "2016-08": 1,
    "2016-09": 3,
    "2016-10": 0,
    "2016-11": 6,
    "2016-12": 1,
    "2017-01": 0,
    "2017-02": 0.5,
    "2017-03": 0,
    "2017-04": 0,
    "2017-05": 2,
    "2017-06": 0,
    "2017-07": 0,
    "2017-08": 0,
    "2017-09": 6,
    "2017-10": 0,
    "2017-11": 0,
    "2017-12": 1.25,
    "2018-01": 0,
    "2018-02": 0,
    "2018-03": 0.25,
    "2018-04": 0,
    "2018-05": 1,
    "2018-06": 0.25,
    "2018-07": 0,
    "2018-08": 1,
    "2018-09": 1,
    "2018-10": 1.75,
    "2018-11": 0.25,
    "2018-12": 0.75,
    "2019-01": 0,
    "2019-02": 0,
    "2019-03": 0,
    "2019-04": 0,
    "2019-05": 2.5,
    "2019-06": 0,
    "2019-07": 0,
    "2019-08": 0,
    "2019-09": 0,
    "2019-10": 0.75,
    "2019-11": 0,
    "2019-12": 0,
    "2020-01": 1.5,
    "2020-02": 1,
    "2020-03": 0,
    "2020-04": 0,
    "2020-05": 0,
    "2020-06": 0,
    "2020-07": 0.75,
    "2020-08": 0.5,
    "2020-09": 0,
    "2020-10": 1,
    "2020-11": 0,
    "2020-12": 8,
    "2021-01": 0.25,
    "2021-02": 0,
    "2021-03": 0,
    "2021-04": 0,
    "2021-05": 0,
    "2021-06": 0,
    "2021-07": 0,
    "2021-08": 0,
    "2021-09": 0,
    "2021-10": 0,
    "2021-11": 3,
    "2021-12": 0,
    "2022-01": 0,
    "2022-02": 0,
    "2022-03": 0,
    "2022-04": 0,
    "2022-05": 1,
    "2022-06": 0,
    "2022-07": 6,
    "2022-08": 0,
    "2022-09": 15,
    "2022-10": 18.5,
    "2022-11": 15,
    "2022-12": 0.75,
    "2023-01": 0,
    "2023-02": 0.5,
    "2023-03": 0,
    "2023-04": 5,
    "2023-05": 0,
    "2023-06": 15,
    "2023-07": 0,
    "2023-08": 0,
    "2023-09": 8,
    "2023-10": 0,
    "2023-11": 0,
    "2023-12": 0,
    "2024-01": 10.5,
    "2024-02": 0,
    "2024-03": 0,
    "2024-04": 0,
    "2024-05": 0,
    "2024-06": 15,
    "2024-07": 8.5,
    "2024-08": 15,
    "2024-09": 15,
    "2024-10": 8,
    "2024-11": 15,
    "2024-12": 0,
    "2025-01": 0,
    "2025-02": 0,
    "2025-03": 0,
    "2025-04": 13,
    "2025-05": 1,
    "2025-06": 0,
    "2025-07": 15,
    "2025-08": 11.25,
    "2025-09": 36.5,
    "2025-11": 15,
    "2015Q1": 1,
    "2015Q2": 3,
    "2015Q3": 2,
    "2015Q4": 1.5,
    "2016Q1": 0,
    "2016Q2": 0.75,
    "2016Q3": 7,
    "2016Q4": 0,
    "2017Q1": 0,
    "2017Q2": 1,
    "2017Q3": 0,
    "2017Q4": 0,
    "2018Q1": 0,
    "2018Q2": 1,
    "2018Q3": 1,
    "2018Q4": 1,
    "2019Q1": 0,
    "2019Q2": 1,
    "2019Q3": 0,
    "2019Q4": 0,
    "2020Q1": 1,
    "2020Q2": 0,
    "2020Q3": 0,
    "2020Q4": 0.25,
    "2021Q1": 0,
    "2021Q2": 0,
    "2021Q3": 0,
    "2021Q4": 0,
    "2022Q1": 0,
    "2022Q2": 0,
    "2022Q3": 2.75,
    "2022Q4": 15,
    "2023Q1": 0,
    "2023Q2": 7,
    "2023Q3": 1,
    "2023Q4": 0,
    "2024Q1": 4,
    "2024Q2": 11.5,
    "2024Q3": 15,
    "2024Q4": 11.5,
    "2025Q1": 0,
    "2025Q2": 4.5,
    "2025Q3": 15,
    "2025Q4": 15
  },
  "quantile_4": {
    "2015": 362,
    "2016": 306,
    "2017": 224,
    "2018": 256,
    "2019": 110,
    "2020": 67,
    "2021": 243,
    "2022": 57,
    "2023": 26,
    "2024": 85,
    "2025": 58,
    "2015-01": 362,
    "2015-02": 27,
    "2015-03": 148,
    "2015-04": 15,
    "2015-05": 176,
    "2015-06": 18,
    "2015-07": 203,
    "2015-08": 129,
    "2015-09": 15,
    "2015-10": 98,
    "2015-11": 34,
    "2015-12": 59,
    "2016-01": 25,
    "2016-02": 15,
    "2016-03": 15,
    "2016-04": 10,
    "2016-05": 4,
    "2016-06": 38,
    "2016-07": 306,
    "2016-08": 238,
    "2016-09": 237,
    "2016-10": 0,
    "2016-11": 210,
    "2016-12": 33,
    "2017-01": 113,
    "2017-02": 14,
    "2017-03": 88,
    "2017-04": 14,
    "2017-05": 21,
    "2017-06": 224,
    "2017-07": 67,
    "2017-08": 1,
    "2017-09": 32,
    "2017-10": 68,
    "2017-11": 35,
    "2017-12": 29,
    "2018-01": 23,
    "2018-02": 5,
    "2018-03": 22,
    "2018-04": 15,
    "2018-05": 101,
    "2018-06": 256,
    "2018-07": 15,
    "2018-08": 104,
    "2018-09": 18,
    "2018-10": 96,
    "2018-11": 13,
    "2018-12": 149,
    "2019-01": 35,
    "2019-02": 15,
    "2019-03": 68,
    "2019-04": 44,
    "2019-05": 26,
    "2019-06": 13,
    "2019-07": 59,
    "2019-08": 13,
    "2019-09": 31,
    "2019-10": 110,
    "2019-11": 50,
    "2019-12": 70,
    "2020-01": 21,
    "2020-02": 32,
    "2020-03": 8,
    "2020-04": 15,
    "2020-05": 2,
    "2020-06": 0,
    "2020-07": 34,
    "2020-08": 15,
    "2020-09": 0,
    "2020-10": 67,
    "2020-11": 2,
    "2020-12": 23,
    "2021-01": 194,
    "2021-02": 243,
    "2021-03": 24,
    "2021-04": 16,
    "2021-05": 75,
    "2021-06": 52,
    "2021-07": 218,
    "2021-08": 57,
    "2021-09": 1,
    "2021-10": 15,
    "2021-11": 15,
    "2021-12": 1,
    "2022-01": 20,
    "2022-02": 15,
    "2022-03": 15,
    "2022-04": 15,
    "2022-05": 19,
    "2022-06": 15,
    "2022-07": 15,
    "2022-08": 15,
    "2022-09": 15,
    "2022-10": 35,
    "2022-11": 57,
    "2022-12": 15,
    "2023-01": 21,
    "2023-02": 15,
    "2023-03": 26,
    "2023-04": 15,
    "2023-05": 15,
    "2023-06": 15,
    "2023-07": 18,
    "2023-08": 15,
    "2023-09": 15,
    "2023-10": 15,
    "2023-11": 19,
    "2023-12": 15,
    "2024-01": 15,
    "2024-02": 15,
    "2024-03": 15,
    "2024-04": 15,
    "2024-05": 0,
    "2024-06": 21,
    "2024-07": 85,
    "2024-08": 17,
    "2024-09": 15,
    "2024-10": 15,
    "2024-11": 41,
    "2024-12": 15,
    "2025-01": 0,
    "2025-02": 0,
    "2025-03": 27,
    "2025-04": 15,
    "2025-05": 2,
    "2025-06": 0,
    "2025-07": 15,
    "2025-08": 15,
    "2025-09": 58,
    "2025-11": 15,
    "2015Q1": 362,
    "2015Q2": 176,
    "2015Q3": 203,
    "2015Q4": 98,
    "2016Q1": 25,
    "2016Q2": 38,
    "2016Q3": 306,
    "2016Q4": 210,
    "2017Q1": 113,
    "2017Q2": 224,
    "2017Q3": 67,
    "2017Q4": 68,
    "2018Q1": 23,
    "2018Q2": 256,
    "2018Q3": 104,
    "2018Q4": 149,
    "2019Q1": 68,
    "2019Q2": 44,
    "2019Q3": 59,
    "2019Q4": 110,
    "2020Q1": 32,
    "2020Q2": 15,
    "2020Q3": 34,
    "2020Q4": 67,
    "2021Q1": 243,
    "2021Q2": 75,
    "2021Q3": 218,
    "2021Q4": 15,
    "2022Q1": 20,
    "2022Q2": 19,
    "2022Q3": 15,
    "2022Q4": 57,
    "2023Q1": 26,
    "2023Q2": 15,
    "2023Q3": 18,
    "2023Q4": 19,
    "2024Q1": 15,
    "2024Q2": 21,
    "2024Q3": 85,
    "2024Q4": 41,
    "2025Q1": 27,
    "2025Q2": 15,
    "2025Q3": 58,
    "2025Q4": 15
  }
}