{
  "avg": {
    "2015": 144.25,
    "2016": 74.8,
    "2017": 47.49,
    "2018": 38.13,
    "2019": 29.24,
    "2020": 14.11,
    "2021": 13.13,
    "2022": 5.99,
    "2023": 4.84,
    "2024": 20.7,
    "2025": 11.69,
    "2015-01": 168.06,
    "2015-02": 201.93,
    "2015-03": 67.19,
    "2015-04": 299.33,
    "2015-05": 170.8,
    "2015-06": 224.26,
    "2015-07": 86.8,
    "2015-08": 75.59,
    "2015-09": 149.43,
    "2015-10": 87.69,
    "2015-11": 121.47,
    "2015-12": 55.81,
    "2016-01": 58.14,
    "2016-02": 36.93,
    "2016-03": 5.86,
    "2016-04": 119.73,
    "2016-05": 80.76,
    "2016-06": 93.47,
    "2016-07": 172.2,
    "2016-08": 56.12,
    "2016-09": 82.62,
    "2016-10": 3.22,
    "2016-11": 43.91,
    "2016-12": 40.94,
    "2017-01": 15.38,
    "2017-02": 48.88,
    "2017-03": 26.56,
    "2017-04": 11.37,
    "2017-05": 62.09,
    "2017-06": 21.27,
    "2017-07": 109.3,
    "2017-08": 0.08,
    "2017-09": 15.93,
    "2017-10": 14.07,
    "2017-11": 148.58,
    "2017-12": 38.19,
    "2018-01": 3.42,
    "2018-02": 2.78,
    "2018-03": 3.32,
    "2018-04": 22.62,
    "2018-05": 100.52,
    "2018-06": 135.1,
    "2018-07": 26.85,
    "2018-08": 41.82,
    "2018-09": 52.13,
    "2018-10": 26.57,
    "2018-11": 8.07,
    "2018-12": 11.1,
    "2019-01": 24.67,
    "2019-02": 94.15,
    "2019-03": 10.59,
    "2019-04": 9.16,
    "2019-05": 20.6,
    "2019-06": 80.29,
    "2019-07": 44.16,
    "2019-08": 0.87,
    "2019-09": 8.26,
    "2019-10": 55.33,
    "2019-11": 6.57,
    "2019-12": 16.38,
    "2020-01": 6.58,
    "2020-02": 3.44,
    "2020-03": 44.33,
    "2020-04": 19.07,
    "2020-05": 2.52,
    "2020-06": 0.57,
    "2020-07": 57.23,
    "2020-08": 5.62,
    "2020-09": 1.4,
    "2020-10": 15.92,
    "2020-11": 0.25,
    "2020-12": 14.5,
    "2021-01": 49.93,
    "2021-02": 2.73,
    "2021-03": 2.4,
    "2021-04": 1.7,
    "2021-05": 4.79,
    "2021-06": 6.79,
    "2021-07": 36.33,
    "2021-08": 35.94,
    "2021-09": 0.2,
    "2021-10": 22.4,
    "2021-11": 12,
    "2021-12": 8,
    "2022-01": 2.05,
    "2022-02": 5.58,
    "2022-03": 0.8,
    "2022-04": 1.16,
    "2022-05": 8.65,
    "2022-06": 0.29,
    "2022-07": 0.7,
    "2022-08": 11.65,
    "2022-09": 0,
    "2022-10": 24.8,
    "2022-11": 28.6,
    "2022-12": 4.33,
    "2023-01": 5.2,
    "2023-02": 3.5,
    "2023-03": 4.56,
    "2023-04": 0.88,
    "2023-05": 0.09,
    "2023-06": 0.14,
    "2023-07": 0,
    "2023-08": 1.64,
    "2023-09": 2.78,
    "2023-10": 0,
    "2023-11": 42.1,
    "2023-12": 0,
    "2024-01": 9.89,
    "2024-02": 5.12,
    "2024-03": 32.62,
    "2024-04": 38.5,
    "2024-05": 0,
    "2024-06": 5.5,
    "2024-07": 17.4,
    "2024-08": 40.33,
    "2024-10": 7.5,
    "2024-11": 52.67,
    "2024-12": 0,
    "2025-01": 13,
    "2025-02": 0,
    "2025-03": 14.5,
    "2025-04": 31.75,
    "2025-05": 0,
    "2025-06": 0,
    "2025-07": 19,
    "2025-08": 0,
    "2025-10": 16,
    "2025-11": 0,
    "2015Q1": 130.51,
    "2015Q2": 237.39,
    "2015Q3": 94.09,
    "2015Q4": 85.82,
    "2016Q1": 44.88,
    "2016Q2": 97.51,
    "2016Q3": 99.47,
    "2016Q4": 32.65,
    "2017Q1": 30.12,
    "2017Q2": 36.93,
    "2017Q3": 55.08,
    "2017Q4": 72.9,
    "2018Q1": 3.18,
    "2018Q2": 75.15,
    "2018Q3": 40.93,
    "2018Q4": 17.25,
    "2019Q1": 40.48,
    "2019Q2": 31.26,
    "2019Q3": 20.75,
    "2019Q4": 28.12,
    "2020Q1": 17.51,
    "2020Q2": 9.38,
    "2020Q3": 23.08,
    "2020Q4": 7.91,
    "2021Q1": 21.51,
    "2021Q2": 5.06,
    "2021Q3": 29.86,
    "2021Q4": 14.06,
    "2022Q1": 2.53,
    "2022Q2": 3.34,
    "2022Q3": 7.21,
    "2022Q4": 16.41,
    "2023Q1": 4.26,
    "2023Q2": 0.47,
    "2023Q3": 1.54,
    "2023Q4": 12.76,
    "2024Q1": 15.64,
    "2024Q2": 18.07,
    "2024Q3": 29.91,
    "2024Q4": 25.46,
    "2025Q1": 11.18,
    "2025Q2": 14.11,
    "2025Q3": 9.5,
    "2025Q4": 8
  },
  "levels": {
    "2015": [
      104,
      15,
      6,
      78
    ],
    "2016": [
      130,
      9,
      7,
      71
    ],
    "2017": [
      150,
      12,
      7,
      55
    ],
    "2018": [
      203,
      4,
      5,
      37
    ],
    "2019": [
      169,
      4,
      8,
      30
    ],
    "2020": [
      162,
      5,
      2,
      20
    ],
    "2021": [
      157,
      7,
      6,
      25
    ],
    "2022": [
      154,
      5,
      4,
      18
    ],
    "2023": [
      112,
      5,
      6,
      7
    ],
    "2024": [
      47,
      1,
      4,
      11
    ],
    "2025": [
      18,
      1,
      1,
      6
    ],
    "2015-01": [
      7,
      2,
      1,
      7
    ],
    "2015-02": [
      8,
      0,
      0,
      7
    ],
    "2015-03": [
      14,
      6,
      2,
      5
    ],
    "2015-04": [
      10,
      1,
      1,
      9
    ],
    "2015-05": [
      4,
      1,
      1,
      9
    ],
    "2015-06": [
      11,
      1,
      0,
      11
    ],
    "2015-07": [
      6,
      1,
      1,
      2
    ],
    "2015-08": [
      9,
      1,
      0,
      7
    ],
    "2015-09": [
      1,
      0,
      0,
      6
    ],
    "2015-10": [
      6,
      1,
      0,
      6
    ],
    "2015-11": [
      13,
      0,
      0,
      4
    ],
    "2015-12": [
      15,
      1,
      0,
      5
    ],
    "2016-01": [
      18,
      0,
      2,
      9
    ],
    "2016-02": [
      12,
      0,
      0,
      2
    ],
    "2016-03": [
      5,
      1,
      0,
      1
    ],
    "2016-04": [
      12,
      0,
      0,
      10
    ],
    "2016-05": [
      14,
      1,
      0,
      6
    ],
    "2016-06": [
      18,
      1,
      1,
      14
    ],
    "2016-07": [
      9,
      1,
      1,
      4
    ],
    "2016-08": [
      7,
      3,
      0,
      7
    ],
    "2016-09": [
      12,
      0,
      0,
      9
    ],
    "2016-10": [
      8,
      0,
      0,
      1
    ],
    "2016-11": [
      5,
      1,
      1,
      4
    ],
    "2016-12": [
      10,
      1,
      2,
      4
    ],
    "2017-01": [
      12,
      0,
      1,
      3
    ],
    "2017-02": [
      9,
      1,
      0,
      6
    ],
    "2017-03": [
      8,
      2,
      1,
      7
    ],
    "2017-04": [
      14,
      0,
      0,
      5
    ],
    "2017-05": [
      22,
      2,
      2,
      7
    ],
    "2017-06": [
      17,
      2,
      0,
      3
    ],
    "2017-07": [
      16,
      1,
      0,
      6
    ],
    "2017-08": [
      12,
      0,
      0,
      0
    ],
    "2017-09": [
      10,
      0,
      1,
      4
    ],
    "2017-10": [
      12,
      0,
      1,
      2
    ],
    "2017-11": [
      10,
      0,
      1,
      8
    ],
    "2017-12": [
      8,
      4,
      0,
      4
    ],
    "2018-01": [
      16,
      0,
      1,
      2
    ],
    "2018-02": [
      14,
      2,
      0,
      2
    ],
    "2018-03": [
      17,
      0,
      0,
      2
    ],
    "2018-04": [
      36,
      0,
      0,
      1
    ],
    "2018-05": [
      20,
      2,
      0,
      5
    ],
    "2018-06": [
      16,
      0,
      0,
      5
    ],
    "2018-07": [
      12,
      0,
      0,
      1
    ],
    "2018-08": [
      13,
      0,
      1,
      3
    ],
    "2018-09": [
      10,
      0,
      0,
      5
    ],
    "2018-10": [
      21,
      0,
      1,
      6
    ],
    "2018-11": [
      12,
      0,
      1,
      2
    ],
    "2018-12": [
      16,
      0,
      1,
      3
    ],
    "2019-01": [
      10,
      0,
      0,
      2
    ],
    "2019-02": [
      11,
      0,
      0,
      2
    ],
    "2019-03": [
      14,
      0,
      0,
      3
    ],
    "2019-04": [
      13,
      0,
      1,
      5
    ],
    "2019-05": [
      18,
      2,
      3,
      2
    ],
    "2019-06": [
      11,
      1,
      0,
      2
    ],
    "2019-07": [
      22,
      1,
      0,
      2
    ],
    "2019-08": [
      14,
      0,
      1,
      0
    ],
    "2019-09": [
      17,
      0,
      1,
      5
    ],
    "2019-10": [
      15,
      0,
      1,
      2
    ],
    "2019-11": [
      13,
      0,
      0,
      1
    ],
    "2019-12": [
      11,
      0,
      1,
      4
    ],
    "2020-01": [
      9,
      0,
      0,
      3
    ],
    "2020-02": [
      23,
      0,
      0,
      2
    ],
    "2020-03": [
      11,
      2,
      1,
      4
    ],
    "2020-04": [
      24,
      2,
      0,
      3
    ],
    "2020-05": [
      22,
      0,
      0,
      1
    ],
    "2020-06": [
      13,
      1,
      0,
      0
    ],
    "2020-07": [
      10,
      0,
      0,
      3
    ],
    "2020-08": [
      12,
      0,
      0,
      1
    ],
    "2020-09": [
      9,
      0,
      1,
      0
    ],
    "2020-10": [
      10,
      0,
      0,
      2
    ],
    "2020-11": [
      16,
      0,
      0,
      0
    ],
    "2020-12": [
      3,
      0,
      0,
      1
    ],
    "2021-01": [
      10,
      2,
      0,
      2
    ],
    "2021-02": [
      9,
      0,
      1,
      1
    ],
    "2021-03": [
      9,
      0,
      0,
      1
    ],
    "2021-04": [
      9,
      0,
      0,
      1
    ],
    "2021-05": [
      51,
      5,
      2,
      3
    ],
    "2021-06": [
      24,
      0,
      1,
      4
    ],
    "2021-07": [
      5,
      0,
      0,
      1
    ],
    "2021-08": [
      15,
      0,
      0,
      3
    ],
    "2021-09": [
      5,
      0,
      0,
      0
    ],
    "2021-10": [
      7,
      0,
      0,
      3
    ],
    "2021-11": [
      6,
      0,
      2,
      3
    ],
    "2021-12": [
      7,
      0,
      0,
      3
    ],
    "2022-01": [
      20,
      0,
      0,
      2
    ],
    "2022-02": [
      11,
      0,
      0,
      1
    ],
    "2022-03": [
      14,
      0,
      1,
      0
    ],
    "2022-04": [
      23,
      1,
      0,
      1
    ],
    "2022-05": [
      10,
      2,
      3,
      5
    ],
    "2022-06": [
      16,
      1,
      0,
      0
    ],
    "2022-07": [
      10,
      0,
      0,
      0
    ],
    "2022-08": [
      23,
      1,
      0,
      2
    ],
    "2022-09": [
      7,
      0,
      0,
      0
    ],
    "2022-10": [
      7,
      0,
      0,
      3
    ],
    "2022-11": [
      3,
      0,
      0,
      2
    ],
    "2022-12": [
      10,
      0,
      0,
      2
    ],
    "2023-01": [
      8,
      0,
      0,
      2
    ],
    "2023-02": [
      14,
      1,
      0,
      1
    ],
    "2023-03": [
      5,
      3,
      0,
      1
    ],
    "2023-04": [
      14,
      1,
      1,
      0
    ],
    "2023-05": [
      11,
      0,
      0,
      0
    ],
    "2023-06": [
      7,
      0,
      0,
      0
    ],
    "2023-07": [
      8,
      0,
      0,
      0
    ],
    "2023-08": [
      9,
      0,
      2,
      0
    ],
    "2023-09": [
      7,
      0,
      2,
      0
    ],
    "2023-10": [
      14,
      0,
      0,
      0
    ],
    "2023-11": [
      6,
      0,
      1,
      3
    ],
    "2023-12": [
      9,
      0,
      0,
      0
    ],
    "2024-01": [
      6,
      0,
      2,
      1
    ],
    "2024-02": [
      7,
      0,
      0,
      1
    ],
    "2024-03": [
      6,
      0,
      1,
      1
    ],
    "2024-04": [
      4,
      0,
      0,
      2
    ],
    "2024-05": [
      4,
      0,
      0,
      0
    ],
    "2024-06": [
      3,
      0,
      0,
      1
    ],
    "2024-07": [
      4,
      0,
      0,
      1
    ],
    "2024-08": [
      3,
      0,
      0,
      3
    ],
    "2024-10": [
      1,
      0,
      1,
      0
    ],
    "2024-11": [
      4,
      1,
      0,
      1
    ],
    "2024-12": [
      5,
      0,
      0,
      0
    ],
    "2025-01": [
      3,
      1,
      0,
      1
    ],
    "2025-02": [
      2,
      0,
      0,
      0
    ],
    "2025-03": [
      1,
      0,
      1,
      2
    ],
    "2025-04": [
      3,
      0,
      0,
      1
    ],
    "2025-05": [
      4,
      0,
      0,
      0
    ],
    "2025-06": [
      1,
      0,
      0,
      0
    ],
    "2025-07": [
      1,
      0,
      0,
      1
    ],
    "2025-08": [
      2,
      0,
      0,
      0
    ],
    "2025-10": [
      0,
      0,
      0,
      1
    ],
    "2025-11": [
      1,
      0,
      0,
      0
    ],
    "2015Q1": [
      29,
      8,
      3,
      19
    ],
    "2015Q2": [
      25,
      3,
      2,
      29
    ],
    "2015Q3": [
      16,
      2,
      1,
      15
    ],
    "2015Q4": [
      34,
      2,
      0,
      15
    ],
    "2016Q1": [
      35,
      1,
      2,
      12
    ],
    "2016Q2": [
      44,
      2,
      1,
      30
    ],
    "2016Q3": [
      28,
      4,
      1,
      20
    ],
    "2016Q4": [
      23,
      2,
      3,
      9
    ],
    "2017Q1": [
      29,
      3,
      2,
      16
    ],
    "2017Q2": [
      53,
      4,
      2,
      15
    ],
    "2017Q3": [
      38,
      1,
      1,
      10
    ],
    "2017Q4": [
      30,
      4,
      2,
      14
    ],
    "2018Q1": [
      47,
      2,
      1,
      6
    ],
    "2018Q2": [
      72,
      2,
      0,
      11
    ],
    "2018Q3": [
      35,
      0,
      1,
      9
    ],
    "2018Q4": [
      49,
      0,
      3,
      11
    ],
    "2019Q1": [
      35,
      0,
      0,
      7
    ],
    "2019Q2": [
      42,
      3,
      4,
      9
    ],
    "2019Q3": [
      53,
      1,
      2,
      7
    ],
    "2019Q4": [
      39,
      0,
      2,
      7
    ],
    "2020Q1": [
      43,
      2,
      1,
      9
    ],
    "2020Q2": [
      59,
      3,
      0,
      4
    ],
    "2020Q3": [
      31,
      0,
      1,
      4
    ],
    "2020Q4": [
      29,
      0,
      0,
      3
    ],
    "2021Q1": [
      28,
      2,
      1,
      4
    ],
    "2021Q2": [
      84,
      5,
      3,
      8
    ],
    "2021Q3": [
      25,
      0,
      0,
      4
    ],
    "2021Q4": [
      20,
      0,
      2,
      9
    ],
    "2022Q1": [
      45,
      0,
      1,
      3
    ],
    "2022Q2": [
      49,
      4,
      3,
      6
    ],
    "2022Q3": [
      40,
      1,
      0,
      2
    ],
    "2022Q4": [
      20,
      0,
      0,
      7
    ],
    "2023Q1": [
      27,
      4,
      0,
      4
    ],
    "2023Q2": [
      32,
      1,
      1,
      0
    ],
    "2023Q3": [
      24,
      0,
      4,
      0
    ],
    "2023Q4": [
      29,
      0,
      1,
      3
    ],
    "2024Q1": [
      19,
      0,
      3,
      3
    ],
    "2024Q2": [
      11,
      0,
      0,
      3
    ],
    "2024Q3": [
      7,
      0,
      0,
      4
    ],
    "2024Q4": [
      10,
      1,
      1,
      1
    ],
    "2025Q1": [
      6,
      1,
      1,
      3
    ],
    "2025Q2": [
      8,
      0,
      0,
      1
    ],
    "2025Q3": [
      3,
      0,
      0,
      1
    ],
    "2025Q4": [
      1,
      0,
      0,
      1
    ]
  },
  "quantile_0": {
    "2015": 0,
    "2016": 0,
    "2017": 0,
    "2018": 0,
    "2019": 0,
    "2020": 0,
    "2021": 0,
    "2022": 0,
    "2023": 0,
    "2024": 0,
    "2025": 0,
    "2015-01": 0,
    "2015-02": 0,
    "2015-03": 0,
    "2015-04": 0,
    "2015-05": 0,
    "2015-06": 0,
    "2015-07": 0,
    "2015-08": 0,
    "2015-09": 1,
    "2015-10": 0,
    "2015-11": 0,
    "2015-12": 0,
    "2016-01": 0,
    "2016-02": 0,
    "2016-03": 0,
    "2016-04": 0,
    "2016-05": 0,
    "2016-06": 0,
    "2016-07": 0,
    "2016-08": 0,
    "2016-09": 0,
    "2016-10": 0,
    "2016-11": 0,
    "2016-12": 0,
    "2017-01": 0,
    "2017-02": 0,
    "2017-03": 0,
    "2017-04": 0,
    "2017-05": 0,
    "2017-06": 0,
    "2017-07": 0,
    "2017-08": 0,
    "2017-09": 0,
    "2017-10": 0,
    "2017-11": 0,
    "2017-12": 0,
    "2018-01": 0,
    "2018-02": 0,
    "2018-03": 0,
    "2018-04": 0,
    "2018-05": 0,
    "2018-06": 0,
    "2018-07": 0,
    "2018-08": 0,
    "2018-09": 0,
    "2018-10": 0,
    "2018-11": 0,
    "2018-12": 0,
    "2019-01": 0,
    "2019-02": 0,
    "2019-03": 0,
    "2019-04": 0,
    "2019-05": 0,
    "2019-06": 0,
    "2019-07": 0,
    "2019-08": 0,
    "2019-09": 0,
    "2019-10": 0,
    "2019-11": 0,
    "2019-12": 0,
    "2020-01": 0,
    "2020-02": 0,
    "2020-03": 0,
    "2020-04": 0,
    "2020-05": 0,
    "2020-06": 0,
    "2020-07": 0,
    "2020-08": 0,
    "2020-09": 0,
    "2020-10": 0,
    "2020-11": 0,
    "2020-12": 0,
    "2021-01": 0,
    "2021-02": 0,
    "2021-03": 0,
    "2021-04": 0,
    "2021-05": 0,
    "2021-06": 0,
    "2021-07": 0,
    "2021-08": 0,
    "2021-09": 0,
    "2021-10": 0,
    "2021-11": 0,
    "2021-12": 0,
    "2022-01": 0,
    "2022-02": 0,
    "2022-03": 0,
    "2022-04": 0,
    "2022-05": 0,
    "2022-06": 0,
    "2022-07": 0,
    "2022-08": 0,
    "2022-09": 0,
    "2022-10": 0,
    "2022-11": 0,
    "2022-12": 0,
    "2023-01": 0,
    "2023-02": 0,
    "2023-03": 0,
    "2023-04": 0,
    "2023-05": 0,
    "2023-06": 0,
    "2023-07": 0,
    "2023-08": 0,
    "2023-09": 0,
    "2023-10": 0,
    "2023-11": 0,
    "2023-12": 0,
    "2024-01": 0,
    "2024-02": 0,
    "2024-03": 0,
    "2024-04": 0,
    "2024-05": 0,
    "2024-06": 0,
    "2024-07": 0,
    "2024-08": 0,
    "2024-10": 1,
    "2024-11": 0,
    "2024-12": 0,
    "2025-01": 0,
    "2025-02": 0,
    "2025-03": 0,
    "2025-04": 0,
    "2025-05": 0,
    "2025-06": 0,
    "2025-07": 3,
    "2025-08": 0,
    "2025-10": 16,
    "2025-11": 0,
    "2015Q1": 0,
    "2015Q2": 0,
    "2015Q3": 0,
    "2015Q4": 0,
    "2016Q1": 0,
    "2016Q2": 0,
    "2016Q3": 0,
    "2016Q4": 0,
    "2017Q1": 0,
    "2017Q2": 0,
    "2017Q3": 0,
    "2017Q4": 0,
    "2018Q1": 0,
    "2018Q2": 0,
    "2018Q3": 0,
    "2018Q4": 0,
    "2019Q1": 0,
    "2019Q2": 0,
    "2019Q3": 0,
    "2019Q4": 0,
    "2020Q1": 0,
    "2020Q2": 0,
    "2020Q3": 0,
    "2020Q4": 0,
    "2021Q1": 0,
    "2021Q2": 0,
    "2021Q3": 0,
    "2021Q4": 0,
    "2022Q1": 0,
    "2022Q2": 0,
    "2022Q3": 0,
    "2022Q4": 0,
    "2023Q1": 0,
    "2023Q2": 0,
    "2023Q3": 0,
    "2023Q4": 0,
    "2024Q1": 0,
    "2024Q2": 0,
    "2024Q3": 0,
    "2024Q4": 0,
    "2025Q1": 0,
    "2025Q2": 0,
    "2025Q3": 0,
    "2025Q4": 0
  },
  "quantile_1": {
    "2015": 0,
    "2016": 0,
    "2017": 0,
    "2018": 0,
    "2019": 0,
    "2020": 0,
    "2021": 0,
    "2022": 0,
    "2023": 0,
    "2024": 0,
    "2025": 0,
    "2015-01": 0,
    "2015-02": 0,
    "2015-03": 0,
    "2015-04": 0,
    "2015-05": 2.5,
    "2015-06": 0,
    "2015-07": 0,
    "2015-08": 0,
    "2015-09": 30,
    "2015-10": 0,
    "2015-11": 0,
    "2015-12": 0,
    "2016-01": 0,
    "2016-02": 0,
    "2016-03": 0,
    "2016-04": 0,
    "2016-05": 0,
    "2016-06": 0,
    "2016-07": 0,
    "2016-08": 0,
    "2016-09": 0,
    "2016-10": 0,
    "2016-11": 0,
    "2016-12": 0,
    "2017-01": 0,
    "2017-02": 0,
    "2017-03": 0,
    "2017-04": 0,
    "2017-05": 0,
    "2017-06": 0,
    "2017-07": 0,
    "2017-08": 0,
    "2017-09": 0,
    "2017-10": 0,
    "2017-11": 0,
    "2017-12": 0,
    "2018-01": 0,
    "2018-02": 0,
    "2018-03": 0,
    "2018-04": 0,
    "2018-05": 0,
    "2018-06": 0,
    "2018-07": 0,
    "2018-08": 0,
    "2018-09": 0,
    "2018-10": 0,
    "2018-11": 0,
    "2018-12": 0,
    "2019-01": 0,
    "2019-02": 0,
    "2019-03": 0,
    "2019-04": 0,
    "2019-05": 0,
    "2019-06": 0,
    "2019-07": 0,
    "2019-08": 0,
    "2019-09": 0,
    "2019-10": 0,
    "2019-11": 0,
    "2019-12": 0,
    "2020-01": 0,
    "2020-02": 0,
    "2020-03": 0,
    "2020-04": 0,
    "2020-05": 0,
    "2020-06": 0,
    "2020-07": 0,
    "2020-08": 0,
    "2020-09": 0,
    "2020-10": 0,
    "2020-11": 0,
    "2020-12": 0,
    "2021-01": 0,
    "2021-02": 0,
    "2021-03": 0,
    "2021-04": 0,
    "2021-05": 0,
    "2021-06": 0,
    "2021-07": 0,
    "2021-08": 0,
    "2021-09": 0,
    "2021-10": 0,
    "2021-11": 0,
    "2021-12": 0,
    "2022-01": 0,
    "2022-02": 0,
    "2022-03": 0,
    "2022-04": 0,
    "2022-05": 0,
    "2022-06": 0,
    "2022-07": 0,
    "2022-08": 0,
    "2022-09": 0,
    "2022-10": 0,
    "2022-11": 0,
    "2022-12": 0,
    "2023-01": 0,
    "2023-02": 0,
    "2023-03": 0,
    "2023-04": 0,
    "2023-05": 0,
    "2023-06": 0,
    "2023-07": 0,
    "2023-08": 0,
    "2023-09": 0,
    "2023-10": 0,
    "2023-11": 0,
    "2023-12": 0,
    "2024-01": 0,
    "2024-02": 0,
    "2024-03": 0,
    "2024-04": 0,
    "2024-05": 0,
    "2024-06": 0,
    "2024-07": 0,
    "2024-08": 1,
    "2024-10": 4.25,
    "2024-11": 0,
    "2024-12": 0,
    "2025-01": 0,
    "2025-02": 0,
    "2025-03": 7.5,
    "2025-04": 0,
    "2025-05": 0,
    "2025-06": 0,
    "2025-07": 11,
    "2025-08": 0,
    "2025-10": 16,
    "2025-11": 0,
    "2015Q1": 0,
    "2015Q2": 0,
    "2015Q3": 0,
    "2015Q4": 0,
    "2016Q1": 0,
    "2016Q2": 0,
    "2016Q3": 0,
    "2016Q4": 0,
    "2017Q1": 0,
    "2017Q2": 0,
    "2017Q3": 0,
    "2017Q4": 0,
    "2018Q1": 0,
    "2018Q2": 0,
    "2018Q3": 0,
    "2018Q4": 0,
    "2019Q1": 0,
    "2019Q2": 0,
    "2019Q3": 0,
    "2019Q4": 0,
    "2020Q1": 0,
    "2020Q2": 0,
    "2020Q3": 0,
    "2020Q4": 0,
    "2021Q1": 0,
    "2021Q2": 0,
    "2021Q3": 0,
    "2021Q4": 0,
    "2022Q1": 0,
    "2022Q2": 0,
    "2022Q3": 0,
    "2022Q4": 0,
    "2023Q1": 0,
    "2023Q2": 0,
    "2023Q3": 0,
    "2023Q4": 0,
    "2024Q1": 0,
    "2024Q2": 0,
    "2024Q3": 0,
    "2024Q4": 0,
    "2025Q1": 0,
    "2025Q2": 0,
    "2025Q3": 0,
    "2025Q4": 4
  },
  "quantile_2": {
    "2015": 3,
    "2016": 0,
    "2017": 0,
    "2018": 0,
    "2019": 0,
    "2020": 0,
    "2021": 0,
    "2022": 0,
    "2023": 0,
    "2024": 0,
    "2025": 0,
    "2015-01": 5,
    "2015-02": 2,
    "2015-03": 0,
    "2015-04": 6,
    "2015-05": 119,
    "2015-06": 5,
    "2015-07": 0.5,
    "2015-08": 1,
    "2015-09": 34,
    "2015-10": 4,
    "2015-11": 0,
    "2015-12": 1,
    "2016-01": 0,
    "2016-02": 0,
    "2016-03": 0,
    "2016-04": 2.5,
    "2016-05": 1,
    "2016-06": 1.5,
    "2016-07": 1,
    "2016-08": 4,
    "2016-09": 0,
    "2016-10": 0,
    "2016-11": 7,
    "2016-12": 1,
    "2017-01": 0,
    "2017-02": 0.5,
    "2017-03": 4,
    "2017-04": 0,
    "2017-05": 1,
    "2017-06": 0,
    "2017-07": 0,
    "2017-08": 0,
    "2017-09": 0,
    "2017-10": 0,
    "2017-11": 3,
    "2017-12": 3,
    "2018-01": 0,
    "2018-02": 0,
    "2018-03": 0,
    "2018-04": 0,
    "2018-05": 0,
    "2018-06": 0,
    "2018-07": 0,
    "2018-08": 0,
    "2018-09": 0,
    "2018-10": 0,
    "2018-11": 0,
    "2018-12": 0,
    "2019-01": 0,
    "2019-02": 0,
    "2019-03": 0,
    "2019-04": 0,
    "2019-05": 1,
    "2019-06": 0,
    "2019-07": 0,
    "2019-08": 0,
    "2019-09": 0,
    "2019-10": 0,
    "2019-11": 0,
    "2019-12": 0,
    "2020-01": 0,
    "2020-02": 0,
    "2020-03": 0,
    "2020-04": 0,
    "2020-05": 0,
    "2020-06": 0,
    "2020-07": 0,
    "2020-08": 0,
    "2020-09": 0,
    "2020-10": 0,
    "2020-11": 0,
    "2020-12": 1.5,
    "2021-01": 0,
    "2021-02": 0,
    "2021-03": 0,
    "2021-04": 0,
    "2021-05": 0,
    "2021-06": 0,
    "2021-07": 0,
    "2021-08": 0,
    "2021-09": 0,
    "2021-10": 0,
    "2021-11": 0,
    "2021-12": 0,
    "2022-01": 0,
    "2022-02": 0,
    "2022-03": 0,
    "2022-04": 0,
    "2022-05": 2.5,
    "2022-06": 0,
    "2022-07": 0,
    "2022-08": 0,
    "2022-09": 0,
    "2022-10": 0,
    "2022-11": 0,
    "2022-12": 0,
    "2023-01": 0,
    "2023-02": 0,
    "2023-03": 0,
    "2023-04": 0,
    "2023-05": 0,
    "2023-06": 0,
    "2023-07": 0,
    "2023-08": 0,
    "2023-09": 0,
    "2023-10": 0,
    "2023-11": 0,
    "2023-12": 0,
    "2024-01": 0,
    "2024-02": 0,
    "2024-03": 0,
    "2024-04": 0,
    "2024-05": 0,
    "2024-06": 0.5,
    "2024-07": 0,
    "2024-08": 37,
    "2024-10": 7.5,
    "2024-11": 0.5,
    "2024-12": 0,
    "2025-01": 0,
    "2025-02": 0,
    "2025-03": 15.5,
    "2025-04": 0.5,
    "2025-05": 0,
    "2025-06": 0,
    "2025-07": 19,
    "2025-08": 0,
    "2025-10": 16,
    "2025-11": 0,
    "2015Q1": 4,
    "2015Q2": 13,
    "2015Q3": 4.5,
    "2015Q4": 0,
    "2016Q1": 0,
    "2016Q2": 2,
    "2016Q3": 1,
    "2016Q4": 0,
    "2017Q1": 0,
    "2017Q2": 1,
    "2017Q3": 0,
    "2017Q4": 1,
    "2018Q1": 0,
    "2018Q2": 0,
    "2018Q3": 0,
    "2018Q4": 0,
    "2019Q1": 0,
    "2019Q2": 0,
    "2019Q3": 0,
    "2019Q4": 0,
    "2020Q1": 0,
    "2020Q2": 0,
    "2020Q3": 0,
    "2020Q4": 0,
    "2021Q1": 0,
    "2021Q2": 0,
    "2021Q3": 0,
    "2021Q4": 0,
    "2022Q1": 0,
    "2022Q2": 0,
    "2022Q3": 0,
    "2022Q4": 0,
    "2023Q1": 0,
    "2023Q2": 0,
    "2023Q3": 0,
    "2023Q4": 0,
    "2024Q1": 0,
    "2024Q2": 0,
    "2024Q3": 1,
    "2024Q4": 0,
    "2025Q1": 0,
    "2025Q2": 0,
    "2025Q3": 1.5,
    "2025Q4": 8
  },
  "quantile_3": {
    "2015": 132,
    "2016": 38,
    "2017": 13.25,
    "2018": 1,
    "2019": 1,
    "2020": 0,
    "2021": 1,
    "2022": 0,
    "2023": 0,
    "2024": 3.5,
    "2025": 8.75,
    "2015-01": 136,
    "2015-02": 78,
    "2015-03": 7.5,
    "2015-04": 767,
    "2015-05": 209,
    "2015-06": 281.5,
    "2015-07": 8,
    "2015-08": 90,
    "2015-09": 145,
    "2015-10": 99,
    "2015-11": 0,
    "2015-12": 7,
    "2016-01": 25,
    "2016-02": 0,
    "2016-03": 2.5,
    "2016-04": 54,
    "2016-05": 21,
    "2016-06": 116,
    "2016-07": 24.5,
    "2016-08": 34,
    "2016-09": 204,
    "2016-10": 0,
    "2016-11": 30,
    "2016-12": 12,
    "2017-01": 2.25,
    "2017-02": 64.75,
    "2017-03": 64,
    "2017-04": 14,
    "2017-05": 11,
    "2017-06": 2,
    "2017-07": 53,
    "2017-08": 0,
    "2017-09": 15.5,
    "2017-10": 0,
    "2017-11": 74.5,
    "2017-12": 7,
    "2018-01": 1.5,
    "2018-02": 2.5,
    "2018-03": 0.5,
    "2018-04": 0,
    "2018-05": 2.5,
    "2018-06": 3,
    "2018-07": 0,
    "2018-08": 2,
    "2018-09": 89,
    "2018-10": 4.5,
    "2018-11": 1,
    "2018-12": 2,
    "2019-01": 0,
    "2019-02": 0,
    "2019-03": 0,
    "2019-04": 15,
    "2019-05": 6,
    "2019-06": 0,
    "2019-07": 0,
    "2019-08": 0,
    "2019-09": 7.5,
    "2019-10": 0,
    "2019-11": 0.75,
    "2019-12": 22.75,
    "2020-01": 6,
    "2020-02": 0,
    "2020-03": 13,
    "2020-04": 0,
    "2020-05": 0,
    "2020-06": 0,
    "2020-07": 0,
    "2020-08": 0,
    "2020-09": 0,
    "2020-10": 1,
    "2020-11": 0,
    "2020-12": 16,
    "2021-01": 3.75,
    "2021-02": 0,
    "2021-03": 0,
    "2021-04": 0,
    "2021-05": 1,
    "2021-06": 0,
    "2021-07": 0,
    "2021-08": 0.75,
    "2021-09": 0,
    "2021-10": 18.75,
    "2021-11": 21,
    "2021-12": 13,
    "2022-01": 0,
    "2022-02": 0.5,
    "2022-03": 0,
    "2022-04": 0,
    "2022-05": 15,
    "2022-06": 0,
    "2022-07": 1.5,
    "2022-08": 0,
    "2022-09": 0,
    "2022-10": 20.5,
    "2022-11": 57,
    "2022-12": 1.5,
    "2023-01": 2.25,
    "2023-02": 0.5,
    "2023-03": 4,
    "2023-04": 0.25,
    "2023-05": 0,
    "2023-06": 0,
    "2023-07": 0,
    "2023-08": 0.5,
    "2023-09": 1,
    "2023-10": 0,
    "2023-11": 17.25,
    "2023-12": 0,
    "2024-01": 10,
    "2024-02": 0,
    "2024-03": 2.25,
    "2024-04": 34.5,
    "2024-05": 0,
    "2024-06": 6,
    "2024-07": 2,
    "2024-08": 76.75,
    "2024-10": 10.75,
    "2024-11": 4,
    "2024-12": 0,
    "2025-01": 5,
    "2025-02": 0,
    "2025-03": 22.5,
    "2025-04": 32.25,
    "2025-05": 0,
    "2025-06": 0,
    "2025-07": 27,
    "2025-08": 0,
    "2025-10": 16,
    "2025-11": 0,
    "2015Q1": 45.5,
    "2015Q2": 398,
    "2015Q3": 85.75,
    "2015Q4": 25.5,
    "2016Q1": 11.75,
    "2016Q2": 87,
    "2016Q3": 41,
    "2016Q4": 12,
    "2017Q1": 46,
    "2017Q2": 4.75,
    "2017Q3": 1.75,
    "2017Q4": 21.25,
    "2018Q1": 1.25,
    "2018Q2": 1,
    "2018Q3": 1,
    "2018Q4": 2,
    "2019Q1": 0,
    "2019Q2": 5.75,
    "2019Q3": 0,
    "2019Q4": 1,
    "2020Q1": 1.5,
    "2020Q2": 0,
    "2020Q3": 0,
    "2020Q4": 0.25,
    "2021Q1": 0,
    "2021Q2": 0,
    "2021Q3": 0,
    "2021Q4": 19,
    "2022Q1": 0,
    "2022Q2": 1,
    "2022Q3": 0,
    "2022Q4": 13,
    "2023Q1": 2.5,
    "2023Q2": 0,
    "2023Q3": 0,
    "2023Q4": 0,
    "2024Q1": 2,
    "2024Q2": 0.75,
    "2024Q3": 75.5,
    "2024Q4": 1,
    "2025Q1": 15.5,
    "2025Q2": 0,
    "2025Q3": 11,
    "2025Q4": 12
  },
  "quantile_4": {
    "2015": 1554,
    "2016": 2166,
    "2017": 1852,
    "2018": 1494,
    "2019": 1205,
    "2020": 690,
    "2021": 494,
    "2022": 174,
    "2023": 361,
    "2024": 310,
    "2025": 126,
    "2015-01": 894,
    "2015-02": 1554,
    "2015-03": 973,
    "2015-04": 1511,
    "2015-05": 738,
    "2015-06": 1323,
    "2015-07": 650,
    "2015-08": 593,
    "2015-09": 661,
    "2015-10": 540,
    "2015-11": 794,
    "2015-12": 765,
    "2016-01": 465,
    "2016-02": 467,
    "2016-03": 36,
    "2016-04": 1169,
    "2016-05": 396,
    "2016-06": 409,
    "2016-07": 2166,
    "2016-08": 284,
    "2016-09": 387,
    "2016-10": 29,
    "2016-11": 210,
    "2016-12": 175,
    "2017-01": 113,
    "2017-02": 369,
    "2017-03": 88,
    "2017-04": 73,
    "2017-05": 1852,
    "2017-06": 388,
    "2017-07": 1803,
    "2017-08": 1,
    "2017-09": 149,
    "2017-10": 101,
    "2017-11": 1665,
    "2017-12": 523,
    "2018-01": 31,
    "2018-02": 18,
    "2018-03": 35,
    "2018-04": 825,
    "2018-05": 1494,
    "2018-06": 1473,
    "2018-07": 349,
    "2018-08": 321,
    "2018-09": 257,
    "2018-10": 226,
    "2018-11": 67,
    "2018-12": 162,
    "2019-01": 163,
    "2019-02": 1205,
    "2019-03": 68,
    "2019-04": 44,
    "2019-05": 435,
    "2019-06": 1096,
    "2019-07": 931,
    "2019-08": 13,
    "2019-09": 70,
    "2019-10": 849,
    "2019-11": 89,
    "2019-12": 70,
    "2020-01": 30,
    "2020-02": 47,
    "2020-03": 690,
    "2020-04": 338,
    "2020-05": 56,
    "2020-06": 5,
    "2020-07": 558,
    "2020-08": 73,
    "2020-09": 11,
    "2020-10": 122,
    "2020-11": 3,
    "2020-12": 55,
    "2021-01": 494,
    "2021-02": 20,
    "2021-03": 24,
    "2021-04": 16,
    "2021-05": 78,
    "2021-06": 52,
    "2021-07": 218,
    "2021-08": 298,
    "2021-09": 1,
    "2021-10": 159,
    "2021-11": 43,
    "2021-12": 41,
    "2022-01": 22,
    "2022-02": 62,
    "2022-03": 11,
    "2022-04": 20,
    "2022-05": 34,
    "2022-06": 4,
    "2022-07": 3,
    "2022-08": 174,
    "2022-09": 0,
    "2022-10": 128,
    "2022-11": 86,
    "2022-12": 25,
    "2023-01": 28,
    "2023-02": 47,
    "2023-03": 26,
    "2023-04": 8,
    "2023-05": 1,
    "2023-06": 1,
    "2023-07": 0,
    "2023-08": 9,
    "2023-09": 13,
    "2023-10": 0,
    "2023-11": 361,
    "2023-12": 0,
    "2024-01": 66,
    "2024-02": 41,
    "2024-03": 252,
    "2024-04": 185,
    "2024-05": 0,
    "2024-06": 21,
    "2024-07": 85,
    "2024-08": 89,
    "2024-10": 14,
    "2024-11": 310,
    "2024-12": 0,
    "2025-01": 60,
    "2025-02": 0,
    "2025-03": 27,
    "2025-04": 126,
    "2025-05": 0,
    "2025-06": 0,
    "2025-07": 35,
    "2025-08": 0,
    "2025-10": 16,
    "2025-11": 0,
    "2015Q1": 1554,
    "2015Q2": 1511,
    "2015Q3": 661,
    "2015Q4": 794,
    "2016Q1": 467,
    "2016Q2": 1169,
    "2016Q3": 2166,
    "2016Q4": 210,
    "2017Q1": 369,
    "2017Q2": 1852,
    "2017Q3": 1803,
    "2017Q4": 1665,
    "2018Q1": 35,
    "2018Q2": 1494,
    "2018Q3": 349,
    "2018Q4": 226,
    "2019Q1": 1205,
    "2019Q2": 1096,
    "2019Q3": 931,
    "2019Q4": 849,
    "2020Q1": 690,
    "2020Q2": 338,
    "2020Q3": 558,
    "2020Q4": 122,
    "2021Q1": 494,
    "2021Q2": 78,
    "2021Q3": 298,
    "2021Q4": 159,
    "2022Q1": 62,
    "2022Q2": 34,
    "2022Q3": 174,
    "2022Q4": 128,
    "2023Q1": 47,
    "2023Q2": 8,
    "2023Q3": 13,
    "2023Q4": 361,
    "2024Q1": 252,
    "2024Q2": 185,
    "2024Q3": 89,
    "2024Q4": 310,
    "2025Q1": 60,
    "2025Q2": 126,
    "2025Q3": 35,
    "2025Q4": 16
  }
}