[
  {
    "name": "dev-ai-labs-0",
    "commits": 3,
    "issues_active": 5,
    "response_speed": 57
  },
  {
    "name": "dev-ai-labs-1",
    "commits": 31,
    "issues_active": 4,
    "response_speed": 58
  },
  {
    "name": "dev-ai-labs-2",
    "commits": 9,
    "issues_active": 8,
    "response_speed": 24
  },
  {
    "name": "dev-ai-labs-3",
    "commits": 47,
    "issues_active": 1,
    "response_speed": 26
  },
  {
    "name": "dev-ai-labs-4",
    "commits": 35,
    "issues_active": 15,
    "response_speed": 45
  },
  {
    "name": "dev-ai-labs-5",
    "commits": 47,
    "issues_active": 12,
    "response_speed": 20
  },
  {
    "name": "dev-ai-labs-6",
    "commits": 24,
    "issues_active": 4,
    "response_speed": 50
  },
  {
    "name": "dev-ai-labs-7",
    "commits": 5,
    "issues_active": 4,
    "response_speed": 46
  },
  {
    "name": "dev-ai-labs-8",
    "commits": 25,
    "issues_active": 3,
    "response_speed": 72
  },
  {
    "name": "dev-ai-labs-9",
    "commits": 43,
    "issues_active": 1,
    "response_speed": 19
  },
  {
    "name": "dev-ai-labs-10",
    "commits": 1,
    "issues_active": 2,
    "response_speed": 45
  },
  {
    "name": "dev-ai-labs-11",
    "commits": 38,
    "issues_active": 10,
    "response_speed": 30
  },
  {
    "name": "dev-ai-labs-12",
    "commits": 34,
    "issues_active": 7,
    "response_speed": 62
  },
  {
    "name": "dev-ai-labs-13",
    "commits": 27,
    "issues_active": 4,
    "response_speed": 72
  },
  {
    "name": "dev-ai-labs-14",
    "commits": 11,
    "issues_active": 6,
    "response_speed": 6
  },
  {
    "name": "dev-ai-labs-15",
    "commits": 43,
    "issues_active": 18,
    "response_speed": 51
  },
  {
    "name": "dev-ai-labs-16",
    "commits": 34,
    "issues_active": 16,
    "response_speed": 33
  },
  {
    "name": "dev-ai-labs-17",
    "commits": 36,
    "issues_active": 7,
    "response_speed": 26
  },
  {
    "name": "dev-ai-labs-18",
    "commits": 34,
    "issues_active": 17,
    "response_speed": 16
  },
  {
    "name": "dev-ai-labs-19",
    "commits": 30,
    "issues_active": 14,
    "response_speed": 30
  },
  {
    "name": "dev-ai-labs-20",
    "commits": 29,
    "issues_active": 11,
    "response_speed": 24
  },
  {
    "name": "dev-ai-labs-21",
    "commits": 35,
    "issues_active": 4,
    "response_speed": 28
  },
  {
    "name": "dev-ai-labs-22",
    "commits": 5,
    "issues_active": 12,
    "response_speed": 42
  },
  {
    "name": "dev-ai-labs-23",
    "commits": 9,
    "issues_active": 6,
    "response_speed": 34
  },
  {
    "name": "dev-ai-labs-24",
    "commits": 46,
    "issues_active": 17,
    "response_speed": 26
  },
  {
    "name": "dev-ai-labs-25",
    "commits": 42,
    "issues_active": 19,
    "response_speed": 27
  },
  {
    "name": "dev-ai-labs-26",
    "commits": 50,
    "issues_active": 9,
    "response_speed": 3
  },
  {
    "name": "dev-ai-labs-27",
    "commits": 12,
    "issues_active": 9,
    "response_speed": 21
  },
  {
    "name": "dev-ai-labs-28",
    "commits": 34,
    "issues_active": 15,
    "response_speed": 53
  },
  {
    "name": "dev-ai-labs-29",
    "commits": 19,
    "issues_active": 8,
    "response_speed": 27
  }
]