[
  {
    "name": "dev-mobile-tooling-0",
    "commits": 31,
    "issues_active": 18,
    "response_speed": 15
  },
  {
    "name": "dev-mobile-tooling-1",
    "commits": 44,
    "issues_active": 6,
    "response_speed": 45
  },
  {
    "name": "dev-mobile-tooling-2",
    "commits": 7,
    "issues_active": 16,
    "response_speed": 22
  },
  {
    "name": "dev-mobile-tooling-3",
    "commits": 29,
    "issues_active": 6,
    "response_speed": 63
  },
  {
    "name": "dev-mobile-tooling-4",
    "commits": 42,
    "issues_active": 8,
    "response_speed": 4
  },
  {
    "name": "dev-mobile-tooling-5",
    "commits": 44,
    "issues_active": 13,
    "response_speed": 51
  },
  {
    "name": "dev-mobile-tooling-6",
    "commits": 29,
    "issues_active": 1,
    "response_speed": 46
  },
  {
    "name": "dev-mobile-tooling-7",
    "commits": 44,
    "issues_active": 16,
    "response_speed": 57
  },
  {
    "name": "dev-mobile-tooling-8",
    "commits": 30,
    "issues_active": 3,
    "response_speed": 20
  },
  {
    "name": "dev-mobile-tooling-9",
    "commits": 25,
    "issues_active": 14,
    "response_speed": 55
  },
  {
    "name": "dev-mobile-tooling-10",
    "commits": 19,
    "issues_active": 13,
    "response_speed": 4
  },
  {
    "name": "dev-mobile-tooling-11",
    "commits": 4,
    "issues_active": 1,
    "response_speed": 13
  },
  {
    "name": "dev-mobile-tooling-12",
    "commits": 45,
    "issues_active": 10,
    "response_speed": 4
  },
  {
    "name": "dev-mobile-tooling-13",
    "commits": 9,
    "issues_active": 17,
    "response_speed": 67
  },
  {
    "name": "dev-mobile-tooling-14",
    "commits": 37,
    "issues_active": 1,
    "response_speed": 60
  },
  {
    "name": "dev-mobile-tooling-15",
    "commits": 2,
    "issues_active": 2,
    "response_speed": 49
  },
  {
    "name": "dev-mobile-tooling-16",
    "commits": 1,
    "issues_active": 16,
    "response_speed": 21
  },
  {
    "name": "dev-mobile-tooling-17",
    "commits": 21,
    "issues_active": 1,
    "response_speed": 64
  },
  {
    "name": "dev-mobile-tooling-18",
    "commits": 34,
    "issues_active": 20,
    "response_speed": 13
  },
  {
    "name": "dev-mobile-tooling-19",
    "commits": 11,
    "issues_active": 14,
    "response_speed": 11
  },
  {
    "name": "dev-mobile-tooling-20",
    "commits": 39,
    "issues_active": 0,
    "response_speed": 43
  },
  {
    "name": "dev-mobile-tooling-21",
    "commits": 23,
    "issues_active": 4,
    "response_speed": 67
  },
  {
    "name": "dev-mobile-tooling-22",
    "commits": 26,
    "issues_active": 18,
    "response_speed": 26
  },
  {
    "name": "dev-mobile-tooling-23",
    "commits": 49,
    "issues_active": 7,
    "response_speed": 7
  },
  {
    "name": "dev-mobile-tooling-24",
    "commits": 14,
    "issues_active": 6,
    "response_speed": 47
  },
  {
    "name": "dev-mobile-tooling-25",
    "commits": 50,
    "issues_active": 10,
    "response_speed": 54
  },
  {
    "name": "dev-mobile-tooling-26",
    "commits": 21,
    "issues_active": 9,
    "response_speed": 48
  },
  {
    "name": "dev-mobile-tooling-27",
    "commits": 34,
    "issues_active": 18,
    "response_speed": 50
  },
  {
    "name": "dev-mobile-tooling-28",
    "commits": 37,
    "issues_active": 6,
    "response_speed": 65
  },
  {
    "name": "dev-mobile-tooling-29",
    "commits": 25,
    "issues_active": 15,
    "response_speed": 10
  },
  {
    "name": "dev-mobile-tooling-30",
    "commits": 44,
    "issues_active": 8,
    "response_speed": 37
  },
  {
    "name": "dev-mobile-tooling-31",
    "commits": 50,
    "issues_active": 4,
    "response_speed": 23
  },
  {
    "name": "dev-mobile-tooling-32",
    "commits": 46,
    "issues_active": 0,
    "response_speed": 44
  },
  {
    "name": "dev-mobile-tooling-33",
    "commits": 27,
    "issues_active": 6,
    "response_speed": 11
  },
  {
    "name": "dev-mobile-tooling-34",
    "commits": 28,
    "issues_active": 8,
    "response_speed": 14
  }
]