[
  {
    "name": "dev-iot-edge-0",
    "commits": 17,
    "issues_active": 13,
    "response_speed": 9
  },
  {
    "name": "dev-iot-edge-1",
    "commits": 4,
    "issues_active": 12,
    "response_speed": 20
  },
  {
    "name": "dev-iot-edge-2",
    "commits": 7,
    "issues_active": 15,
    "response_speed": 6
  },
  {
    "name": "dev-iot-edge-3",
    "commits": 33,
    "issues_active": 18,
    "response_speed": 61
  },
  {
    "name": "dev-iot-edge-4",
    "commits": 37,
    "issues_active": 9,
    "response_speed": 19
  },
  {
    "name": "dev-iot-edge-5",
    "commits": 49,
    "issues_active": 13,
    "response_speed": 42
  },
  {
    "name": "dev-iot-edge-6",
    "commits": 15,
    "issues_active": 12,
    "response_speed": 55
  },
  {
    "name": "dev-iot-edge-7",
    "commits": 20,
    "issues_active": 3,
    "response_speed": 45
  },
  {
    "name": "dev-iot-edge-8",
    "commits": 35,
    "issues_active": 16,
    "response_speed": 9
  },
  {
    "name": "dev-iot-edge-9",
    "commits": 5,
    "issues_active": 0,
    "response_speed": 66
  },
  {
    "name": "dev-iot-edge-10",
    "commits": 39,
    "issues_active": 8,
    "response_speed": 5
  },
  {
    "name": "dev-iot-edge-11",
    "commits": 37,
    "issues_active": 1,
    "response_speed": 13
  },
  {
    "name": "dev-iot-edge-12",
    "commits": 4,
    "issues_active": 6,
    "response_speed": 2
  },
  {
    "name": "dev-iot-edge-13",
    "commits": 21,
    "issues_active": 9,
    "response_speed": 63
  },
  {
    "name": "dev-iot-edge-14",
    "commits": 7,
    "issues_active": 7,
    "response_speed": 33
  },
  {
    "name": "dev-iot-edge-15",
    "commits": 2,
    "issues_active": 8,
    "response_speed": 32
  },
  {
    "name": "dev-iot-edge-16",
    "commits": 23,
    "issues_active": 19,
    "response_speed": 28
  },
  {
    "name": "dev-iot-edge-17",
    "commits": 15,
    "issues_active": 12,
    "response_speed": 25
  },
  {
    "name": "dev-iot-edge-18",
    "commits": 13,
    "issues_active": 12,
    "response_speed": 54
  },
  {
    "name": "dev-iot-edge-19",
    "commits": 15,
    "issues_active": 19,
    "response_speed": 72
  },
  {
    "name": "dev-iot-edge-20",
    "commits": 48,
    "issues_active": 15,
    "response_speed": 62
  }
]