[
  {
    "name": "dev-ai-labs-0",
    "commits": 50,
    "issues_active": 12,
    "response_speed": 24
  },
  {
    "name": "dev-ai-labs-1",
    "commits": 13,
    "issues_active": 9,
    "response_speed": 60
  },
  {
    "name": "dev-ai-labs-2",
    "commits": 23,
    "issues_active": 4,
    "response_speed": 31
  },
  {
    "name": "dev-ai-labs-3",
    "commits": 40,
    "issues_active": 15,
    "response_speed": 66
  },
  {
    "name": "dev-ai-labs-4",
    "commits": 28,
    "issues_active": 10,
    "response_speed": 23
  },
  {
    "name": "dev-ai-labs-5",
    "commits": 7,
    "issues_active": 14,
    "response_speed": 60
  },
  {
    "name": "dev-ai-labs-6",
    "commits": 5,
    "issues_active": 20,
    "response_speed": 51
  },
  {
    "name": "dev-ai-labs-7",
    "commits": 39,
    "issues_active": 3,
    "response_speed": 60
  },
  {
    "name": "dev-ai-labs-8",
    "commits": 5,
    "issues_active": 18,
    "response_speed": 7
  },
  {
    "name": "dev-ai-labs-9",
    "commits": 44,
    "issues_active": 0,
    "response_speed": 32
  },
  {
    "name": "dev-ai-labs-10",
    "commits": 46,
    "issues_active": 15,
    "response_speed": 33
  },
  {
    "name": "dev-ai-labs-11",
    "commits": 21,
    "issues_active": 6,
    "response_speed": 46
  },
  {
    "name": "dev-ai-labs-12",
    "commits": 14,
    "issues_active": 1,
    "response_speed": 33
  },
  {
    "name": "dev-ai-labs-13",
    "commits": 20,
    "issues_active": 11,
    "response_speed": 28
  },
  {
    "name": "dev-ai-labs-14",
    "commits": 7,
    "issues_active": 18,
    "response_speed": 46
  },
  {
    "name": "dev-ai-labs-15",
    "commits": 7,
    "issues_active": 6,
    "response_speed": 38
  },
  {
    "name": "dev-ai-labs-16",
    "commits": 49,
    "issues_active": 0,
    "response_speed": 23
  },
  {
    "name": "dev-ai-labs-17",
    "commits": 50,
    "issues_active": 15,
    "response_speed": 64
  },
  {
    "name": "dev-ai-labs-18",
    "commits": 22,
    "issues_active": 11,
    "response_speed": 49
  },
  {
    "name": "dev-ai-labs-19",
    "commits": 13,
    "issues_active": 1,
    "response_speed": 59
  },
  {
    "name": "dev-ai-labs-20",
    "commits": 8,
    "issues_active": 3,
    "response_speed": 23
  },
  {
    "name": "dev-ai-labs-21",
    "commits": 24,
    "issues_active": 6,
    "response_speed": 44
  },
  {
    "name": "dev-ai-labs-22",
    "commits": 17,
    "issues_active": 7,
    "response_speed": 70
  },
  {
    "name": "dev-ai-labs-23",
    "commits": 35,
    "issues_active": 2,
    "response_speed": 24
  },
  {
    "name": "dev-ai-labs-24",
    "commits": 13,
    "issues_active": 9,
    "response_speed": 4
  },
  {
    "name": "dev-ai-labs-25",
    "commits": 9,
    "issues_active": 8,
    "response_speed": 10
  },
  {
    "name": "dev-ai-labs-26",
    "commits": 34,
    "issues_active": 7,
    "response_speed": 24
  },
  {
    "name": "dev-ai-labs-27",
    "commits": 45,
    "issues_active": 16,
    "response_speed": 23
  },
  {
    "name": "dev-ai-labs-28",
    "commits": 36,
    "issues_active": 3,
    "response_speed": 6
  },
  {
    "name": "dev-ai-labs-29",
    "commits": 32,
    "issues_active": 12,
    "response_speed": 46
  },
  {
    "name": "dev-ai-labs-30",
    "commits": 29,
    "issues_active": 20,
    "response_speed": 18
  },
  {
    "name": "dev-ai-labs-31",
    "commits": 16,
    "issues_active": 3,
    "response_speed": 21
  },
  {
    "name": "dev-ai-labs-32",
    "commits": 14,
    "issues_active": 1,
    "response_speed": 4
  },
  {
    "name": "dev-ai-labs-33",
    "commits": 31,
    "issues_active": 13,
    "response_speed": 6
  },
  {
    "name": "dev-ai-labs-34",
    "commits": 13,
    "issues_active": 12,
    "response_speed": 36
  },
  {
    "name": "dev-ai-labs-35",
    "commits": 44,
    "issues_active": 3,
    "response_speed": 68
  },
  {
    "name": "dev-ai-labs-36",
    "commits": 19,
    "issues_active": 15,
    "response_speed": 8
  }
]