[
  {
    "name": "dev-ai-labs-0",
    "commits": 29,
    "issues_active": 6,
    "response_speed": 17
  },
  {
    "name": "dev-ai-labs-1",
    "commits": 29,
    "issues_active": 19,
    "response_speed": 15
  },
  {
    "name": "dev-ai-labs-2",
    "commits": 4,
    "issues_active": 13,
    "response_speed": 50
  },
  {
    "name": "dev-ai-labs-3",
    "commits": 13,
    "issues_active": 10,
    "response_speed": 37
  },
  {
    "name": "dev-ai-labs-4",
    "commits": 25,
    "issues_active": 11,
    "response_speed": 48
  },
  {
    "name": "dev-ai-labs-5",
    "commits": 35,
    "issues_active": 3,
    "response_speed": 44
  }
]