[
  {
    "name": "dev-mobile-tooling-0",
    "commits": 954,
    "issues_active": 2,
    "response_speed": 68
  },
  {
    "name": "dev-mobile-tooling-1",
    "commits": 981,
    "issues_active": 19,
    "response_speed": 31
  },
  {
    "name": "dev-mobile-tooling-2",
    "commits": 35,
    "issues_active": 12,
    "response_speed": 12
  },
  {
    "name": "dev-mobile-tooling-3",
    "commits": 25,
    "issues_active": 1,
    "response_speed": 27
  },
  {
    "name": "dev-mobile-tooling-4",
    "commits": 38,
    "issues_active": 12,
    "response_speed": 63
  },
  {
    "name": "dev-mobile-tooling-5",
    "commits": 40,
    "issues_active": 12,
    "response_speed": 60
  },
  {
    "name": "dev-mobile-tooling-6",
    "commits": 26,
    "issues_active": 18,
    "response_speed": 55
  },
  {
    "name": "dev-mobile-tooling-7",
    "commits": 21,
    "issues_active": 8,
    "response_speed": 10
  },
  {
    "name": "dev-mobile-tooling-8",
    "commits": 11,
    "issues_active": 6,
    "response_speed": 5
  },
  {
    "name": "dev-mobile-tooling-9",
    "commits": 21,
    "issues_active": 6,
    "response_speed": 32
  },
  {
    "name": "dev-mobile-tooling-10",
    "commits": 30,
    "issues_active": 2,
    "response_speed": 41
  },
  {
    "name": "dev-mobile-tooling-11",
    "commits": 42,
    "issues_active": 15,
    "response_speed": 46
  },
  {
    "name": "dev-mobile-tooling-12",
    "commits": 39,
    "issues_active": 11,
    "response_speed": 22
  }
]